Machine_Serial_No,Snapshot_Date,HMR,Coolant_Temp_Avg_C,Coolant_Temp_Max_C,Coolant_7Day_Trend_C_Per_Day,Engine_Load_Pct,Ambient_Temp_C,Recent_Cooling_Alerts_7D,Conventional_Alarm_Flag,Target_Cooling_Risk_Next_24H,ML_Risk_Probability,ML_Risk_Pct,ML_Predicted_Risk,ML_Risk_Level
XYZ20T100001,2026-07-16,15273.1,86.11,90.32,-0.21,74.38,26.77,0,0,0,0.0,0.0,0,LOW
XYZ20T100015,2026-07-16,8970.9,82.28,87.52,0.103,61.11,30.76,0,0,0,0.0,0.0,0,LOW
XYZ20T100025,2026-07-16,2751.7,78.67,84.64,-1.962,41.0,32.1,0,0,0,0.0,0.0,0,LOW
XYZ20T100032,2026-07-16,10998.3,80.52,86.32,-0.066,43.7,32.91,0,0,0,0.0,0.0,0,LOW
XYZ20T100034,2026-07-16,6989.1,83.16,89.16,-0.26,43.76,34.88,0,0,0,0.0,0.0,0,LOW
XYZ20T100046,2026-07-16,4774.2,86.49,92.87,-0.308,69.92,37.22,0,0,0,0.0,0.0,0,LOW
XYZ20T100047,2026-07-16,2816.8,86.67,92.58,-0.062,47.12,42.91,0,0,0,0.0,0.0,0,LOW
XYZ20T100053,2026-07-16,12959.2,83.28,89.85,0.284,54.91,39.31,0,0,0,0.0,0.0,0,LOW
XYZ20T100054,2026-07-16,13638.6,77.82,84.8,-0.138,60.13,26.9,0,0,0,0.0,0.0,0,LOW
XYZ20T100056,2026-07-16,15372.1,90.15,100.19,1.364,66.36,48.0,0,0,1,0.8425,84.3,1,CRITICAL
XYZ20T100066,2026-07-16,10019.7,77.75,82.75,0.2,57.3,36.25,0,0,0,0.0,0.0,0,LOW
XYZ20T100070,2026-07-16,12395.8,77.75,84.37,0.091,42.32,25.28,0,0,0,0.0,0.0,0,LOW
XYZ20T100076,2026-07-16,4561.7,78.64,84.41,-0.215,47.79,47.3,0,0,0,0.0,0.0,0,LOW
XYZ20T100083,2026-07-16,8262.0,80.29,84.49,-0.013,44.38,26.08,0,0,0,0.0,0.0,0,LOW
XYZ20T100091,2026-07-16,12888.1,81.41,87.53,0.348,68.56,34.16,0,0,0,0.0,0.0,0,LOW
XYZ20T100096,2026-07-16,1980.3,78.69,82.44,-0.226,47.83,27.22,0,0,0,0.0,0.0,0,LOW
XYZ20T100105,2026-07-16,8001.4,83.4,89.95,0.33,74.61,35.5,0,0,0,0.0,0.0,0,LOW
XYZ20T100110,2026-07-16,7688.2,80.73,86.15,-0.711,48.03,38.9,0,0,0,0.0,0.0,0,LOW
XYZ20T100112,2026-07-16,14420.8,86.28,92.98,0.18,60.16,33.71,0,0,0,0.0,0.0,0,LOW
XYZ20T100128,2026-07-16,13578.9,82.88,87.26,0.349,56.05,36.7,0,0,0,0.0,0.0,0,LOW
XYZ20T100138,2026-07-16,9660.3,84.75,88.71,-0.373,56.51,41.82,0,0,0,0.0,0.0,0,LOW
XYZ20T100143,2026-07-16,3698.2,87.12,90.13,0.108,67.15,32.92,0,0,0,0.0,0.0,0,LOW
XYZ20T100145,2026-07-16,9277.3,81.48,86.16,0.17,58.78,35.67,0,0,0,0.0,0.0,0,LOW
XYZ20T100148,2026-07-16,3681.5,86.85,93.55,-0.026,62.07,29.42,0,0,0,0.0,0.0,0,LOW
XYZ20T100153,2026-07-16,14545.8,78.45,84.7,0.205,54.43,35.37,0,0,0,0.0,0.0,0,LOW
XYZ20T100156,2026-07-16,4726.8,85.63,89.58,-0.028,53.15,39.07,0,0,0,0.0,0.0,0,LOW
XYZ20T100166,2026-07-16,2840.7,77.62,83.59,-0.209,56.25,30.5,0,0,0,0.0,0.0,0,LOW
XYZ20T100174,2026-07-16,23515.6,81.61,85.61,0.354,66.06,35.89,0,0,0,0.0,0.0,0,LOW
XYZ20T100177,2026-07-16,1148.1,84.11,90.41,0.257,65.9,24.73,0,0,0,0.0,0.0,0,LOW
XYZ20T100178,2026-07-16,20675.2,87.88,92.65,0.562,68.46,42.7,0,0,0,0.0032,0.3,0,LOW
XYZ20T100179,2026-07-16,1330.6,87.85,92.14,0.499,68.59,41.85,0,0,0,0.0,0.0,0,LOW
XYZ20T100181,2026-07-16,19285.9,86.27,90.52,0.15,75.85,31.55,0,0,0,0.0,0.0,0,LOW
XYZ20T100182,2026-07-16,18582.6,87.2,91.71,0.464,89.96,35.29,0,0,0,0.0,0.0,0,LOW
XYZ20T100187,2026-07-16,14928.8,80.52,83.52,-0.125,65.09,28.88,0,0,0,0.0,0.0,0,LOW
XYZ20T100188,2026-07-16,16397.2,82.17,85.41,0.315,60.32,29.66,0,0,0,0.0,0.0,0,LOW
XYZ20T100192,2026-07-16,21436.3,87.12,91.85,0.065,63.59,28.58,0,0,0,0.0,0.0,0,LOW
XYZ20T100196,2026-07-16,3794.7,81.14,86.24,-0.33,57.81,33.85,0,0,0,0.0,0.0,0,LOW
XYZ20T100198,2026-07-16,1831.6,78.8,82.87,-0.068,63.77,30.34,0,0,0,0.0,0.0,0,LOW
XYZ20T100200,2026-07-16,4097.3,84.35,88.71,-0.02,50.79,41.28,0,0,0,0.0,0.0,0,LOW
XYZ20T100207,2026-07-16,6872.6,80.01,85.48,0.065,60.16,29.25,0,0,0,0.0,0.0,0,LOW
XYZ20T100215,2026-07-16,7245.8,80.21,83.49,0.025,49.84,38.44,0,0,0,0.0,0.0,0,LOW
XYZ20T100243,2026-07-16,8556.4,78.99,83.7,-0.023,71.46,28.97,0,0,0,0.0,0.0,0,LOW
XYZ20T100244,2026-07-16,3351.2,79.34,83.37,0.013,60.24,25.17,0,0,0,0.0,0.0,0,LOW
XYZ20T100250,2026-07-16,7090.2,80.55,87.16,0.195,84.31,36.17,0,0,0,0.0,0.0,0,LOW
XYZ20T100255,2026-07-16,4708.3,82.42,85.78,-0.281,70.33,32.39,0,0,0,0.0,0.0,0,LOW
XYZ20T100258,2026-07-16,9435.4,82.03,87.58,0.543,79.38,24.98,0,0,0,0.0,0.0,0,LOW
XYZ20T100260,2026-07-16,15767.8,83.07,88.23,0.099,67.17,30.03,0,0,0,0.0,0.0,0,LOW
XYZ20T100261,2026-07-16,16347.0,85.75,91.3,-0.203,63.61,34.38,0,0,0,0.0,0.0,0,LOW
XYZ20T100270,2026-07-16,6048.3,82.31,88.48,0.362,69.83,28.8,0,0,0,0.0,0.0,0,LOW
XYZ20T100274,2026-07-16,7464.4,80.56,85.52,-0.315,48.84,30.81,0,0,0,0.0,0.0,0,LOW
XYZ20T100293,2026-07-16,4499.4,76.99,81.54,-0.494,60.4,37.24,0,0,0,0.0,0.0,0,LOW
XYZ20T100295,2026-07-16,775.3,83.88,87.28,0.289,71.1,38.8,0,0,0,0.0,0.0,0,LOW
XYZ20T100299,2026-07-16,19860.4,86.0,92.35,-1.08,73.94,26.51,0,0,0,0.0,0.0,0,LOW
XYZ20T100301,2026-07-16,18713.5,79.09,82.51,0.563,57.32,30.83,0,0,0,0.0,0.0,0,LOW
XYZ20T100303,2026-07-16,24913.4,81.04,84.64,0.061,55.9,36.1,0,0,0,0.0,0.0,0,LOW
XYZ20T100304,2026-07-16,11018.0,85.9,92.34,-0.348,66.57,28.56,0,0,0,0.0,0.0,0,LOW
XYZ20T100306,2026-07-16,12480.1,85.01,88.65,-1.009,68.29,31.72,0,0,0,0.0,0.0,0,LOW
XYZ20T100320,2026-07-16,781.0,81.48,84.94,0.009,56.6,33.85,0,0,0,0.0,0.0,0,LOW
XYZ20T100324,2026-07-16,12969.6,86.16,92.41,0.003,88.57,31.31,0,0,0,0.0,0.0,0,LOW
XYZ20T100327,2026-07-16,1659.0,77.38,83.93,-0.182,44.95,38.07,0,0,0,0.0,0.0,0,LOW
XYZ20T100328,2026-07-16,17255.5,88.13,92.03,0.23,69.78,38.06,0,0,0,0.0,0.0,0,LOW
XYZ20T100329,2026-07-16,3355.4,81.82,85.33,-0.201,60.62,41.13,0,0,0,0.0,0.0,0,LOW
XYZ20T100331,2026-07-16,24846.3,85.16,90.36,-0.428,56.94,39.31,0,0,0,0.0,0.0,0,LOW
XYZ20T100332,2026-07-16,24885.3,80.26,85.32,-0.483,56.89,37.93,0,0,0,0.0,0.0,0,LOW
XYZ20T100338,2026-07-16,6514.5,77.69,82.47,-0.199,58.09,33.82,0,0,0,0.0,0.0,0,LOW
XYZ20T100339,2026-07-16,2938.9,87.78,94.18,0.308,64.68,35.02,0,0,0,0.0,0.0,0,LOW
XYZ20T100350,2026-07-16,10873.1,85.31,90.51,0.313,62.76,33.36,0,0,0,0.0,0.0,0,LOW
XYZ20T100361,2026-07-16,17426.7,79.65,82.97,-0.405,50.39,30.18,0,0,0,0.0,0.0,0,LOW
XYZ20T100371,2026-07-16,10107.7,88.09,95.87,0.978,58.67,38.06,0,0,0,0.4671,46.7,1,MODERATE
XYZ20T100373,2026-07-16,13682.6,77.94,84.76,0.029,53.64,32.81,0,0,0,0.0,0.0,0,LOW
XYZ20T100377,2026-07-16,12292.1,85.93,90.21,0.064,70.37,25.25,0,0,0,0.0,0.0,0,LOW
XYZ20T100379,2026-07-16,8470.3,82.96,86.05,0.477,69.41,40.14,0,0,0,0.0,0.0,0,LOW
XYZ20T100380,2026-07-16,7498.8,78.62,81.76,0.079,51.02,37.45,0,0,0,0.0,0.0,0,LOW
XYZ20T100382,2026-07-16,12250.4,87.83,96.74,0.984,63.27,27.86,0,0,0,0.3758,37.6,1,MODERATE
XYZ20T100392,2026-07-16,15061.4,91.24,97.02,1.739,65.85,36.78,0,0,0,0.9081,90.8,1,CRITICAL
XYZ20T100399,2026-07-16,4650.0,81.82,87.59,0.414,83.83,47.97,0,0,0,0.0,0.0,0,LOW
XYZ20T100401,2026-07-16,10704.2,92.08,100.67,1.223,69.28,29.63,0,0,0,0.8295,83.0,1,CRITICAL
XYZ20T100412,2026-07-16,1982.6,78.73,82.43,-0.026,33.01,33.18,0,0,0,0.0,0.0,0,LOW
XYZ20T100416,2026-07-16,2889.3,76.87,80.66,-0.315,36.27,40.67,0,0,0,0.0,0.0,0,LOW
XYZ20T100418,2026-07-16,7457.5,87.76,93.87,0.743,71.06,26.35,0,0,0,0.0648,6.5,0,LOW
XYZ20T100419,2026-07-16,7478.0,92.93,99.82,0.548,69.4,37.17,0,0,0,0.2102,21.0,0,LOW
XYZ20T100424,2026-07-16,16324.5,80.33,86.15,0.086,69.38,36.06,0,0,0,0.0,0.0,0,LOW
XYZ20T100427,2026-07-16,1683.5,86.16,91.99,0.343,61.5,34.72,0,0,0,0.0,0.0,0,LOW
XYZ20T100430,2026-07-16,13548.6,84.11,90.89,0.23,69.22,40.98,0,0,0,0.0,0.0,0,LOW
XYZ20T100432,2026-07-16,678.3,86.12,90.06,-0.163,46.73,38.74,0,0,0,0.0,0.0,0,LOW
XYZ20T100436,2026-07-16,3785.8,84.13,88.42,0.162,57.34,28.38,0,0,0,0.0,0.0,0,LOW
XYZ20T100440,2026-07-16,15376.4,79.26,84.03,0.143,49.98,33.74,0,0,0,0.0,0.0,0,LOW
XYZ20T100447,2026-07-16,6989.5,87.56,92.54,0.029,69.87,36.35,0,0,0,0.0,0.0,0,LOW
XYZ20T100449,2026-07-16,12464.9,82.6,89.05,0.364,55.38,32.62,0,0,0,0.0,0.0,0,LOW
XYZ20T100450,2026-07-16,6517.9,83.85,88.11,-0.173,56.63,28.85,0,0,0,0.0,0.0,0,LOW
XYZ20T100452,2026-07-16,9986.7,93.3,99.67,1.167,56.95,34.36,0,0,0,0.9511,95.1,1,CRITICAL
XYZ20T100457,2026-07-16,4919.7,75.46,81.89,-0.199,57.98,27.73,0,0,0,0.0,0.0,0,LOW
XYZ20T100458,2026-07-16,4090.8,78.94,82.95,0.233,60.58,31.39,0,0,0,0.0,0.0,0,LOW
XYZ20T100462,2026-07-16,4228.9,91.28,96.01,0.078,74.71,31.35,0,0,0,0.0,0.0,0,LOW
XYZ20T100468,2026-07-16,7019.3,87.29,91.29,0.14,52.31,31.44,0,0,0,0.0,0.0,0,LOW
XYZ20T100469,2026-07-16,8251.2,80.51,86.26,-0.529,57.11,41.17,0,0,0,0.0,0.0,0,LOW
XYZ20T100475,2026-07-16,14582.0,88.66,91.76,0.28,46.49,34.64,0,0,0,0.0,0.0,0,LOW
XYZ20T100477,2026-07-16,5544.3,76.79,81.55,-0.132,50.57,32.87,0,0,0,0.0,0.0,0,LOW
XYZ20T100483,2026-07-16,22474.7,83.36,86.59,-0.342,47.62,42.53,0,0,0,0.0,0.0,0,LOW
XYZ20T100491,2026-07-16,8835.6,79.18,84.24,-0.016,56.52,31.65,0,0,0,0.0,0.0,0,LOW
XYZ20T100498,2026-07-16,24905.7,83.46,87.12,-0.068,32.85,37.29,0,0,0,0.0,0.0,0,LOW
XYZ20T100499,2026-07-16,15733.3,79.58,83.82,0.044,38.22,39.26,0,0,0,0.0,0.0,0,LOW
XYZ20T100500,2026-07-16,1416.0,89.29,95.13,-0.221,40.43,37.5,0,0,0,0.0,0.0,0,LOW
XYZ20T100503,2026-07-16,11155.7,86.05,92.11,0.125,69.97,36.3,0,0,0,0.0,0.0,0,LOW
XYZ20T100507,2026-07-16,5484.6,78.68,83.6,-0.307,59.29,39.93,0,0,0,0.0,0.0,0,LOW
XYZ20T100517,2026-07-16,7888.0,83.2,89.59,0.351,64.14,36.91,0,0,0,0.0,0.0,0,LOW
XYZ20T100528,2026-07-16,15070.4,80.61,86.11,-0.228,66.1,28.86,0,0,0,0.0,0.0,0,LOW
XYZ20T100529,2026-07-16,16263.7,83.4,89.54,0.342,55.3,31.68,0,0,0,0.0,0.0,0,LOW
XYZ20T100533,2026-07-16,1860.4,86.32,91.17,-0.164,70.45,38.23,0,0,0,0.0,0.0,0,LOW
XYZ20T100537,2026-07-16,23155.9,79.72,83.26,0.212,65.66,32.96,0,0,0,0.0,0.0,0,LOW
XYZ20T100541,2026-07-16,12992.6,79.49,84.35,-0.284,71.83,31.27,0,0,0,0.0,0.0,0,LOW
XYZ20T100551,2026-07-16,12965.8,80.45,86.71,-0.134,56.4,37.59,0,0,0,0.0,0.0,0,LOW
XYZ20T100552,2026-07-16,3380.0,81.6,85.4,0.315,50.92,39.86,0,0,0,0.0,0.0,0,LOW
XYZ20T100556,2026-07-16,11042.8,81.25,86.84,0.169,78.67,30.3,0,0,0,0.0,0.0,0,LOW
XYZ20T100557,2026-07-16,8802.8,90.01,94.93,-0.843,57.65,38.74,0,0,0,0.0033,0.3,0,LOW
XYZ20T100560,2026-07-16,753.4,78.91,83.07,-0.117,63.22,30.54,0,0,0,0.0,0.0,0,LOW
XYZ20T100569,2026-07-16,9637.6,78.71,85.43,-0.34,63.48,35.11,0,0,0,0.0,0.0,0,LOW
XYZ20T100573,2026-07-16,2610.8,87.99,96.29,1.139,67.06,35.53,0,0,1,0.5605,56.1,1,HIGH
XYZ20T100580,2026-07-16,6933.4,85.89,92.15,0.054,77.59,31.03,0,0,0,0.0,0.0,0,LOW
XYZ20T100581,2026-07-16,11267.0,82.91,88.29,0.016,52.27,38.13,0,0,0,0.0,0.0,0,LOW
XYZ20T100583,2026-07-16,14336.2,88.31,91.74,0.333,74.0,39.34,0,0,0,0.0,0.0,0,LOW
XYZ20T100586,2026-07-16,11171.9,82.0,87.58,-1.548,46.42,36.6,0,0,0,0.0,0.0,0,LOW
XYZ20T100591,2026-07-16,13981.1,86.87,93.43,0.177,37.58,41.93,0,0,0,0.0,0.0,0,LOW
XYZ20T100592,2026-07-16,24063.6,84.32,89.76,-0.283,58.51,33.93,0,0,0,0.0,0.0,0,LOW
XYZ20T100594,2026-07-16,12353.3,82.62,86.48,0.179,68.89,30.06,0,0,0,0.0,0.0,0,LOW
XYZ20T100595,2026-07-16,7904.8,82.65,88.95,-0.444,54.94,28.75,0,0,0,0.0,0.0,0,LOW
XYZ20T100597,2026-07-16,2448.1,80.15,85.46,-0.447,46.58,38.21,0,0,0,0.0,0.0,0,LOW
XYZ20T100600,2026-07-16,19833.6,82.1,86.66,-0.19,68.58,34.68,0,0,0,0.0,0.0,0,LOW
XYZ20T100604,2026-07-16,4191.3,77.81,81.71,-0.081,53.52,36.38,0,0,0,0.0,0.0,0,LOW
XYZ20T100610,2026-07-16,18770.3,82.03,85.8,0.085,77.29,26.84,0,0,0,0.0,0.0,0,LOW
XYZ20T100621,2026-07-16,8342.0,94.02,102.87,0.523,68.81,35.2,0,0,0,0.3884,38.8,1,MODERATE
XYZ20T100624,2026-07-16,5249.6,83.87,86.94,0.303,61.1,32.6,0,0,0,0.0,0.0,0,LOW
XYZ20T100625,2026-07-16,6988.1,87.16,93.58,1.314,60.73,36.51,0,0,0,0.1606,16.1,0,LOW
XYZ20T100630,2026-07-16,6156.3,86.33,92.68,0.241,82.62,29.07,0,0,0,0.0,0.0,0,LOW
XYZ20T100633,2026-07-16,2758.7,79.52,85.28,0.396,71.6,32.96,0,0,0,0.0,0.0,0,LOW
XYZ20T100636,2026-07-16,13010.4,79.18,85.55,-0.096,69.34,28.16,0,0,0,0.0,0.0,0,LOW
XYZ20T100641,2026-07-16,14846.4,83.8,89.33,-0.371,51.26,26.96,0,0,0,0.0,0.0,0,LOW
XYZ20T100643,2026-07-16,4189.9,77.49,84.32,-0.217,51.22,30.27,0,0,0,0.0,0.0,0,LOW
XYZ20T100652,2026-07-16,517.1,88.17,95.01,0.283,83.85,30.76,0,0,0,0.0066,0.7,0,LOW
XYZ20T100656,2026-07-16,15846.2,82.14,85.51,-0.749,56.97,29.37,0,0,0,0.0,0.0,0,LOW
XYZ20T100662,2026-07-16,17095.1,83.96,87.89,-2.09,61.3,30.54,0,0,0,0.0,0.0,0,LOW
XYZ20T100675,2026-07-16,9976.6,91.39,98.61,1.452,56.26,36.85,0,0,1,0.7142,71.4,1,HIGH
XYZ20T100676,2026-07-16,18227.7,85.23,90.43,0.442,59.42,32.86,0,0,0,0.0,0.0,0,LOW
XYZ20T100684,2026-07-16,5601.5,82.18,88.49,-0.043,61.04,41.65,0,0,0,0.0,0.0,0,LOW
XYZ20T100685,2026-07-16,1581.4,81.71,84.9,0.16,66.22,40.25,0,0,0,0.0,0.0,0,LOW
XYZ20T100704,2026-07-16,8711.6,79.14,85.31,-0.029,48.68,29.0,0,0,0,0.0,0.0,0,LOW
XYZ20T100712,2026-07-16,458.4,84.6,88.07,-0.082,51.72,27.2,0,0,0,0.0,0.0,0,LOW
XYZ20T100714,2026-07-16,19023.7,85.75,92.16,0.385,54.47,36.7,0,0,0,0.0,0.0,0,LOW
XYZ20T100716,2026-07-16,5991.2,77.95,81.76,-0.141,65.65,34.21,0,0,0,0.0,0.0,0,LOW
XYZ20T100724,2026-07-16,4499.7,77.95,84.01,-1.387,43.47,39.64,0,0,0,0.0,0.0,0,LOW
XYZ20T100726,2026-07-16,6272.7,84.74,90.61,0.008,61.64,38.64,0,0,0,0.0,0.0,0,LOW
XYZ20T100730,2026-07-16,5729.3,85.1,90.43,-0.313,66.52,20.0,0,0,0,0.0,0.0,0,LOW
XYZ20T100740,2026-07-16,12383.3,82.37,86.15,0.041,41.86,39.39,0,0,0,0.0,0.0,0,LOW
XYZ20T100747,2026-07-16,1582.0,84.44,90.23,-1.545,69.76,32.5,0,0,0,0.0,0.0,0,LOW
XYZ20T100759,2026-07-16,11394.7,84.12,87.64,-0.343,47.26,30.33,0,0,0,0.0,0.0,0,LOW
XYZ20T100764,2026-07-16,19171.9,85.87,90.5,0.606,58.13,41.7,0,0,0,0.0,0.0,0,LOW
XYZ20T100766,2026-07-16,19693.0,81.61,86.21,0.224,67.36,28.57,0,0,0,0.0,0.0,0,LOW
XYZ20T100773,2026-07-16,16890.8,78.96,82.87,-0.301,57.6,33.32,0,0,0,0.0,0.0,0,LOW
XYZ20T100778,2026-07-16,821.2,81.53,85.07,-0.111,55.87,32.96,0,0,0,0.0,0.0,0,LOW
XYZ20T100781,2026-07-16,15748.3,81.33,86.37,0.503,77.05,39.09,0,0,0,0.0,0.0,0,LOW
XYZ20T100793,2026-07-16,24809.0,78.11,82.98,0.186,47.4,26.08,0,0,0,0.0,0.0,0,LOW
XYZ20T100796,2026-07-16,9627.7,85.71,89.07,-0.041,52.53,34.8,0,0,0,0.0,0.0,0,LOW
XYZ20T100809,2026-07-16,6250.2,80.8,84.71,-0.247,76.34,35.74,0,0,0,0.0,0.0,0,LOW
XYZ20T100826,2026-07-16,17539.5,77.7,80.96,-0.133,76.38,26.24,1,0,0,0.0,0.0,0,LOW
XYZ20T100827,2026-07-16,9877.3,89.86,93.69,0.327,74.45,40.52,0,0,0,0.0,0.0,0,LOW
XYZ20T100829,2026-07-16,14988.9,93.42,99.21,1.367,65.21,38.77,0,0,0,0.9624,96.2,1,CRITICAL
XYZ20T100832,2026-07-16,16703.6,83.25,89.05,-0.392,47.47,34.93,0,0,0,0.0,0.0,0,LOW
XYZ20T100833,2026-07-16,3767.1,88.9,92.1,0.137,90.41,33.83,0,0,0,0.0,0.0,0,LOW
XYZ20T100840,2026-07-16,10945.2,84.26,87.84,-0.071,68.02,28.89,0,0,0,0.0,0.0,0,LOW
XYZ20T100844,2026-07-16,2883.6,81.42,85.4,-0.158,47.13,42.88,0,0,0,0.0,0.0,0,LOW
XYZ20T100848,2026-07-16,12875.1,77.5,81.12,0.151,52.77,29.88,0,0,0,0.0,0.0,0,LOW
XYZ20T100849,2026-07-16,10555.2,80.27,84.74,0.18,73.63,30.32,0,0,0,0.0,0.0,0,LOW
XYZ20T100851,2026-07-16,22311.9,78.41,82.95,-0.306,63.87,27.66,0,0,0,0.0,0.0,0,LOW
XYZ20T100856,2026-07-16,20067.2,82.06,87.12,-0.017,58.4,32.62,0,0,0,0.0,0.0,0,LOW
XYZ20T100858,2026-07-16,2922.5,89.99,96.8,0.272,75.8,33.01,0,0,0,0.013,1.3,0,LOW
XYZ20T100868,2026-07-16,21130.2,82.12,88.99,0.133,66.84,43.78,0,0,0,0.0,0.0,0,LOW
XYZ20T100869,2026-07-16,4242.1,91.71,98.33,0.4,70.0,38.37,0,0,0,0.0425,4.3,0,LOW
XYZ20T100871,2026-07-16,8819.4,79.85,84.26,-0.068,47.57,32.54,0,0,0,0.0,0.0,0,LOW
XYZ20T100877,2026-07-16,17801.6,93.07,98.81,0.849,66.89,35.33,0,1,0,0.324,32.4,1,MODERATE
XYZ20T100879,2026-07-16,9766.1,82.39,85.9,-0.003,47.32,28.31,0,0,0,0.0,0.0,0,LOW
XYZ20T100881,2026-07-16,11818.2,86.54,92.88,-0.208,60.22,32.33,0,0,0,0.0,0.0,0,LOW
XYZ20T100884,2026-07-16,5674.4,87.37,91.47,-0.174,62.21,32.83,0,0,0,0.0,0.0,0,LOW
XYZ20T100899,2026-07-16,10220.0,81.94,85.6,0.038,56.38,39.36,0,0,0,0.0,0.0,0,LOW
XYZ20T100901,2026-07-16,6441.4,80.7,85.96,0.056,68.0,24.42,0,0,0,0.0,0.0,0,LOW
XYZ20T100902,2026-07-16,22350.7,79.12,83.64,-0.433,64.23,30.63,0,0,0,0.0,0.0,0,LOW
XYZ20T100907,2026-07-16,14840.6,83.09,86.52,0.436,48.17,36.62,0,0,0,0.0,0.0,0,LOW
XYZ20T100908,2026-07-16,1897.5,82.21,85.8,0.33,76.52,27.82,0,0,0,0.0,0.0,0,LOW
XYZ20T100911,2026-07-16,2876.7,85.96,91.05,-0.561,58.72,36.29,0,0,0,0.0,0.0,0,LOW
XYZ20T100915,2026-07-16,7571.8,89.6,96.71,1.545,51.22,24.92,0,0,0,0.3139,31.4,1,MODERATE
XYZ20T100919,2026-07-16,9479.5,78.37,81.57,-0.347,72.58,37.33,0,0,0,0.0,0.0,0,LOW
XYZ20T100924,2026-07-16,13656.6,84.83,90.6,-0.013,59.24,34.44,0,0,0,0.0,0.0,0,LOW
XYZ20T100926,2026-07-16,18238.8,84.55,87.84,0.604,74.82,42.94,0,0,0,0.0,0.0,0,LOW
XYZ20T100934,2026-07-16,4580.6,80.72,87.05,0.323,50.18,34.96,0,0,0,0.0,0.0,0,LOW
XYZ20T100947,2026-07-16,3848.0,93.4,101.92,1.659,63.48,38.1,0,0,0,0.2385,23.9,0,LOW
XYZ20T100976,2026-07-16,2045.1,77.11,82.38,-0.399,50.69,36.88,0,0,0,0.0,0.0,0,LOW
XYZ20T100978,2026-07-16,17515.2,85.39,91.69,-0.076,74.34,32.4,0,0,0,0.0,0.0,0,LOW
XYZ20T100986,2026-07-16,5186.5,85.77,89.04,0.126,74.19,36.35,0,0,0,0.0,0.0,0,LOW
XYZ20T100988,2026-07-16,12847.1,82.17,87.61,0.029,71.58,35.92,0,0,0,0.0,0.0,0,LOW
XYZ20T100989,2026-07-16,4814.7,84.74,89.6,-1.676,44.22,24.4,0,0,0,0.0,0.0,0,LOW
XYZ20T100991,2026-07-16,4600.3,87.26,90.65,-0.081,60.29,34.82,0,0,0,0.0,0.0,0,LOW
XYZ20T100992,2026-07-16,3385.3,90.59,96.74,1.762,52.98,39.04,1,0,1,0.7557,75.6,1,CRITICAL
XYZ20T100993,2026-07-16,2937.9,81.02,87.49,0.319,60.36,37.29,0,0,0,0.0,0.0,0,LOW
XYZ20T100999,2026-07-16,5674.7,82.72,88.35,0.597,31.37,33.69,0,0,0,0.0366,3.7,0,LOW
XYZ20T101011,2026-07-16,3948.3,88.7,93.17,-0.006,78.27,28.13,0,0,0,0.0033,0.3,0,LOW
XYZ20T101013,2026-07-16,8653.7,84.02,88.26,-0.163,60.28,34.65,0,0,0,0.0,0.0,0,LOW
XYZ20T101017,2026-07-16,15737.4,87.13,97.36,1.092,59.22,32.66,1,1,0,0.5465,54.7,1,HIGH
XYZ20T101030,2026-07-16,14404.4,85.06,90.38,0.486,42.3,30.76,0,0,0,0.0,0.0,0,LOW
XYZ20T101041,2026-07-16,11037.3,85.42,91.07,-0.235,59.9,27.29,0,0,0,0.0,0.0,0,LOW
XYZ20T101067,2026-07-16,4324.4,80.8,84.91,0.266,53.06,40.54,0,0,0,0.0,0.0,0,LOW
XYZ20T101069,2026-07-16,20612.4,84.69,88.43,0.095,54.31,29.29,0,0,0,0.0,0.0,0,LOW
XYZ20T101070,2026-07-16,750.2,87.12,91.01,-0.051,80.57,32.55,0,0,0,0.0,0.0,0,LOW
XYZ20T101080,2026-07-16,2756.5,80.06,83.69,0.221,82.23,31.48,0,0,0,0.0,0.0,0,LOW
XYZ20T101090,2026-07-16,878.1,83.15,87.51,-0.53,39.18,36.9,0,0,0,0.0,0.0,0,LOW
XYZ20T101094,2026-07-16,13376.1,78.71,85.22,-0.313,54.58,23.55,0,0,0,0.0,0.0,0,LOW
XYZ20T101096,2026-07-16,2428.4,91.76,97.09,0.659,73.05,33.35,0,1,0,0.2849,28.5,0,LOW
XYZ20T101100,2026-07-16,5590.2,95.74,104.28,1.568,66.14,26.59,0,0,1,0.5523,55.2,1,HIGH
XYZ20T101102,2026-07-16,24844.2,82.77,87.98,-0.27,69.49,29.73,0,0,0,0.0,0.0,0,LOW
XYZ20T101107,2026-07-16,15816.6,80.6,85.35,-0.053,69.96,38.01,0,0,0,0.0,0.0,0,LOW
XYZ20T101112,2026-07-16,5836.8,85.53,93.16,1.296,48.85,38.2,1,0,0,0.3183,31.8,1,MODERATE
XYZ20T101117,2026-07-16,3059.7,86.06,92.46,-0.161,55.28,41.15,0,0,0,0.0,0.0,0,LOW
XYZ20T101120,2026-07-16,12892.9,87.11,91.3,0.277,55.8,44.14,0,0,0,0.0,0.0,0,LOW
XYZ20T101122,2026-07-16,10719.2,86.83,94.87,1.373,67.2,32.53,0,1,0,0.2075,20.7,0,LOW
XYZ20T101132,2026-07-16,3577.7,82.6,86.04,0.074,49.03,37.38,0,0,0,0.0,0.0,0,LOW
XYZ20T101134,2026-07-16,21152.3,83.96,89.79,-0.048,56.32,43.86,0,0,0,0.0,0.0,0,LOW
XYZ20T101142,2026-07-16,4978.0,80.21,83.44,0.403,51.82,26.61,0,0,0,0.0,0.0,0,LOW
XYZ20T101147,2026-07-16,24417.6,81.95,86.57,-0.17,69.04,38.53,0,0,0,0.0,0.0,0,LOW
XYZ20T101149,2026-07-16,12445.2,82.28,86.94,-1.579,58.64,34.06,0,0,0,0.0,0.0,0,LOW
XYZ20T101150,2026-07-16,16860.9,77.88,82.96,-0.186,70.13,22.21,0,0,0,0.0,0.0,0,LOW
XYZ20T101153,2026-07-16,3987.0,83.6,89.4,-0.204,48.61,23.64,0,0,0,0.0,0.0,0,LOW
XYZ20T101156,2026-07-16,10530.9,79.46,83.4,0.142,51.25,31.76,0,0,0,0.0,0.0,0,LOW
XYZ20T101158,2026-07-16,5728.4,89.96,93.0,0.294,75.32,36.62,0,0,0,0.0,0.0,0,LOW
XYZ20T101165,2026-07-16,18361.9,78.67,82.87,-0.173,63.2,28.32,0,0,0,0.0,0.0,0,LOW
XYZ20T101169,2026-07-16,11293.9,78.82,82.28,-0.161,60.9,25.55,0,0,0,0.0,0.0,0,LOW
XYZ20T101173,2026-07-16,315.9,83.22,87.52,0.328,73.22,32.28,0,0,0,0.0,0.0,0,LOW
XYZ20T101175,2026-07-16,4920.5,87.9,94.38,0.505,78.88,40.43,0,0,0,0.0098,1.0,0,LOW
XYZ20T101192,2026-07-16,5461.1,84.84,89.42,-0.105,56.49,34.8,0,0,0,0.0,0.0,0,LOW
XYZ20T101205,2026-07-16,8624.1,80.29,86.5,-0.121,73.35,29.71,0,0,0,0.0,0.0,0,LOW
XYZ20T101208,2026-07-16,10412.6,83.45,88.68,0.217,50.44,41.89,0,0,0,0.0,0.0,0,LOW
XYZ20T101210,2026-07-16,7215.2,82.63,88.08,-0.781,48.3,34.98,0,0,0,0.0,0.0,0,LOW
XYZ20T101215,2026-07-16,13638.6,87.64,94.13,0.147,67.39,37.2,0,0,0,0.0,0.0,0,LOW
XYZ20T101216,2026-07-16,1170.9,80.72,85.16,-0.641,48.23,22.27,0,0,0,0.0,0.0,0,LOW
XYZ20T101220,2026-07-16,17251.0,86.79,91.38,-0.185,76.1,31.4,0,0,0,0.0,0.0,0,LOW
XYZ20T101222,2026-07-16,24682.9,81.23,87.25,-0.239,63.98,24.08,0,0,0,0.0,0.0,0,LOW
XYZ20T101227,2026-07-16,662.5,88.58,97.6,0.957,47.2,32.55,0,0,0,0.3856,38.6,1,MODERATE
XYZ20T101233,2026-07-16,10671.3,89.46,92.57,0.219,56.83,36.73,0,0,0,0.0,0.0,0,LOW
XYZ20T101236,2026-07-16,10169.8,87.09,91.85,-0.116,62.66,29.69,0,0,0,0.0,0.0,0,LOW
XYZ20T101237,2026-07-16,1012.9,86.0,89.26,0.521,44.8,35.35,0,0,0,0.0,0.0,0,LOW
XYZ20T101240,2026-07-16,2596.0,79.23,83.35,-0.046,51.96,29.88,0,0,0,0.0,0.0,0,LOW
XYZ20T101242,2026-07-16,13357.5,85.29,88.35,0.145,75.65,33.2,0,0,0,0.0,0.0,0,LOW
XYZ20T101273,2026-07-16,14581.3,87.55,93.51,-0.037,70.3,38.93,0,0,0,0.0,0.0,0,LOW
XYZ20T101274,2026-07-16,3222.7,81.02,85.64,-2.315,62.6,38.59,0,0,0,0.0,0.0,0,LOW
XYZ20T101275,2026-07-16,6589.4,79.19,83.99,-0.006,69.16,40.99,0,0,0,0.0,0.0,0,LOW
XYZ20T101277,2026-07-16,14829.0,81.74,87.66,-0.066,56.36,34.51,0,0,0,0.0,0.0,0,LOW
XYZ20T101280,2026-07-16,1036.3,85.96,89.66,-0.077,58.97,32.25,0,0,0,0.0,0.0,0,LOW
XYZ20T101286,2026-07-16,2204.4,79.04,83.33,-0.1,67.33,26.91,0,0,0,0.0,0.0,0,LOW
XYZ20T101290,2026-07-16,13977.7,81.4,86.67,0.177,52.1,30.29,0,0,0,0.0,0.0,0,LOW
XYZ20T101298,2026-07-16,21949.6,85.3,88.48,-0.028,51.03,29.55,0,0,0,0.0,0.0,0,LOW
XYZ20T101299,2026-07-16,6233.6,85.93,89.88,0.614,62.35,34.14,0,0,0,0.0,0.0,0,LOW
XYZ20T101301,2026-07-16,18499.9,78.55,83.86,0.051,52.33,33.53,0,0,0,0.0,0.0,0,LOW
XYZ20T101306,2026-07-16,1019.3,83.06,89.02,-0.14,61.04,32.64,0,0,0,0.0,0.0,0,LOW
XYZ20T101308,2026-07-16,8506.6,87.47,92.26,0.34,57.91,43.32,0,0,0,0.0,0.0,0,LOW
XYZ20T101317,2026-07-16,541.9,85.59,91.84,0.051,69.9,28.68,0,0,0,0.0,0.0,0,LOW
XYZ20T101318,2026-07-16,7585.0,85.41,91.66,-0.639,56.47,34.61,0,0,0,0.0,0.0,0,LOW
XYZ20T101319,2026-07-16,20876.1,96.67,103.85,1.963,79.44,31.83,0,0,0,0.6676,66.8,1,HIGH
XYZ20T101326,2026-07-16,4042.7,87.92,93.35,-0.039,79.72,30.8,0,0,0,0.0033,0.3,0,LOW
XYZ20T101334,2026-07-16,6013.9,85.92,89.49,0.327,49.79,29.78,0,0,0,0.0,0.0,0,LOW
XYZ20T101349,2026-07-16,13169.7,79.52,86.09,0.511,46.7,35.89,0,0,0,0.0,0.0,0,LOW
XYZ20T101361,2026-07-16,2880.9,88.46,92.33,0.181,53.54,31.78,0,0,0,0.0,0.0,0,LOW
XYZ20T101369,2026-07-16,10299.0,90.29,99.1,0.753,54.58,27.22,0,0,0,0.1015,10.1,0,LOW
XYZ20T101374,2026-07-16,13214.8,96.44,103.6,2.093,64.5,38.03,1,1,0,0.2892,28.9,0,LOW
XYZ20T101384,2026-07-16,14831.4,84.15,93.68,-0.072,45.89,37.24,0,0,0,0.0199,2.0,0,LOW
XYZ20T101385,2026-07-16,13514.4,81.93,89.32,-0.195,68.62,34.4,0,0,0,0.0,0.0,0,LOW
XYZ20T101393,2026-07-16,17398.1,88.47,92.31,0.158,54.41,42.73,0,0,0,0.0,0.0,0,LOW
XYZ20T101406,2026-07-16,16575.1,80.01,84.49,0.495,68.34,33.32,0,0,0,0.0,0.0,0,LOW
XYZ20T101413,2026-07-16,14046.0,86.44,93.14,-0.272,40.34,36.23,0,0,0,0.0,0.0,0,LOW
XYZ20T101419,2026-07-16,12299.8,82.82,85.91,0.275,72.31,29.58,0,0,0,0.0,0.0,0,LOW
XYZ20T101423,2026-07-16,18981.4,93.0,100.99,0.933,63.11,41.87,0,0,0,0.6662,66.6,1,HIGH
XYZ20T101428,2026-07-16,6187.9,85.39,91.55,-0.138,60.92,37.93,0,0,0,0.0,0.0,0,LOW
XYZ20T101431,2026-07-16,24903.5,88.98,96.18,-0.606,72.04,28.81,0,0,0,0.0196,2.0,0,LOW
XYZ20T101434,2026-07-16,11383.5,88.29,92.93,-0.219,78.52,42.55,0,0,0,0.0,0.0,0,LOW
XYZ20T101435,2026-07-16,12872.9,81.7,84.96,0.306,76.45,30.13,0,0,0,0.0,0.0,0,LOW
XYZ20T101437,2026-07-16,3234.7,86.59,89.59,0.254,57.82,44.59,0,0,0,0.0,0.0,0,LOW
XYZ20T101446,2026-07-16,9189.0,82.43,89.01,0.287,65.02,37.45,0,0,0,0.0,0.0,0,LOW
XYZ20T101468,2026-07-16,8249.7,83.81,87.65,0.232,65.47,38.15,0,0,0,0.0,0.0,0,LOW
XYZ20T101479,2026-07-16,1350.9,78.77,83.77,-0.111,39.82,33.53,0,0,0,0.0,0.0,0,LOW
XYZ20T101484,2026-07-16,14335.1,79.95,86.55,0.052,44.12,34.24,0,0,0,0.0,0.0,0,LOW
XYZ20T101491,2026-07-16,13752.8,83.45,87.05,-1.221,80.85,37.41,0,0,0,0.0,0.0,0,LOW
XYZ20T101498,2026-07-16,13413.7,79.29,85.8,0.73,55.39,42.66,0,0,0,0.0,0.0,0,LOW
XYZ20T101500,2026-07-16,4205.2,79.0,84.37,0.071,45.14,36.95,0,0,0,0.0,0.0,0,LOW
XYZ20T101501,2026-07-16,16185.0,86.09,93.09,0.134,54.89,31.86,0,0,0,0.0,0.0,0,LOW
XYZ20T101502,2026-07-16,10627.0,77.21,82.78,-0.416,53.73,39.0,0,0,0,0.0,0.0,0,LOW
XYZ20T101504,2026-07-16,7180.8,80.25,83.64,-0.108,53.97,36.53,0,0,0,0.0,0.0,0,LOW
XYZ20T101511,2026-07-16,531.9,84.72,89.47,0.388,62.68,34.55,0,0,0,0.0,0.0,0,LOW
XYZ20T101519,2026-07-16,13789.8,79.2,82.84,-0.131,52.04,31.13,0,0,0,0.0,0.0,0,LOW
XYZ20T101525,2026-07-16,8150.2,86.47,93.07,0.012,44.82,34.38,0,0,0,0.0,0.0,0,LOW
XYZ20T101526,2026-07-16,1170.5,77.87,83.31,0.238,62.1,37.04,0,0,0,0.0,0.0,0,LOW
XYZ20T101530,2026-07-16,20145.8,84.32,90.74,0.149,57.29,33.65,0,0,0,0.0,0.0,0,LOW
XYZ20T101534,2026-07-16,5799.4,77.99,82.59,-0.242,63.0,23.05,0,0,0,0.0,0.0,0,LOW
XYZ20T101549,2026-07-16,1963.7,75.82,80.75,-0.183,43.81,34.85,1,0,0,0.0066,0.7,0,LOW
XYZ20T101550,2026-07-16,4955.7,80.18,85.85,0.118,68.81,31.98,0,0,0,0.0,0.0,0,LOW
XYZ20T101551,2026-07-16,529.5,82.01,87.55,-0.086,58.43,36.98,0,0,0,0.0,0.0,0,LOW
XYZ20T101555,2026-07-16,12451.5,86.52,91.41,-0.13,66.15,37.43,0,0,0,0.0,0.0,0,LOW
XYZ20T101558,2026-07-16,6079.7,78.19,83.96,-0.311,69.78,31.03,0,0,0,0.0,0.0,0,LOW
XYZ20T101562,2026-07-16,14121.1,94.92,105.87,1.523,48.29,47.93,0,1,0,0.9233,92.3,1,CRITICAL
XYZ20T101567,2026-07-16,17116.3,81.66,86.96,0.024,40.31,33.28,0,0,0,0.0,0.0,0,LOW
XYZ20T101573,2026-07-16,1834.7,86.07,91.0,-0.495,66.84,36.97,0,0,0,0.0,0.0,0,LOW
XYZ20T101582,2026-07-16,15425.8,81.07,85.39,0.364,75.03,35.89,0,0,0,0.0,0.0,0,LOW
XYZ20T101586,2026-07-16,16308.6,84.61,89.51,0.252,46.24,35.56,0,0,0,0.0,0.0,0,LOW
XYZ20T101593,2026-07-16,316.8,77.95,84.19,-0.242,58.44,26.92,0,0,0,0.0,0.0,0,LOW
XYZ20T101594,2026-07-16,12659.5,77.67,82.42,-0.087,46.14,20.0,0,0,0,0.0,0.0,0,LOW
XYZ20T101629,2026-07-16,5840.4,80.47,85.91,-0.017,47.47,38.12,0,0,0,0.0,0.0,0,LOW
XYZ20T101633,2026-07-16,13061.6,79.75,85.36,-0.46,51.56,29.23,0,0,0,0.0,0.0,0,LOW
XYZ20T101659,2026-07-16,6149.8,85.26,91.93,-0.109,85.12,26.46,0,0,0,0.0,0.0,0,LOW
XYZ20T101662,2026-07-16,11463.5,79.21,84.37,0.156,73.14,29.06,0,0,0,0.0,0.0,0,LOW
XYZ20T101663,2026-07-16,20755.4,80.62,86.42,-0.271,63.23,35.64,0,0,0,0.0,0.0,0,LOW
XYZ20T101669,2026-07-16,4267.9,83.49,87.66,0.252,74.2,46.5,0,0,0,0.0,0.0,0,LOW
XYZ20T101677,2026-07-16,4041.0,81.67,86.75,-0.186,68.73,31.21,0,0,0,0.0,0.0,0,LOW
XYZ20T101678,2026-07-16,5407.7,76.42,82.13,0.141,50.8,28.1,0,0,0,0.0,0.0,0,LOW
XYZ20T101685,2026-07-16,11617.4,76.31,83.02,-0.433,45.83,33.75,0,0,0,0.0,0.0,0,LOW
XYZ20T101692,2026-07-16,384.0,83.63,89.21,0.08,78.02,34.53,0,0,0,0.0,0.0,0,LOW
XYZ20T101693,2026-07-16,22504.0,87.83,96.34,0.803,70.72,27.4,1,0,1,0.2584,25.8,0,LOW
XYZ20T101696,2026-07-16,15539.8,96.94,105.2,1.397,46.39,36.24,1,0,1,0.8664,86.6,1,CRITICAL
XYZ20T101698,2026-07-16,4686.7,81.94,88.32,0.256,68.39,32.07,0,0,0,0.0,0.0,0,LOW
XYZ20T101699,2026-07-16,24875.7,78.59,84.45,-0.356,32.63,35.54,0,0,0,0.0,0.0,0,LOW
XYZ20T101702,2026-07-16,2232.2,82.31,87.32,0.5,80.1,28.8,0,0,0,0.0,0.0,0,LOW
XYZ20T101718,2026-07-16,2536.6,79.86,86.55,-0.529,49.75,32.07,0,0,0,0.0,0.0,0,LOW
XYZ20T101728,2026-07-16,476.8,89.27,95.03,0.156,81.27,28.98,0,0,0,0.0,0.0,0,LOW
XYZ20T101733,2026-07-16,9268.9,88.48,94.81,0.132,82.58,26.9,0,0,0,0.0033,0.3,0,LOW
XYZ20T101735,2026-07-16,12523.4,78.3,84.36,-0.113,57.2,26.84,0,0,0,0.0,0.0,0,LOW
XYZ20T101740,2026-07-16,16702.1,82.88,88.51,0.119,79.64,38.78,0,0,0,0.0,0.0,0,LOW
XYZ20T101764,2026-07-16,6296.1,82.04,86.55,-2.396,57.29,35.5,0,0,0,0.0,0.0,0,LOW
XYZ20T101767,2026-07-16,1688.6,84.26,88.95,0.048,43.38,33.59,0,0,0,0.0,0.0,0,LOW
XYZ20T101768,2026-07-16,3651.2,82.87,87.19,0.278,71.95,33.64,0,0,0,0.0,0.0,0,LOW
XYZ20T101773,2026-07-16,11620.5,82.04,88.73,-0.121,72.18,35.75,0,0,0,0.0,0.0,0,LOW
XYZ20T101782,2026-07-16,4135.4,82.24,88.38,0.352,54.62,30.03,0,0,0,0.0,0.0,0,LOW
XYZ20T101789,2026-07-16,8682.7,77.65,82.55,-0.44,63.3,26.1,0,0,0,0.0,0.0,0,LOW
XYZ20T101790,2026-07-16,4188.4,84.3,87.73,0.181,53.7,34.87,0,0,0,0.0,0.0,0,LOW
XYZ20T101791,2026-07-16,16708.7,84.07,87.95,0.265,50.47,28.14,0,0,0,0.0,0.0,0,LOW
XYZ20T101792,2026-07-16,1369.0,86.86,91.7,-0.06,36.95,40.65,0,0,0,0.0,0.0,0,LOW
XYZ20T101794,2026-07-16,10717.9,84.86,88.08,0.292,41.38,34.14,0,0,0,0.0,0.0,0,LOW
XYZ20T101805,2026-07-16,12973.7,83.7,87.99,-0.496,52.4,36.72,0,0,0,0.0,0.0,0,LOW
XYZ20T101807,2026-07-16,9912.8,83.96,89.39,-0.116,44.6,35.54,0,0,0,0.0,0.0,0,LOW
XYZ20T101809,2026-07-16,11883.5,85.46,92.3,0.225,60.42,30.29,0,0,0,0.0,0.0,0,LOW
XYZ20T101820,2026-07-16,8452.9,84.96,90.1,0.164,54.8,39.15,0,0,0,0.0,0.0,0,LOW
XYZ20T101825,2026-07-16,10252.8,87.84,94.41,-0.012,77.71,25.06,0,0,0,0.0033,0.3,0,LOW
XYZ20T101832,2026-07-16,13247.9,83.06,86.56,-2.556,69.34,35.94,0,0,0,0.0,0.0,0,LOW
XYZ20T101838,2026-07-16,12878.6,89.14,98.96,1.32,76.61,32.16,1,0,1,0.8306,83.1,1,CRITICAL
XYZ20T101842,2026-07-16,6811.4,79.15,83.21,0.037,58.11,28.22,0,0,0,0.0,0.0,0,LOW
XYZ20T101848,2026-07-16,22117.2,79.38,82.86,-0.083,58.71,40.11,0,0,0,0.0,0.0,0,LOW
XYZ20T101861,2026-07-16,9714.8,78.25,83.08,0.396,44.27,37.57,0,0,0,0.0,0.0,0,LOW
XYZ20T101862,2026-07-16,7526.7,86.66,93.58,0.063,59.87,29.37,0,0,0,0.0,0.0,0,LOW
XYZ20T101866,2026-07-16,5452.2,79.86,84.65,0.368,59.49,34.48,0,0,0,0.0,0.0,0,LOW
XYZ20T101868,2026-07-16,6570.8,86.66,93.83,-0.563,81.87,32.37,0,0,0,0.0,0.0,0,LOW
XYZ20T101869,2026-07-16,4126.3,79.44,84.99,0.077,52.2,37.99,0,0,0,0.0,0.0,0,LOW
XYZ20T101884,2026-07-16,24837.7,84.16,89.24,0.017,64.89,25.5,0,0,0,0.0,0.0,0,LOW
XYZ20T101886,2026-07-16,2613.3,85.14,90.48,-0.404,77.75,25.6,0,0,0,0.0,0.0,0,LOW
XYZ20T101892,2026-07-16,8811.8,82.06,86.19,-0.174,40.98,36.85,0,0,0,0.0,0.0,0,LOW
XYZ20T101897,2026-07-16,20023.1,82.15,87.4,-0.079,58.15,34.73,0,0,0,0.0,0.0,0,LOW
XYZ20T101898,2026-07-16,11860.9,84.07,89.58,-0.449,42.14,29.95,0,0,0,0.0,0.0,0,LOW
XYZ20T101900,2026-07-16,24849.6,84.08,88.15,0.121,55.3,29.13,0,0,0,0.0,0.0,0,LOW
XYZ20T101905,2026-07-16,18243.0,81.21,84.62,-0.072,55.18,40.65,0,0,0,0.0,0.0,0,LOW
XYZ20T101912,2026-07-16,6710.9,80.86,86.51,-0.14,43.23,30.83,0,0,0,0.0,0.0,0,LOW
XYZ20T101915,2026-07-16,550.7,88.68,92.52,0.192,67.81,41.15,0,0,0,0.0,0.0,0,LOW
XYZ20T101917,2026-07-16,13478.2,83.87,87.08,-0.085,82.05,32.38,0,0,0,0.0,0.0,0,LOW
XYZ20T101921,2026-07-16,14998.1,80.24,86.87,-0.007,55.9,32.83,0,0,0,0.0,0.0,0,LOW
XYZ20T101922,2026-07-16,1165.5,87.89,92.43,0.505,59.35,33.43,0,0,0,0.0065,0.7,0,LOW
XYZ20T101924,2026-07-16,14609.6,80.02,84.53,0.237,61.51,33.39,0,0,0,0.0,0.0,0,LOW
XYZ20T101928,2026-07-16,14362.2,90.56,101.06,1.738,57.34,37.75,0,1,0,0.9221,92.2,1,CRITICAL
XYZ20T101935,2026-07-16,3566.3,88.77,92.36,-0.082,56.53,37.39,0,0,0,0.0,0.0,0,LOW
XYZ20T101946,2026-07-16,9694.2,87.76,91.97,0.279,66.09,40.71,0,0,0,0.0,0.0,0,LOW
XYZ20T101957,2026-07-16,14636.3,80.35,83.9,-0.231,62.24,32.23,0,0,0,0.0,0.0,0,LOW
XYZ20T101958,2026-07-16,24927.3,86.43,93.1,0.468,57.82,39.06,0,0,0,0.0132,1.3,0,LOW
XYZ20T101959,2026-07-16,12677.5,79.29,85.83,0.611,64.68,36.79,0,0,0,0.0,0.0,0,LOW
XYZ20T101960,2026-07-16,11683.7,88.67,98.81,1.576,61.02,35.66,0,1,0,0.7406,74.1,1,HIGH
XYZ20T101964,2026-07-16,3347.7,88.28,94.55,0.096,60.31,46.72,0,0,0,0.0,0.0,0,LOW
XYZ20T101965,2026-07-16,6467.8,80.99,87.4,-0.31,51.24,31.24,0,0,0,0.0,0.0,0,LOW
XYZ20T101978,2026-07-16,18171.6,84.63,90.2,0.423,69.77,32.65,0,0,0,0.0,0.0,0,LOW
XYZ20T101983,2026-07-16,415.9,85.87,91.03,-0.0,75.89,37.36,0,0,0,0.0,0.0,0,LOW
XYZ20T101996,2026-07-16,11353.7,83.1,89.42,-0.012,51.5,36.34,0,0,0,0.0,0.0,0,LOW
XYZ20T102000,2026-07-16,534.2,84.62,90.32,0.041,68.98,30.97,0,0,0,0.0,0.0,0,LOW
XYZ20T102004,2026-07-16,681.5,91.54,97.92,1.373,72.69,30.21,1,1,0,0.896,89.6,1,CRITICAL
XYZ20T102009,2026-07-16,23348.1,87.46,94.23,0.29,51.43,32.68,0,0,0,0.0,0.0,0,LOW
XYZ20T102012,2026-07-16,3620.8,78.07,82.59,-0.145,47.53,28.93,0,0,0,0.0,0.0,0,LOW
XYZ20T102025,2026-07-16,14530.1,80.14,84.09,-0.489,69.1,33.21,0,0,0,0.0,0.0,0,LOW
XYZ20T102026,2026-07-16,2658.5,87.18,92.21,-0.081,72.75,32.82,0,0,0,0.0,0.0,0,LOW
XYZ20T102029,2026-07-16,16983.1,87.68,92.99,0.525,59.73,45.21,0,0,0,0.0492,4.9,0,LOW
XYZ20T102030,2026-07-16,3025.6,93.08,99.41,0.336,60.9,32.52,0,0,0,0.0493,4.9,0,LOW
XYZ20T102031,2026-07-16,2755.7,88.83,93.69,0.773,53.65,26.51,0,0,0,0.0516,5.2,0,LOW
XYZ20T102038,2026-07-16,10719.6,79.19,85.07,0.405,60.04,31.33,0,0,0,0.0,0.0,0,LOW
XYZ20T102041,2026-07-16,7840.7,87.47,93.49,0.053,46.67,42.19,0,0,0,0.0,0.0,0,LOW
XYZ20T102046,2026-07-16,5915.0,80.96,87.49,-0.122,40.63,26.28,0,0,0,0.0,0.0,0,LOW
XYZ20T102048,2026-07-16,9197.5,85.72,92.69,0.276,55.1,34.23,0,0,0,0.0,0.0,0,LOW
XYZ20T102053,2026-07-16,12508.7,80.22,86.75,-1.639,64.05,31.77,0,0,0,0.0,0.0,0,LOW
XYZ20T102054,2026-07-16,13980.9,88.62,93.04,0.416,69.32,33.03,0,0,0,0.0,0.0,0,LOW
XYZ20T102055,2026-07-16,4288.5,80.43,86.99,-0.14,51.46,30.41,0,0,0,0.0,0.0,0,LOW
XYZ20T102060,2026-07-16,9851.3,84.23,87.45,-0.606,51.25,32.27,0,0,0,0.0,0.0,0,LOW
XYZ20T102065,2026-07-16,8884.0,81.04,85.99,-0.295,51.15,32.66,0,0,0,0.0033,0.3,0,LOW
XYZ20T102073,2026-07-16,1883.3,83.23,89.05,-0.584,41.84,37.7,0,0,0,0.0,0.0,0,LOW
XYZ20T102090,2026-07-16,9916.4,88.52,96.17,-0.206,58.05,37.87,0,0,0,0.0227,2.3,0,LOW
XYZ20T102097,2026-07-16,503.5,86.38,92.49,-0.278,59.6,26.98,0,0,0,0.0,0.0,0,LOW
XYZ20T102102,2026-07-16,11771.4,81.19,84.85,0.009,75.07,32.1,0,0,0,0.0,0.0,0,LOW
XYZ20T102103,2026-07-16,4780.9,84.15,87.71,-1.55,65.22,36.5,0,0,0,0.0,0.0,0,LOW
XYZ20T102108,2026-07-16,18206.0,88.36,92.6,0.326,63.68,30.77,0,0,0,0.0,0.0,0,LOW
XYZ20T102121,2026-07-16,3990.7,82.22,91.69,-0.137,57.72,39.37,0,0,0,0.0,0.0,0,LOW
XYZ20T102127,2026-07-16,5518.3,80.61,87.46,-0.385,61.18,36.92,0,0,0,0.0,0.0,0,LOW
XYZ20T102132,2026-07-16,5870.9,80.93,87.16,-0.103,61.22,31.07,0,0,0,0.0,0.0,0,LOW
XYZ20T102138,2026-07-16,1936.3,79.34,85.66,0.285,69.68,30.99,0,0,0,0.0,0.0,0,LOW
XYZ20T102169,2026-07-16,4267.6,79.49,84.2,-0.039,53.16,35.46,0,0,0,0.0,0.0,0,LOW
XYZ20T102176,2026-07-16,1820.6,87.24,92.32,0.89,59.41,35.39,1,1,0,0.2058,20.6,0,LOW
XYZ20T102178,2026-07-16,24867.5,84.01,89.81,0.012,79.54,43.19,0,0,0,0.0,0.0,0,LOW
XYZ20T102182,2026-07-16,18698.8,84.8,88.92,0.011,52.7,37.83,0,0,0,0.0,0.0,0,LOW
XYZ20T102191,2026-07-16,8388.7,80.02,84.39,0.169,39.83,31.93,0,0,0,0.0,0.0,0,LOW
XYZ20T102196,2026-07-16,13787.3,79.68,83.57,0.073,55.11,37.5,0,0,0,0.0,0.0,0,LOW
XYZ20T102203,2026-07-16,12071.5,78.41,81.83,0.146,44.98,30.63,0,0,0,0.0,0.0,0,LOW
XYZ20T102212,2026-07-16,2644.4,85.8,91.03,0.065,41.73,36.93,0,0,0,0.0,0.0,0,LOW
XYZ20T102214,2026-07-16,19693.8,87.52,91.94,0.351,64.47,33.88,0,0,0,0.0,0.0,0,LOW
XYZ20T102217,2026-07-16,5569.8,81.31,87.55,-0.012,46.32,32.84,0,0,0,0.0,0.0,0,LOW
XYZ20T102223,2026-07-16,11906.0,83.04,86.8,-0.264,65.59,37.44,0,0,0,0.0,0.0,0,LOW
XYZ20T102226,2026-07-16,3059.5,84.99,91.24,-0.049,64.16,38.7,0,0,0,0.0,0.0,0,LOW
XYZ20T102230,2026-07-16,11659.0,81.09,84.31,0.087,57.87,28.03,0,0,0,0.0,0.0,0,LOW
XYZ20T102240,2026-07-16,11195.6,87.91,92.27,0.254,58.05,30.4,0,0,0,0.0,0.0,0,LOW
XYZ20T102251,2026-07-16,12485.0,82.17,87.1,0.125,54.2,35.39,0,0,0,0.0,0.0,0,LOW
XYZ20T102259,2026-07-16,16994.4,79.13,83.36,0.11,67.76,34.08,0,0,0,0.0,0.0,0,LOW
XYZ20T102267,2026-07-16,11735.9,81.84,86.97,-0.075,55.87,32.32,0,0,0,0.0,0.0,0,LOW
XYZ20T102268,2026-07-16,12453.7,81.79,86.18,0.424,35.96,37.28,0,0,0,0.0,0.0,0,LOW
XYZ20T102285,2026-07-16,19848.3,86.47,91.44,0.2,70.54,31.41,0,0,0,0.0,0.0,0,LOW
XYZ20T102287,2026-07-16,2731.6,82.47,87.25,-0.412,46.21,24.96,0,0,0,0.0,0.0,0,LOW
XYZ20T102291,2026-07-16,14624.1,81.36,86.85,0.081,83.8,31.82,0,0,0,0.0,0.0,0,LOW
XYZ20T102294,2026-07-16,1482.5,93.72,101.23,1.762,54.0,28.86,1,0,1,0.7764,77.6,1,CRITICAL
XYZ20T102325,2026-07-16,13909.8,84.46,88.42,0.069,87.71,37.63,0,0,0,0.0,0.0,0,LOW
XYZ20T102327,2026-07-16,12090.8,81.97,88.15,0.112,60.71,42.95,0,0,0,0.0,0.0,0,LOW
XYZ20T102330,2026-07-16,16337.2,84.45,89.22,0.519,69.56,35.36,0,0,0,0.0066,0.7,0,LOW
XYZ20T102345,2026-07-16,20162.4,91.02,98.87,0.397,62.84,38.11,0,0,0,0.0262,2.6,0,LOW
XYZ20T102348,2026-07-16,15338.4,90.86,96.27,0.897,93.54,28.32,0,1,0,0.0878,8.8,0,LOW
XYZ20T102358,2026-07-16,6559.7,81.69,87.46,0.075,71.07,37.59,0,0,0,0.0,0.0,0,LOW
XYZ20T102367,2026-07-16,3252.4,81.3,84.96,0.148,46.65,27.24,0,0,0,0.0,0.0,0,LOW
XYZ20T102369,2026-07-16,7593.9,85.26,90.26,0.068,56.11,42.05,0,0,0,0.0,0.0,0,LOW
XYZ20T102373,2026-07-16,4357.5,81.33,86.19,-0.1,66.81,35.65,0,0,0,0.0,0.0,0,LOW
XYZ20T102375,2026-07-16,6094.7,79.97,85.18,0.459,56.69,30.0,0,0,0,0.0,0.0,0,LOW
XYZ20T102376,2026-07-16,19570.3,88.31,91.71,-0.005,64.64,36.42,0,0,0,0.0,0.0,0,LOW
XYZ20T102389,2026-07-16,6930.4,89.97,94.83,0.685,54.54,28.85,0,0,0,0.0913,9.1,0,LOW
XYZ20T102391,2026-07-16,1613.2,85.05,89.93,-0.029,51.9,34.64,0,0,0,0.0,0.0,0,LOW
XYZ20T102392,2026-07-16,14405.9,81.02,84.29,-0.129,57.5,36.52,0,0,0,0.0,0.0,0,LOW
XYZ20T102403,2026-07-16,13570.1,84.1,88.17,0.221,66.01,35.39,0,0,0,0.0,0.0,0,LOW
XYZ20T102405,2026-07-16,8296.5,78.73,82.58,0.077,73.77,22.73,0,0,0,0.0,0.0,0,LOW
XYZ20T102413,2026-07-16,10488.6,82.63,86.18,0.019,51.86,33.08,0,0,0,0.0,0.0,0,LOW
XYZ20T102420,2026-07-16,9505.3,79.47,85.67,-0.582,37.06,27.32,0,0,0,0.0,0.0,0,LOW
XYZ20T102424,2026-07-16,13252.6,80.51,84.28,0.168,53.27,35.68,0,0,0,0.0,0.0,0,LOW
XYZ20T102428,2026-07-16,10330.2,81.36,84.65,-0.127,48.07,36.94,0,0,0,0.0,0.0,0,LOW
XYZ20T102429,2026-07-16,2951.2,86.55,92.87,-0.049,45.73,35.48,0,0,0,0.0,0.0,0,LOW
XYZ20T102432,2026-07-16,24888.7,91.72,97.22,1.155,64.89,37.02,0,0,0,0.4954,49.5,1,MODERATE
XYZ20T102436,2026-07-16,1143.9,78.39,83.28,-0.112,52.27,31.55,0,0,0,0.0,0.0,0,LOW
XYZ20T102450,2026-07-16,12020.0,77.44,82.21,0.057,48.32,27.57,0,0,0,0.0,0.0,0,LOW
XYZ20T102452,2026-07-16,17141.5,83.83,87.1,-0.047,50.34,36.04,0,0,0,0.0,0.0,0,LOW
XYZ20T102453,2026-07-16,6924.8,90.9,96.75,0.561,69.26,35.17,0,0,0,0.1925,19.3,0,LOW
XYZ20T102454,2026-07-16,3178.6,77.98,83.62,-0.041,59.67,37.41,0,0,0,0.0,0.0,0,LOW
XYZ20T102457,2026-07-16,7531.6,84.2,88.37,-0.076,69.63,34.28,0,0,0,0.0,0.0,0,LOW
XYZ20T102462,2026-07-16,5676.2,86.22,95.04,0.812,68.48,25.14,0,1,0,0.1377,13.8,0,LOW
XYZ20T102463,2026-07-16,24807.5,82.38,86.61,0.207,47.73,36.01,0,0,0,0.0,0.0,0,LOW
XYZ20T102471,2026-07-16,3999.8,87.4,95.52,1.155,49.11,36.0,0,0,1,0.4836,48.4,1,MODERATE
XYZ20T102479,2026-07-16,2632.7,84.31,92.6,0.836,60.98,33.39,0,0,0,0.0523,5.2,0,LOW
XYZ20T102482,2026-07-16,14562.9,81.94,88.12,0.109,60.89,37.69,0,0,0,0.0,0.0,0,LOW
XYZ20T102488,2026-07-16,12339.8,80.32,85.94,-0.256,78.46,25.49,0,0,0,0.0,0.0,0,LOW
XYZ20T102491,2026-07-16,5978.3,93.84,100.85,1.296,40.48,36.53,0,1,0,0.9358,93.6,1,CRITICAL
XYZ20T102501,2026-07-16,784.8,84.45,89.45,-0.027,56.66,26.96,0,0,0,0.0,0.0,0,LOW
XYZ20T102510,2026-07-16,10535.6,88.9,93.44,-0.205,74.12,34.69,0,0,0,0.0,0.0,0,LOW
XYZ20T102517,2026-07-16,11018.7,78.46,83.97,0.134,43.88,33.99,0,0,0,0.0,0.0,0,LOW
XYZ20T102524,2026-07-16,1133.9,77.6,81.15,0.065,61.09,25.22,0,0,0,0.0,0.0,0,LOW
XYZ20T102527,2026-07-16,20234.7,88.03,92.84,0.158,76.07,36.96,0,0,0,0.0,0.0,0,LOW
XYZ20T102528,2026-07-16,14295.6,83.56,90.2,0.55,67.77,25.82,0,0,0,0.0,0.0,0,LOW
XYZ20T102545,2026-07-16,24185.7,79.74,86.16,0.092,78.54,38.47,0,0,0,0.0,0.0,0,LOW
XYZ20T102555,2026-07-16,11176.4,84.67,89.78,-0.168,72.61,43.82,0,0,0,0.0,0.0,0,LOW
XYZ20T102557,2026-07-16,22237.7,81.11,86.29,0.218,49.16,37.79,0,0,0,0.0,0.0,0,LOW
XYZ20T102561,2026-07-16,4543.2,86.46,90.06,-0.199,60.36,28.25,0,0,0,0.0,0.0,0,LOW
XYZ20T102562,2026-07-16,299.2,75.02,81.62,-0.507,49.25,32.72,0,0,0,0.0,0.0,0,LOW
XYZ20T102568,2026-07-16,17533.6,87.61,92.99,1.251,47.3,38.16,0,0,0,0.1179,11.8,0,LOW
XYZ20T102572,2026-07-16,8528.7,77.46,84.07,-0.415,76.69,21.91,0,0,0,0.0,0.0,0,LOW
XYZ20T102578,2026-07-16,3643.9,80.48,85.14,0.013,57.5,34.98,1,0,0,0.0,0.0,0,LOW
XYZ20T102582,2026-07-16,11889.6,79.82,85.55,0.089,41.1,30.65,0,0,0,0.0,0.0,0,LOW
XYZ20T102587,2026-07-16,1423.8,87.46,94.25,0.119,57.33,40.31,0,0,0,0.0,0.0,0,LOW
XYZ20T102591,2026-07-16,17876.0,86.9,92.54,0.163,49.13,42.92,0,0,0,0.0,0.0,0,LOW
XYZ20T102597,2026-07-16,6662.9,81.9,85.01,-1.748,75.22,31.09,0,0,0,0.0,0.0,0,LOW
XYZ20T102600,2026-07-16,986.9,78.16,83.65,-0.076,65.62,28.43,0,0,0,0.0,0.0,0,LOW
XYZ20T102605,2026-07-16,23156.1,78.61,83.87,-1.262,56.39,29.34,0,0,0,0.0,0.0,0,LOW
XYZ20T102622,2026-07-16,1105.3,79.66,83.17,-0.025,49.5,35.68,0,0,0,0.0,0.0,0,LOW
XYZ20T102626,2026-07-16,15301.6,87.19,93.84,0.216,52.14,38.46,0,0,0,0.0,0.0,0,LOW
XYZ20T102629,2026-07-16,11300.3,80.89,84.04,0.039,66.23,28.36,0,0,0,0.0,0.0,0,LOW
XYZ20T102634,2026-07-16,17737.0,88.17,94.94,0.514,73.57,39.52,0,0,0,0.0065,0.7,0,LOW
XYZ20T102639,2026-07-16,17125.2,79.03,83.15,-0.163,79.15,30.73,0,0,0,0.0,0.0,0,LOW
XYZ20T102640,2026-07-16,5818.6,86.68,90.51,0.005,69.79,31.79,0,0,0,0.0,0.0,0,LOW
XYZ20T102642,2026-07-16,17035.0,78.79,84.72,0.471,63.1,41.96,0,0,0,0.0,0.0,0,LOW
XYZ20T102643,2026-07-16,13567.0,91.96,99.87,0.93,65.08,27.2,1,0,1,0.467,46.7,1,MODERATE
XYZ20T102649,2026-07-16,16133.2,85.36,92.04,-0.025,48.15,29.22,0,0,0,0.0,0.0,0,LOW
XYZ20T102652,2026-07-16,10875.5,88.33,94.4,1.681,71.05,30.33,0,0,0,0.1809,18.1,0,LOW
XYZ20T102669,2026-07-16,9752.2,82.6,89.6,-0.212,56.29,36.19,0,0,0,0.0,0.0,0,LOW
XYZ20T102674,2026-07-16,5684.8,81.56,87.62,-1.507,56.23,41.6,0,0,0,0.0,0.0,0,LOW
XYZ20T102675,2026-07-16,3975.5,84.11,90.05,-0.077,56.32,21.61,0,0,0,0.0,0.0,0,LOW
XYZ20T102688,2026-07-16,23305.8,83.95,87.06,0.181,79.87,36.7,0,0,0,0.0,0.0,0,LOW
XYZ20T102691,2026-07-16,3423.2,78.31,84.03,0.214,69.37,28.21,0,0,0,0.0,0.0,0,LOW
XYZ20T102694,2026-07-16,10202.8,82.05,88.56,-0.266,67.28,31.55,0,0,0,0.0,0.0,0,LOW
XYZ20T102695,2026-07-16,2809.1,80.87,85.39,0.218,44.75,32.18,0,0,0,0.0,0.0,0,LOW
XYZ20T102696,2026-07-16,10319.2,78.56,82.71,0.301,60.89,32.22,0,0,0,0.0,0.0,0,LOW
XYZ20T102701,2026-07-16,9207.5,88.2,93.63,0.026,74.32,36.69,0,0,0,0.0,0.0,0,LOW
XYZ20T102703,2026-07-16,18565.8,91.44,98.34,1.442,62.47,35.96,0,0,0,0.9015,90.2,1,CRITICAL
XYZ20T102704,2026-07-16,9195.9,82.19,86.17,-0.249,39.74,30.84,0,0,0,0.0,0.0,0,LOW
XYZ20T102706,2026-07-16,13193.9,81.12,86.9,0.092,63.41,43.13,0,0,0,0.0,0.0,0,LOW
XYZ20T102709,2026-07-16,580.7,84.21,89.61,0.075,68.74,25.5,0,0,0,0.0,0.0,0,LOW
XYZ20T102713,2026-07-16,21929.3,82.69,89.63,0.388,66.98,28.39,0,0,0,0.0,0.0,0,LOW
XYZ20T102714,2026-07-16,4427.5,93.66,102.64,1.464,63.76,39.41,1,1,0,0.8535,85.3,1,CRITICAL
XYZ20T102716,2026-07-16,17564.2,85.67,88.83,0.306,86.15,28.51,0,0,0,0.0,0.0,0,LOW
XYZ20T102719,2026-07-16,13348.9,88.81,92.35,-0.081,76.58,37.98,0,0,0,0.0,0.0,0,LOW
XYZ20T102730,2026-07-16,10363.7,86.27,90.65,0.1,46.7,38.65,0,0,0,0.0,0.0,0,LOW
XYZ20T102734,2026-07-16,947.5,86.09,93.03,-0.033,64.8,42.31,0,0,0,0.0,0.0,0,LOW
XYZ20T102735,2026-07-16,10435.4,87.42,93.34,-1.053,75.34,36.51,0,0,0,0.0,0.0,0,LOW
XYZ20T102745,2026-07-16,20130.6,83.57,90.3,0.574,66.94,35.5,0,0,0,0.0,0.0,0,LOW
XYZ20T102761,2026-07-16,18380.2,77.85,82.81,-0.176,61.77,36.18,0,0,0,0.0,0.0,0,LOW
XYZ20T102763,2026-07-16,16062.7,87.27,91.7,-0.01,60.04,34.48,0,0,0,0.0,0.0,0,LOW
XYZ20T102764,2026-07-16,16984.8,88.89,95.67,0.238,77.16,40.05,0,0,0,0.0033,0.3,0,LOW
XYZ20T102770,2026-07-16,11811.2,85.46,91.07,-1.824,34.61,38.74,0,0,0,0.0,0.0,0,LOW
XYZ20T102772,2026-07-16,1670.8,81.08,86.56,-0.274,55.94,36.38,0,0,0,0.0,0.0,0,LOW
XYZ20T102784,2026-07-16,11348.1,77.0,80.34,-0.4,52.81,30.1,0,0,0,0.0,0.0,0,LOW
XYZ20T102790,2026-07-16,23114.9,82.69,88.21,0.069,75.53,31.4,0,0,0,0.0,0.0,0,LOW
XYZ20T102791,2026-07-16,6712.1,78.16,83.53,-0.2,52.22,32.34,0,0,0,0.0,0.0,0,LOW
XYZ20T102798,2026-07-16,9754.4,96.46,101.81,-0.006,77.76,25.38,0,0,0,0.0099,1.0,0,LOW
XYZ20T102805,2026-07-16,8418.6,85.36,92.28,0.53,65.88,41.73,0,0,0,0.0098,1.0,0,LOW
XYZ20T102806,2026-07-16,16291.6,85.41,90.23,-1.356,84.6,31.0,0,0,0,0.0,0.0,0,LOW
XYZ20T102814,2026-07-16,3613.9,82.14,86.06,0.003,52.49,26.29,0,0,0,0.0,0.0,0,LOW
XYZ20T102815,2026-07-16,16640.5,87.3,93.98,-0.992,57.78,28.44,0,0,0,0.0,0.0,0,LOW
XYZ20T102820,2026-07-16,2793.7,83.49,90.06,0.087,50.85,23.87,0,0,0,0.0,0.0,0,LOW
XYZ20T102825,2026-07-16,13926.2,86.7,90.84,0.414,56.52,28.26,0,0,0,0.0,0.0,0,LOW
XYZ20T102833,2026-07-16,14435.8,88.11,97.05,1.236,58.13,44.61,0,0,0,0.3864,38.6,1,MODERATE
XYZ20T102834,2026-07-16,479.8,85.88,92.63,-0.141,63.62,25.09,0,0,0,0.0,0.0,0,LOW
XYZ20T102841,2026-07-16,2097.8,87.86,94.05,-0.249,59.74,31.66,0,0,0,0.0,0.0,0,LOW
XYZ20T102845,2026-07-16,14210.8,84.67,89.0,0.239,47.11,35.29,0,0,0,0.0,0.0,0,LOW
XYZ20T102855,2026-07-16,1672.6,85.02,90.84,-0.225,70.69,26.2,0,0,0,0.0,0.0,0,LOW
XYZ20T102856,2026-07-16,2575.8,82.84,88.77,0.196,59.49,38.73,0,0,0,0.0,0.0,0,LOW
XYZ20T102885,2026-07-16,8110.6,83.39,88.26,-0.106,59.72,32.55,0,0,0,0.0,0.0,0,LOW
XYZ20T102891,2026-07-16,7772.2,80.53,87.43,0.113,37.17,31.0,0,0,0,0.0,0.0,0,LOW
XYZ20T102896,2026-07-16,915.0,88.57,95.58,0.703,50.74,37.01,0,0,0,0.0387,3.9,0,LOW
XYZ20T102903,2026-07-16,1475.0,85.97,89.95,0.064,55.52,34.18,0,0,0,0.0,0.0,0,LOW
XYZ20T102904,2026-07-16,4117.2,81.57,85.2,0.462,63.07,38.92,0,0,0,0.0,0.0,0,LOW
XYZ20T102907,2026-07-16,4087.8,86.07,90.47,-0.571,64.34,31.62,0,0,0,0.0,0.0,0,LOW
XYZ20T102910,2026-07-16,5625.8,85.47,89.8,0.122,76.97,34.09,0,0,0,0.0,0.0,0,LOW
XYZ20T102912,2026-07-16,3811.8,85.03,88.99,-0.155,53.84,44.26,0,0,0,0.0,0.0,0,LOW
XYZ20T102919,2026-07-16,10810.8,80.98,87.91,-0.15,69.04,33.57,0,0,0,0.0,0.0,0,LOW
XYZ20T102924,2026-07-16,13184.6,88.22,91.28,0.16,72.39,34.84,0,0,0,0.0,0.0,0,LOW
XYZ20T102929,2026-07-16,7832.3,78.91,82.87,0.137,52.19,32.53,0,0,0,0.0,0.0,0,LOW
XYZ20T102933,2026-07-16,7942.1,90.28,99.6,1.263,52.12,27.09,1,0,1,0.4968,49.7,1,MODERATE
XYZ20T102934,2026-07-16,5254.2,81.91,88.12,-0.33,67.19,29.11,0,0,0,0.0,0.0,0,LOW
XYZ20T102941,2026-07-16,2439.0,81.26,85.19,-0.081,55.39,27.63,0,0,0,0.0,0.0,0,LOW
XYZ20T102944,2026-07-16,5894.8,80.37,83.88,-0.253,58.85,37.34,0,0,0,0.0,0.0,0,LOW
XYZ20T102950,2026-07-16,12070.5,80.8,84.85,-0.009,64.34,33.98,0,0,0,0.0,0.0,0,LOW
XYZ20T102956,2026-07-16,12902.3,86.41,89.85,0.421,88.39,38.63,0,0,0,0.0,0.0,0,LOW
XYZ20T102960,2026-07-16,3987.7,84.49,91.34,0.173,56.28,32.64,0,0,0,0.0,0.0,0,LOW
XYZ20T102963,2026-07-16,15680.2,81.27,85.45,-0.256,48.41,34.24,0,0,0,0.0,0.0,0,LOW
XYZ20T102974,2026-07-16,16318.7,86.01,89.71,-0.471,56.9,31.84,0,0,0,0.0,0.0,0,LOW
XYZ20T102998,2026-07-16,1856.5,78.22,82.19,0.191,65.65,36.14,0,0,0,0.0,0.0,0,LOW
XYZ20T102999,2026-07-16,6555.8,85.16,90.79,0.341,68.34,27.86,0,0,0,0.0,0.0,0,LOW
XYZ20T103000,2026-07-16,1221.4,83.49,87.53,-0.383,37.71,31.63,0,0,0,0.0,0.0,0,LOW
XYZ20T103005,2026-07-16,1833.3,86.78,93.42,0.112,67.94,32.19,0,0,0,0.0,0.0,0,LOW
XYZ20T103006,2026-07-16,2479.4,83.54,88.64,0.252,61.81,40.7,0,0,0,0.0,0.0,0,LOW
XYZ20T103009,2026-07-16,1488.9,85.57,91.43,-0.277,52.56,37.33,0,0,0,0.0,0.0,0,LOW
XYZ20T103011,2026-07-16,3737.8,81.42,86.32,-1.356,43.19,28.1,0,0,0,0.0,0.0,0,LOW
XYZ20T103017,2026-07-16,8070.7,85.48,89.61,-0.238,43.93,32.92,0,0,0,0.0,0.0,0,LOW
XYZ20T103019,2026-07-16,19298.1,78.73,81.83,0.104,68.93,32.98,0,0,0,0.0,0.0,0,LOW
XYZ20T103021,2026-07-16,11333.4,78.79,84.85,-0.647,49.43,37.35,0,0,0,0.0,0.0,0,LOW
XYZ20T103031,2026-07-16,6391.7,83.73,89.17,-2.085,71.53,35.41,0,0,0,0.0,0.0,0,LOW
XYZ20T103039,2026-07-16,19083.8,82.33,86.49,-1.728,49.02,33.54,0,0,0,0.0,0.0,0,LOW
XYZ20T103046,2026-07-16,7108.3,81.22,85.17,-0.018,53.66,35.74,0,0,0,0.0,0.0,0,LOW
XYZ20T103050,2026-07-16,1407.4,84.5,88.63,0.028,74.78,41.6,0,0,0,0.0,0.0,0,LOW
XYZ20T103052,2026-07-16,14728.3,80.02,84.49,0.014,47.28,37.87,0,0,0,0.0,0.0,0,LOW
XYZ20T103056,2026-07-16,3773.7,84.0,87.56,0.18,54.63,34.77,0,0,0,0.0,0.0,0,LOW
XYZ20T103059,2026-07-16,15274.4,84.99,90.03,-0.575,72.03,29.12,0,0,0,0.0,0.0,0,LOW
XYZ20T103061,2026-07-16,7185.2,83.93,89.59,-0.922,71.52,27.9,0,0,0,0.0,0.0,0,LOW
XYZ20T103065,2026-07-16,11393.5,90.4,94.49,0.365,76.19,40.82,0,0,0,0.0,0.0,0,LOW
XYZ20T103073,2026-07-16,6860.1,76.56,81.48,0.103,43.88,35.33,0,0,0,0.0,0.0,0,LOW
XYZ20T103077,2026-07-16,13327.8,79.04,83.25,0.173,42.34,27.99,0,0,0,0.0,0.0,0,LOW
XYZ20T103080,2026-07-16,4541.9,78.44,82.3,-0.26,56.52,31.35,0,0,0,0.0,0.0,0,LOW
XYZ20T103081,2026-07-16,14270.9,80.65,85.51,0.002,59.19,33.36,0,0,0,0.0,0.0,0,LOW
XYZ20T103084,2026-07-16,24922.9,85.7,88.82,0.073,68.41,35.38,0,0,0,0.0,0.0,0,LOW
XYZ20T103090,2026-07-16,4882.6,85.3,88.62,-0.158,76.11,35.84,0,0,0,0.0,0.0,0,LOW
XYZ20T103091,2026-07-16,10995.2,76.53,80.81,-0.409,45.2,29.76,0,0,0,0.0,0.0,0,LOW
XYZ20T103092,2026-07-16,13202.4,81.4,86.12,-0.323,68.15,42.61,0,0,0,0.0,0.0,0,LOW
XYZ20T103101,2026-07-16,22618.6,82.56,88.18,0.546,50.7,38.91,0,0,0,0.0,0.0,0,LOW
XYZ20T103103,2026-07-16,937.9,81.77,85.08,-1.841,67.56,40.98,0,0,0,0.0,0.0,0,LOW
XYZ20T103112,2026-07-16,12534.9,82.96,89.39,0.05,59.68,35.11,0,0,0,0.0,0.0,0,LOW
XYZ20T103115,2026-07-16,5108.1,78.33,82.44,-0.257,52.01,32.46,0,0,0,0.0,0.0,0,LOW
XYZ20T103116,2026-07-16,17233.1,88.42,98.33,0.75,68.97,28.0,0,0,0,0.2289,22.9,0,LOW
XYZ20T103122,2026-07-16,3003.2,91.24,99.49,1.308,63.57,30.36,0,0,0,0.9214,92.1,1,CRITICAL
XYZ20T103123,2026-07-16,5946.0,89.79,96.42,0.428,57.36,39.88,0,0,0,0.0259,2.6,0,LOW
XYZ20T103140,2026-07-16,12593.7,80.25,85.17,-0.171,47.3,34.84,0,0,0,0.0,0.0,0,LOW
XYZ20T103159,2026-07-16,3270.1,80.46,85.26,0.138,54.77,37.4,0,0,0,0.0,0.0,0,LOW
XYZ20T103161,2026-07-16,5029.6,86.94,92.47,-0.005,65.29,41.01,0,0,0,0.0,0.0,0,LOW
XYZ20T103165,2026-07-16,13028.1,82.42,86.89,-1.769,62.77,33.03,0,0,0,0.0,0.0,0,LOW
XYZ20T103166,2026-07-16,4665.4,82.9,86.14,-0.162,41.46,35.17,0,0,0,0.0,0.0,0,LOW
XYZ20T103168,2026-07-16,13166.0,85.46,89.61,0.169,67.75,30.9,0,0,0,0.0,0.0,0,LOW
XYZ20T103169,2026-07-16,4630.8,81.1,87.84,0.161,51.26,36.33,0,0,0,0.0,0.0,0,LOW
XYZ20T103189,2026-07-16,13723.0,84.17,88.61,-0.117,56.72,34.81,0,0,0,0.0,0.0,0,LOW
XYZ20T103192,2026-07-16,14123.4,84.2,87.81,-0.185,59.11,27.81,0,0,0,0.0,0.0,0,LOW
XYZ20T103197,2026-07-16,12391.3,81.12,86.7,-0.043,80.62,31.32,0,0,0,0.0,0.0,0,LOW
XYZ20T100001,2026-07-17,15281.8,85.85,91.37,-0.044,67.32,29.95,0,0,0,0.0,0.0,0,LOW
XYZ20T100015,2026-07-17,8979.1,81.49,85.38,0.252,52.79,33.44,0,0,0,0.0,0.0,0,LOW
XYZ20T100025,2026-07-17,2763.5,78.23,83.1,-2.19,42.5,48.0,0,0,0,0.0,0.0,0,LOW
XYZ20T100032,2026-07-17,11008.4,85.68,92.3,0.419,56.86,42.54,0,0,0,0.0,0.0,0,LOW
XYZ20T100034,2026-07-17,7000.3,85.73,88.91,-0.282,64.85,43.59,0,0,0,0.0,0.0,0,LOW
XYZ20T100046,2026-07-17,4777.2,87.24,90.9,-0.186,69.03,42.37,0,0,0,0.0,0.0,0,LOW
XYZ20T100047,2026-07-17,2823.6,84.35,87.44,-0.151,31.75,31.18,0,0,0,0.0,0.0,0,LOW
XYZ20T100053,2026-07-17,12965.9,83.81,90.56,0.136,58.8,28.69,0,0,0,0.0,0.0,0,LOW
XYZ20T100054,2026-07-17,13647.6,79.74,86.14,-0.413,72.55,33.48,0,0,0,0.0,0.0,0,LOW
XYZ20T100056,2026-07-17,15377.8,89.23,100.89,1.117,64.93,27.9,0,1,0,0.5244,52.4,1,HIGH
XYZ20T100066,2026-07-17,10026.2,77.16,84.0,0.095,54.13,29.15,0,0,0,0.0,0.0,0,LOW
XYZ20T100070,2026-07-17,12404.8,78.35,81.95,-0.188,41.33,32.35,0,0,0,0.0,0.0,0,LOW
XYZ20T100076,2026-07-17,4570.3,77.5,82.92,-0.418,40.33,34.68,0,0,0,0.0,0.0,0,LOW
XYZ20T100083,2026-07-17,8271.5,81.93,88.07,0.172,45.42,34.61,0,0,0,0.0,0.0,0,LOW
XYZ20T100091,2026-07-17,12893.8,80.94,84.23,0.389,80.7,31.96,0,0,0,0.0,0.0,0,LOW
XYZ20T100096,2026-07-17,1987.8,79.48,84.68,-0.102,62.13,34.52,0,0,0,0.0,0.0,0,LOW
XYZ20T100105,2026-07-17,8006.6,82.83,86.88,0.388,68.36,31.79,0,0,0,0.0,0.0,0,LOW
XYZ20T100110,2026-07-17,7692.9,80.35,85.18,-0.587,62.49,25.49,0,0,0,0.0,0.0,0,LOW
XYZ20T100112,2026-07-17,14429.7,80.91,84.52,-0.095,49.63,40.07,0,0,0,0.0,0.0,0,LOW
XYZ20T100128,2026-07-17,13589.8,77.24,80.88,-0.171,29.12,36.47,0,0,0,0.0,0.0,0,LOW
XYZ20T100138,2026-07-17,9664.9,84.02,90.9,-0.441,60.62,40.46,0,0,0,0.0,0.0,0,LOW
XYZ20T100143,2026-07-17,3703.7,85.79,88.99,0.32,49.89,29.88,0,0,0,0.0,0.0,0,LOW
XYZ20T100145,2026-07-17,9283.4,81.72,84.9,0.357,56.87,42.33,0,0,0,0.0,0.0,0,LOW
XYZ20T100148,2026-07-17,3688.8,86.11,91.54,0.012,64.78,31.48,0,0,0,0.0,0.0,0,LOW
XYZ20T100153,2026-07-17,14555.6,79.43,83.07,0.307,59.57,34.16,0,0,0,0.0,0.0,0,LOW
XYZ20T100156,2026-07-17,4735.0,86.26,91.77,-0.409,59.43,29.14,0,0,0,0.0,0.0,0,LOW
XYZ20T100166,2026-07-17,2850.1,76.57,83.01,-0.356,43.37,20.43,0,0,0,0.0,0.0,0,LOW
XYZ20T100174,2026-07-17,23522.2,81.7,87.24,-0.039,64.11,41.45,0,0,0,0.0,0.0,0,LOW
XYZ20T100177,2026-07-17,1157.8,83.27,89.5,-0.017,59.99,30.87,0,0,0,0.0,0.0,0,LOW
XYZ20T100178,2026-07-17,20680.4,83.88,89.21,0.342,63.46,33.13,0,0,0,0.0,0.0,0,LOW
XYZ20T100179,2026-07-17,1340.0,85.24,90.66,0.394,60.89,23.44,0,0,0,0.0,0.0,0,LOW
XYZ20T100181,2026-07-17,19296.6,85.33,89.26,0.092,71.35,27.07,0,0,0,0.0,0.0,0,LOW
XYZ20T100182,2026-07-17,18593.8,83.12,86.73,0.266,63.74,32.0,0,0,0,0.0,0.0,0,LOW
XYZ20T100187,2026-07-17,14940.1,80.23,85.41,-0.227,54.72,34.79,0,0,0,0.0,0.0,0,LOW
XYZ20T100188,2026-07-17,16405.1,85.82,92.3,0.306,82.42,27.62,0,0,0,0.0,0.0,0,LOW
XYZ20T100192,2026-07-17,21445.0,85.8,90.37,0.093,74.68,25.11,0,0,0,0.0,0.0,0,LOW
XYZ20T100196,2026-07-17,3801.8,81.21,86.7,-0.291,61.94,36.63,0,0,0,0.0,0.0,0,LOW
XYZ20T100198,2026-07-17,1840.9,80.31,84.54,-0.021,66.45,27.0,0,0,0,0.0,0.0,0,LOW
XYZ20T100200,2026-07-17,4105.3,84.09,87.66,-0.215,36.88,32.26,0,0,0,0.0,0.0,0,LOW
XYZ20T100207,2026-07-17,6879.1,79.65,82.66,0.349,61.38,32.74,0,0,0,0.0,0.0,0,LOW
XYZ20T100215,2026-07-17,7258.7,84.56,89.43,0.115,66.99,39.42,0,0,0,0.0,0.0,0,LOW
XYZ20T100243,2026-07-17,8565.4,81.17,85.73,0.038,65.51,38.04,0,0,0,0.0,0.0,0,LOW
XYZ20T100244,2026-07-17,3357.6,82.6,87.8,0.694,66.81,36.19,0,0,0,0.0,0.0,0,LOW
XYZ20T100250,2026-07-17,7101.4,78.23,83.94,0.059,77.42,32.63,0,0,0,0.0,0.0,0,LOW
XYZ20T100255,2026-07-17,4717.5,82.82,87.16,-0.165,70.27,35.34,0,0,0,0.0,0.0,0,LOW
XYZ20T100258,2026-07-17,9448.5,84.69,88.13,0.452,76.4,37.6,0,0,0,0.0,0.0,0,LOW
XYZ20T100260,2026-07-17,15780.4,84.21,87.87,-0.277,62.39,29.82,0,0,0,0.0,0.0,0,LOW
XYZ20T100261,2026-07-17,16354.1,85.2,88.28,-0.067,63.85,39.01,0,0,0,0.0,0.0,0,LOW
XYZ20T100270,2026-07-17,6056.4,81.24,86.18,0.364,64.43,31.47,0,0,0,0.0,0.0,0,LOW
XYZ20T100274,2026-07-17,7470.6,81.29,87.09,-0.248,43.6,39.85,0,0,0,0.0,0.0,0,LOW
XYZ20T100293,2026-07-17,4505.4,77.3,81.57,-0.334,56.33,32.27,0,0,0,0.0,0.0,0,LOW
XYZ20T100295,2026-07-17,784.1,81.79,87.15,0.348,74.42,37.35,0,0,0,0.0,0.0,0,LOW
XYZ20T100299,2026-07-17,19869.7,86.54,92.35,-1.473,59.0,33.42,0,0,0,0.0,0.0,0,LOW
XYZ20T100301,2026-07-17,18723.7,80.97,86.66,0.493,49.89,43.15,0,0,0,0.0,0.0,0,LOW
XYZ20T100303,2026-07-17,24919.6,75.77,80.03,-0.409,52.04,31.73,0,0,0,0.0,0.0,0,LOW
XYZ20T100304,2026-07-17,11022.5,85.67,88.81,-0.357,62.67,40.37,0,0,0,0.0,0.0,0,LOW
XYZ20T100306,2026-07-17,12485.0,88.03,92.65,-0.403,80.68,35.56,0,0,0,0.0,0.0,0,LOW
XYZ20T100320,2026-07-17,787.8,79.76,85.8,0.026,54.65,34.04,0,0,0,0.0,0.0,0,LOW
XYZ20T100324,2026-07-17,12978.3,83.17,89.17,-0.289,65.35,22.01,0,0,0,0.0,0.0,0,LOW
XYZ20T100327,2026-07-17,1670.6,75.75,80.83,-0.415,35.68,35.25,0,0,0,0.0066,0.7,0,LOW
XYZ20T100328,2026-07-17,17262.1,85.59,90.92,0.129,70.62,35.92,0,0,0,0.0,0.0,0,LOW
XYZ20T100329,2026-07-17,3361.5,82.6,86.79,-0.394,73.87,29.03,0,0,0,0.0,0.0,0,LOW
XYZ20T100331,2026-07-17,24857.4,85.37,90.35,-0.153,49.9,39.17,0,0,0,0.0,0.0,0,LOW
XYZ20T100332,2026-07-17,24891.8,81.6,88.28,-0.398,56.02,34.34,0,0,0,0.0,0.0,0,LOW
XYZ20T100338,2026-07-17,6519.8,78.51,83.26,0.105,55.28,34.85,0,0,0,0.0,0.0,0,LOW
XYZ20T100339,2026-07-17,2945.5,85.33,91.74,0.363,72.99,24.9,0,0,0,0.0,0.0,0,LOW
XYZ20T100350,2026-07-17,10880.1,82.58,87.74,-0.291,75.78,26.23,0,0,0,0.0,0.0,0,LOW
XYZ20T100361,2026-07-17,17433.8,79.46,85.12,-0.459,56.65,29.3,0,0,0,0.0,0.0,0,LOW
XYZ20T100371,2026-07-17,10118.4,90.68,100.25,0.866,54.57,37.05,0,0,0,0.3433,34.3,1,MODERATE
XYZ20T100373,2026-07-17,13695.9,80.25,86.73,0.033,61.3,36.75,0,0,0,0.0,0.0,0,LOW
XYZ20T100377,2026-07-17,12298.8,86.9,93.36,0.17,63.0,37.76,0,0,0,0.0,0.0,0,LOW
XYZ20T100379,2026-07-17,8476.7,81.86,86.43,0.072,80.41,31.27,0,0,0,0.0,0.0,0,LOW
XYZ20T100380,2026-07-17,7510.0,79.89,85.41,0.091,56.51,35.19,0,0,0,0.0,0.0,0,LOW
XYZ20T100382,2026-07-17,12255.2,93.64,98.53,1.676,70.67,36.59,0,0,0,0.714,71.4,1,HIGH
XYZ20T100392,2026-07-17,15068.2,90.45,98.5,1.668,69.51,32.16,0,0,0,0.9113,91.1,1,CRITICAL
XYZ20T100399,2026-07-17,4663.2,79.97,86.29,0.156,77.97,32.46,0,0,0,0.0,0.0,0,LOW
XYZ20T100401,2026-07-17,10711.7,96.3,105.12,1.196,62.36,26.83,1,0,0,0.4776,47.8,1,MODERATE
XYZ20T100412,2026-07-17,1990.2,80.06,84.54,0.188,43.46,29.29,0,0,0,0.0,0.0,0,LOW
XYZ20T100416,2026-07-17,2898.5,79.3,83.45,0.097,52.89,31.2,0,0,0,0.0,0.0,0,LOW
XYZ20T100418,2026-07-17,7463.6,86.78,93.97,0.866,63.1,29.59,0,0,0,0.1175,11.8,0,LOW
XYZ20T100419,2026-07-17,7484.7,93.58,100.18,1.103,75.31,40.66,0,0,0,0.6372,63.7,1,HIGH
XYZ20T100424,2026-07-17,16329.6,79.23,85.53,-0.28,59.59,32.77,0,0,0,0.0,0.0,0,LOW
XYZ20T100427,2026-07-17,1691.5,86.94,90.09,0.24,52.7,45.75,0,0,0,0.0,0.0,0,LOW
XYZ20T100430,2026-07-17,13555.4,79.76,82.87,-0.088,55.17,39.94,0,0,0,0.0,0.0,0,LOW
XYZ20T100432,2026-07-17,684.2,86.89,90.56,0.283,51.77,28.07,0,0,0,0.0,0.0,0,LOW
XYZ20T100436,2026-07-17,3797.9,87.36,92.67,0.74,70.57,31.87,0,0,0,0.0289,2.9,0,LOW
XYZ20T100440,2026-07-17,15385.0,78.55,81.6,-0.258,47.17,30.39,0,0,0,0.0,0.0,0,LOW
XYZ20T100447,2026-07-17,6998.6,88.15,94.65,0.028,67.08,41.18,0,0,0,0.0,0.0,0,LOW
XYZ20T100449,2026-07-17,12471.7,82.95,86.67,0.164,64.07,35.75,0,0,0,0.0,0.0,0,LOW
XYZ20T100450,2026-07-17,6530.6,84.65,90.02,-0.174,61.59,31.89,0,0,0,0.0,0.0,0,LOW
XYZ20T100452,2026-07-17,9990.6,90.68,98.8,1.364,49.5,26.57,0,0,0,0.1422,14.2,0,LOW
XYZ20T100457,2026-07-17,4930.1,78.45,85.14,-0.335,58.6,35.45,0,0,0,0.0,0.0,0,LOW
XYZ20T100458,2026-07-17,4097.5,79.16,83.96,0.085,59.45,35.55,0,0,0,0.0,0.0,0,LOW
XYZ20T100462,2026-07-17,4236.8,89.03,95.25,-0.045,71.66,38.81,0,0,0,0.0,0.0,0,LOW
XYZ20T100468,2026-07-17,7024.0,87.27,92.41,0.333,61.72,30.51,0,0,0,0.0,0.0,0,LOW
XYZ20T100469,2026-07-17,8260.6,85.14,88.59,0.049,80.02,37.9,0,0,0,0.0,0.0,0,LOW
XYZ20T100475,2026-07-17,14586.9,86.78,90.27,0.311,62.33,29.35,0,0,0,0.0,0.0,0,LOW
XYZ20T100477,2026-07-17,5554.6,78.47,83.66,-0.315,53.52,27.2,0,0,0,0.0,0.0,0,LOW
XYZ20T100483,2026-07-17,22482.8,83.01,87.65,-0.357,41.6,30.61,0,0,0,0.0,0.0,0,LOW
XYZ20T100491,2026-07-17,8846.1,76.65,80.74,-0.325,56.63,30.86,0,0,0,0.0,0.0,0,LOW
XYZ20T100498,2026-07-17,24910.1,86.78,91.19,0.094,59.47,34.26,0,0,0,0.0,0.0,0,LOW
XYZ20T100499,2026-07-17,15743.9,78.77,82.27,0.203,53.77,27.51,0,0,0,0.0,0.0,0,LOW
XYZ20T100500,2026-07-17,1429.0,83.71,88.1,-1.773,40.29,27.84,0,0,0,0.0,0.0,0,LOW
XYZ20T100503,2026-07-17,11163.7,78.82,83.19,-0.872,50.77,30.45,0,0,0,0.0,0.0,0,LOW
XYZ20T100507,2026-07-17,5497.0,79.58,85.37,-0.048,76.04,33.09,0,0,0,0.0,0.0,0,LOW
XYZ20T100517,2026-07-17,7898.2,84.65,88.31,0.224,77.83,44.37,0,0,0,0.0,0.0,0,LOW
XYZ20T100528,2026-07-17,15076.3,80.46,83.74,-0.161,62.41,27.1,0,0,0,0.0,0.0,0,LOW
XYZ20T100529,2026-07-17,16271.5,81.75,86.68,0.125,48.73,37.89,0,0,0,0.0,0.0,0,LOW
XYZ20T100533,2026-07-17,1873.3,85.73,89.19,-0.033,57.08,33.42,0,0,0,0.0,0.0,0,LOW
XYZ20T100537,2026-07-17,23168.4,82.04,86.98,0.814,58.31,31.08,0,0,0,0.0099,1.0,0,LOW
XYZ20T100541,2026-07-17,13005.1,80.63,87.37,-0.211,70.86,34.77,0,0,0,0.0,0.0,0,LOW
XYZ20T100551,2026-07-17,12973.9,80.75,85.32,0.076,61.32,29.45,0,0,0,0.0,0.0,0,LOW
XYZ20T100552,2026-07-17,3391.1,80.75,85.16,0.261,45.06,33.67,0,0,0,0.0,0.0,0,LOW
XYZ20T100556,2026-07-17,11051.9,78.96,82.58,0.124,60.48,42.13,0,0,0,0.0,0.0,0,LOW
XYZ20T100557,2026-07-17,8813.5,84.94,90.9,-2.122,59.69,37.78,0,0,0,0.0,0.0,0,LOW
XYZ20T100560,2026-07-17,765.4,77.89,84.66,-0.002,66.13,35.17,0,0,0,0.0,0.0,0,LOW
XYZ20T100569,2026-07-17,9642.5,81.58,87.26,-0.265,52.39,42.12,0,0,0,0.0,0.0,0,LOW
XYZ20T100573,2026-07-17,2616.2,91.42,100.93,1.13,63.38,38.17,1,1,0,0.7791,77.9,1,CRITICAL
XYZ20T100580,2026-07-17,6942.7,84.22,89.84,0.136,69.93,35.04,0,0,0,0.0,0.0,0,LOW
XYZ20T100581,2026-07-17,11276.0,82.73,86.04,0.015,53.71,34.91,0,0,0,0.0,0.0,0,LOW
XYZ20T100583,2026-07-17,14338.9,89.44,93.16,0.483,66.81,35.95,0,0,0,0.0,0.0,0,LOW
XYZ20T100586,2026-07-17,11182.7,80.42,84.23,-1.687,37.95,36.64,0,0,0,0.0,0.0,0,LOW
XYZ20T100591,2026-07-17,13989.3,85.49,88.54,-0.05,33.92,37.91,0,0,0,0.0033,0.3,0,LOW
XYZ20T100592,2026-07-17,24075.5,85.87,90.22,-0.182,63.29,41.41,0,0,0,0.0,0.0,0,LOW
XYZ20T100594,2026-07-17,12361.5,83.99,89.19,0.216,62.46,37.66,0,0,0,0.0,0.0,0,LOW
XYZ20T100595,2026-07-17,7916.2,87.48,92.63,0.352,66.22,33.88,0,0,0,0.0,0.0,0,LOW
XYZ20T100597,2026-07-17,2455.5,81.64,88.16,-0.258,46.25,40.41,0,0,0,0.0,0.0,0,LOW
XYZ20T100600,2026-07-17,19839.9,79.96,85.24,-0.075,69.66,27.97,0,0,0,0.0,0.0,0,LOW
XYZ20T100604,2026-07-17,4198.8,78.14,84.61,-0.113,43.18,33.35,0,0,0,0.0,0.0,0,LOW
XYZ20T100610,2026-07-17,18781.9,80.5,86.43,-0.015,75.1,35.59,0,0,0,0.0,0.0,0,LOW
XYZ20T100621,2026-07-17,8355.4,92.23,98.01,-0.307,49.61,30.08,0,0,0,0.0066,0.7,0,LOW
XYZ20T100624,2026-07-17,5257.2,85.22,90.22,0.528,72.25,32.18,0,0,0,0.0032,0.3,0,LOW
XYZ20T100625,2026-07-17,6992.0,84.62,89.45,1.075,62.87,33.75,0,0,0,0.0397,4.0,0,LOW
XYZ20T100630,2026-07-17,6167.2,83.23,86.91,-0.03,62.54,40.12,0,0,0,0.0,0.0,0,LOW
XYZ20T100633,2026-07-17,2765.8,80.8,86.4,0.634,68.5,41.24,0,0,0,0.0,0.0,0,LOW
XYZ20T100636,2026-07-17,13016.9,80.57,87.08,-0.255,69.06,40.37,0,0,0,0.0,0.0,0,LOW
XYZ20T100641,2026-07-17,14851.9,86.65,90.98,-0.167,63.02,33.28,0,0,0,0.0,0.0,0,LOW
XYZ20T100643,2026-07-17,4196.8,81.04,86.19,-0.351,62.8,26.99,0,0,0,0.0,0.0,0,LOW
XYZ20T100652,2026-07-17,525.8,86.29,90.87,-0.089,64.46,33.3,0,0,0,0.0,0.0,0,LOW
XYZ20T100656,2026-07-17,15855.3,83.11,86.39,-0.966,58.8,35.78,0,0,0,0.0,0.0,0,LOW
XYZ20T100662,2026-07-17,17104.8,85.39,90.46,-2.294,55.31,27.68,0,0,0,0.0,0.0,0,LOW
XYZ20T100675,2026-07-17,9987.1,91.34,102.53,1.124,53.75,28.44,1,1,0,0.8956,89.6,1,CRITICAL
XYZ20T100676,2026-07-17,18236.9,83.96,88.79,0.39,51.69,36.85,0,0,0,0.0,0.0,0,LOW
XYZ20T100684,2026-07-17,5611.9,78.19,84.05,-0.321,41.04,30.04,0,0,0,0.0,0.0,0,LOW
XYZ20T100685,2026-07-17,1587.1,82.39,88.73,-0.064,57.45,34.49,0,0,0,0.0,0.0,0,LOW
XYZ20T100704,2026-07-17,8723.2,77.31,80.36,-0.054,50.21,30.56,0,0,0,0.0,0.0,0,LOW
XYZ20T100712,2026-07-17,469.1,85.13,91.7,-0.113,51.58,35.75,0,0,0,0.0,0.0,0,LOW
XYZ20T100714,2026-07-17,19031.0,85.48,90.4,0.577,55.45,32.3,0,0,0,0.0032,0.3,0,LOW
XYZ20T100716,2026-07-17,5999.3,79.72,83.34,-0.338,51.12,31.7,0,0,0,0.0,0.0,0,LOW
XYZ20T100724,2026-07-17,4511.7,76.54,80.61,-1.151,42.53,31.9,0,0,0,0.0,0.0,0,LOW
XYZ20T100726,2026-07-17,6284.1,84.54,90.3,0.156,51.71,33.05,0,0,0,0.0,0.0,0,LOW
XYZ20T100730,2026-07-17,5734.6,84.27,88.42,-0.182,62.21,30.47,0,0,0,0.0,0.0,0,LOW
XYZ20T100740,2026-07-17,12389.3,82.11,86.29,-0.238,54.38,30.1,0,0,0,0.0,0.0,0,LOW
XYZ20T100747,2026-07-17,1589.2,79.81,85.32,-1.201,70.81,30.39,0,0,0,0.0,0.0,0,LOW
XYZ20T100759,2026-07-17,11402.5,86.29,92.0,-0.072,52.1,27.61,0,0,0,0.0066,0.7,0,LOW
XYZ20T100764,2026-07-17,19180.8,83.95,89.35,0.463,57.83,41.7,0,0,0,0.0,0.0,0,LOW
XYZ20T100766,2026-07-17,19701.8,80.18,83.73,-0.178,60.74,27.42,0,0,0,0.0,0.0,0,LOW
XYZ20T100773,2026-07-17,16895.7,80.1,85.96,-0.226,58.3,32.48,0,0,0,0.0,0.0,0,LOW
XYZ20T100778,2026-07-17,828.7,80.38,85.86,-0.317,50.27,27.05,0,0,0,0.0,0.0,0,LOW
XYZ20T100781,2026-07-17,15759.5,82.09,85.27,0.406,59.74,30.27,0,0,0,0.0,0.0,0,LOW
XYZ20T100793,2026-07-17,24816.8,78.25,84.82,0.024,41.57,36.01,0,0,0,0.0,0.0,0,LOW
XYZ20T100796,2026-07-17,9637.1,84.26,90.89,-0.145,40.16,27.82,0,0,0,0.0,0.0,0,LOW
XYZ20T100809,2026-07-17,6255.3,82.72,89.13,-0.172,72.46,23.99,0,0,0,0.0,0.0,0,LOW
XYZ20T100826,2026-07-17,17551.7,78.43,84.41,-0.35,62.94,35.15,0,0,0,0.0,0.0,0,LOW
XYZ20T100827,2026-07-17,9888.1,86.25,92.01,0.317,58.74,37.47,0,0,0,0.0,0.0,0,LOW
XYZ20T100829,2026-07-17,14999.5,94.0,103.7,1.355,78.15,37.0,1,0,0,0.823,82.3,1,CRITICAL
XYZ20T100832,2026-07-17,16713.7,84.53,88.57,-0.218,53.4,39.87,0,0,0,0.0,0.0,0,LOW
XYZ20T100833,2026-07-17,3774.6,87.43,93.15,0.253,83.51,33.32,0,0,0,0.0,0.0,0,LOW
XYZ20T100840,2026-07-17,10952.4,84.46,88.44,-0.262,70.74,36.89,0,0,0,0.0,0.0,0,LOW
XYZ20T100844,2026-07-17,2894.7,82.31,89.13,-0.133,58.24,37.01,0,0,0,0.0,0.0,0,LOW
XYZ20T100848,2026-07-17,12882.8,77.51,81.94,-0.027,56.77,25.34,0,0,0,0.0,0.0,0,LOW
XYZ20T100849,2026-07-17,10565.5,79.14,82.52,0.246,69.0,28.94,0,0,0,0.0,0.0,0,LOW
XYZ20T100851,2026-07-17,22321.8,78.3,81.85,-0.15,65.93,26.54,0,0,0,0.0,0.0,0,LOW
XYZ20T100856,2026-07-17,20079.9,83.29,87.37,0.251,75.71,40.15,0,0,0,0.0,0.0,0,LOW
XYZ20T100858,2026-07-17,2927.8,89.89,93.02,0.707,71.35,41.1,0,0,0,0.0189,1.9,0,LOW
XYZ20T100868,2026-07-17,21141.4,83.3,87.04,0.379,56.35,42.11,0,0,0,0.0,0.0,0,LOW
XYZ20T100869,2026-07-17,4249.6,87.62,92.74,0.386,61.73,36.84,0,0,0,0.0,0.0,0,LOW
XYZ20T100871,2026-07-17,8823.7,78.01,82.15,-0.382,47.06,30.6,0,0,0,0.0,0.0,0,LOW
XYZ20T100877,2026-07-17,17810.6,89.32,94.87,0.569,71.14,30.01,0,0,0,0.0757,7.6,0,LOW
XYZ20T100879,2026-07-17,9774.8,83.02,88.6,0.36,59.75,32.83,0,0,0,0.0,0.0,0,LOW
XYZ20T100881,2026-07-17,11823.7,88.02,94.11,0.461,54.22,38.64,0,0,0,0.0,0.0,0,LOW
XYZ20T100884,2026-07-17,5679.8,86.8,93.54,-0.454,62.86,33.18,0,0,0,0.0,0.0,0,LOW
XYZ20T100899,2026-07-17,10228.2,79.67,83.5,-0.124,38.32,32.29,0,0,0,0.0,0.0,0,LOW
XYZ20T100901,2026-07-17,6449.1,82.48,88.04,0.451,64.63,31.24,0,0,0,0.0,0.0,0,LOW
XYZ20T100902,2026-07-17,22362.5,81.49,87.43,-0.302,50.39,27.08,0,0,0,0.0,0.0,0,LOW
XYZ20T100907,2026-07-17,14847.0,79.88,86.69,0.362,52.26,36.42,0,0,0,0.0,0.0,0,LOW
XYZ20T100908,2026-07-17,1902.4,84.35,91.2,0.375,78.56,37.47,0,0,0,0.0,0.0,0,LOW
XYZ20T100911,2026-07-17,2883.4,87.92,92.53,-0.355,67.58,39.91,0,0,0,0.0,0.0,0,LOW
XYZ20T100915,2026-07-17,7582.5,87.88,97.25,0.987,54.92,31.91,0,0,1,0.6957,69.6,1,HIGH
XYZ20T100919,2026-07-17,9487.6,80.29,84.34,-0.019,55.89,32.71,0,0,0,0.0,0.0,0,LOW
XYZ20T100924,2026-07-17,13672.6,84.25,90.25,-0.394,58.32,26.43,0,0,0,0.0,0.0,0,LOW
XYZ20T100926,2026-07-17,18246.9,81.07,85.53,0.347,73.67,36.66,0,0,0,0.0,0.0,0,LOW
XYZ20T100934,2026-07-17,4589.8,76.22,81.76,-0.107,64.98,30.78,0,0,0,0.0,0.0,0,LOW
XYZ20T100947,2026-07-17,3857.5,92.98,99.49,1.611,59.92,44.64,1,0,0,0.9633,96.3,1,CRITICAL
XYZ20T100976,2026-07-17,2053.7,80.17,83.28,-0.031,48.19,29.54,0,0,0,0.0,0.0,0,LOW
XYZ20T100978,2026-07-17,17522.8,84.91,90.23,0.089,77.8,37.74,0,0,0,0.0,0.0,0,LOW
XYZ20T100986,2026-07-17,5191.3,85.93,90.77,0.161,61.78,34.99,0,0,0,0.0,0.0,0,LOW
XYZ20T100988,2026-07-17,12856.8,79.07,84.66,-0.485,58.3,29.52,0,0,0,0.0,0.0,0,LOW
XYZ20T100989,2026-07-17,4822.7,82.57,86.66,-2.648,38.26,26.41,0,0,0,0.0,0.0,0,LOW
XYZ20T100991,2026-07-17,4611.3,87.46,93.41,0.213,55.97,35.3,0,0,0,0.0,0.0,0,LOW
XYZ20T100992,2026-07-17,3396.3,88.85,95.91,1.45,50.8,36.74,1,1,0,0.474,47.4,1,MODERATE
XYZ20T100993,2026-07-17,2948.2,79.25,85.66,-0.208,66.88,35.32,0,0,0,0.0,0.0,0,LOW
XYZ20T100999,2026-07-17,5688.2,82.84,89.65,0.159,57.63,27.77,0,0,0,0.0,0.0,0,LOW
XYZ20T101011,2026-07-17,3960.9,85.99,89.82,-0.373,64.18,43.61,0,0,0,0.0,0.0,0,LOW
XYZ20T101013,2026-07-17,8664.6,82.82,87.35,0.03,55.71,28.93,0,0,0,0.0,0.0,0,LOW
XYZ20T101017,2026-07-17,15744.9,85.59,96.04,0.238,53.05,25.37,0,1,0,0.0697,7.0,0,LOW
XYZ20T101030,2026-07-17,14410.7,84.79,92.65,0.639,48.92,30.28,0,0,0,0.1455,14.6,0,LOW
XYZ20T101041,2026-07-17,11047.8,89.34,95.31,-0.091,73.69,28.9,0,0,0,0.0033,0.3,0,LOW
XYZ20T101067,2026-07-17,4334.5,81.02,87.72,0.085,43.18,43.57,0,0,0,0.0,0.0,0,LOW
XYZ20T101069,2026-07-17,20622.6,83.54,89.0,0.002,52.83,26.38,0,0,0,0.0,0.0,0,LOW
XYZ20T101070,2026-07-17,762.1,87.05,92.83,0.007,74.34,38.41,0,0,0,0.0,0.0,0,LOW
XYZ20T101080,2026-07-17,2762.4,81.5,84.57,0.423,76.92,26.29,0,0,0,0.0,0.0,0,LOW
XYZ20T101090,2026-07-17,889.2,86.55,90.49,-0.359,45.06,37.41,0,0,0,0.0,0.0,0,LOW
XYZ20T101094,2026-07-17,13383.2,80.19,85.64,-0.213,67.06,35.87,0,0,0,0.0,0.0,0,LOW
XYZ20T101096,2026-07-17,2437.2,93.09,99.48,0.042,73.31,32.54,0,0,0,0.0197,2.0,0,LOW
XYZ20T101100,2026-07-17,5597.1,99.05,106.08,1.759,76.21,30.41,0,1,0,0.8366,83.7,1,CRITICAL
XYZ20T101102,2026-07-17,24856.1,81.76,84.84,0.077,77.93,40.44,0,0,0,0.0,0.0,0,LOW
XYZ20T101107,2026-07-17,15824.4,78.6,82.87,-0.17,73.46,30.67,0,0,0,0.0,0.0,0,LOW
XYZ20T101112,2026-07-17,5843.5,90.9,98.32,1.899,51.7,35.72,1,0,1,0.863,86.3,1,CRITICAL
XYZ20T101117,2026-07-17,3067.1,84.68,88.18,-0.168,37.3,45.36,0,0,0,0.0,0.0,0,LOW
XYZ20T101120,2026-07-17,12900.1,83.98,89.11,0.13,34.72,32.71,0,0,0,0.0,0.0,0,LOW
XYZ20T101122,2026-07-17,10724.5,85.64,93.81,0.431,70.53,29.41,0,1,0,0.0,0.0,0,LOW
XYZ20T101132,2026-07-17,3587.8,82.3,88.26,0.192,60.41,37.63,0,0,0,0.0033,0.3,0,LOW
XYZ20T101134,2026-07-17,21161.0,86.28,91.87,0.431,66.61,35.46,0,0,0,0.0,0.0,0,LOW
XYZ20T101142,2026-07-17,4991.1,83.3,86.43,0.293,46.84,32.36,0,0,0,0.0,0.0,0,LOW
XYZ20T101147,2026-07-17,24424.8,85.15,91.2,-0.082,62.89,34.73,0,0,0,0.0,0.0,0,LOW
XYZ20T101149,2026-07-17,12452.5,78.65,83.02,-1.813,33.29,34.5,0,0,0,0.0,0.0,0,LOW
XYZ20T101150,2026-07-17,16869.1,77.85,84.37,-0.08,58.64,30.8,0,0,0,0.0,0.0,0,LOW
XYZ20T101153,2026-07-17,3993.1,85.23,89.58,-0.378,55.08,29.66,0,0,0,0.0,0.0,0,LOW
XYZ20T101156,2026-07-17,10537.4,79.55,83.07,0.099,41.52,40.04,0,0,0,0.0,0.0,0,LOW
XYZ20T101158,2026-07-17,5737.8,91.88,98.58,0.489,69.39,36.9,0,0,0,0.0295,2.9,0,LOW
XYZ20T101165,2026-07-17,18370.5,78.95,84.25,-0.207,71.58,45.28,0,0,0,0.0,0.0,0,LOW
XYZ20T101169,2026-07-17,11302.7,80.21,86.54,-0.306,64.26,34.23,0,0,0,0.0,0.0,0,LOW
XYZ20T101173,2026-07-17,321.7,85.28,89.73,0.27,77.97,30.29,0,0,0,0.0,0.0,0,LOW
XYZ20T101175,2026-07-17,4931.5,87.05,90.52,0.34,79.16,27.79,0,0,0,0.0,0.0,0,LOW
XYZ20T101192,2026-07-17,5469.5,85.11,90.18,0.022,59.78,31.54,1,0,0,0.0,0.0,0,LOW
XYZ20T101205,2026-07-17,8631.5,79.5,84.71,-0.061,61.17,37.92,0,0,0,0.0,0.0,0,LOW
XYZ20T101208,2026-07-17,10423.6,84.3,87.75,0.055,36.79,39.41,0,0,0,0.0,0.0,0,LOW
XYZ20T101210,2026-07-17,7227.3,86.74,92.0,-0.659,67.53,34.36,0,0,0,0.0,0.0,0,LOW
XYZ20T101215,2026-07-17,13644.2,92.05,97.1,0.649,85.83,48.0,0,0,0,0.1313,13.1,0,LOW
XYZ20T101216,2026-07-17,1178.6,80.68,84.22,-0.537,55.96,33.1,0,0,0,0.0,0.0,0,LOW
XYZ20T101220,2026-07-17,17259.1,87.74,93.23,0.138,51.42,31.54,0,0,0,0.0,0.0,0,LOW
XYZ20T101222,2026-07-17,24691.0,80.38,86.76,0.041,65.2,34.99,0,0,0,0.0,0.0,0,LOW
XYZ20T101227,2026-07-17,668.1,92.68,101.05,1.247,60.87,33.5,0,0,0,0.6342,63.4,1,HIGH
XYZ20T101233,2026-07-17,10680.4,87.36,92.66,0.517,60.63,38.9,0,0,0,0.0033,0.3,0,LOW
XYZ20T101236,2026-07-17,10179.1,90.69,97.55,-0.214,57.5,39.96,0,0,0,0.0197,2.0,0,LOW
XYZ20T101237,2026-07-17,1018.4,84.86,90.69,0.622,50.65,29.62,0,0,0,0.0066,0.7,0,LOW
XYZ20T101240,2026-07-17,2605.5,80.33,86.1,0.047,63.01,38.05,0,0,0,0.0,0.0,0,LOW
XYZ20T101242,2026-07-17,13361.1,82.19,87.86,0.265,59.13,28.48,0,0,0,0.0,0.0,0,LOW
XYZ20T101273,2026-07-17,14589.3,82.94,86.76,-0.264,58.6,36.66,0,0,0,0.0,0.0,0,LOW
XYZ20T101274,2026-07-17,3229.1,80.15,85.76,-2.266,65.12,30.36,0,0,0,0.0,0.0,0,LOW
XYZ20T101275,2026-07-17,6600.7,79.2,82.86,-0.016,65.27,31.48,0,0,0,0.0,0.0,0,LOW
XYZ20T101277,2026-07-17,14840.8,81.76,85.94,0.096,49.61,35.37,0,0,0,0.0,0.0,0,LOW
XYZ20T101280,2026-07-17,1046.4,84.13,90.92,-0.212,65.21,36.93,0,0,0,0.0,0.0,0,LOW
XYZ20T101286,2026-07-17,2211.3,79.31,82.91,-0.316,74.06,26.52,0,0,0,0.0,0.0,0,LOW
XYZ20T101290,2026-07-17,13989.4,80.39,83.71,0.085,70.99,27.81,1,0,0,0.0,0.0,0,LOW
XYZ20T101298,2026-07-17,21958.0,89.5,93.56,0.511,86.11,31.8,0,0,0,0.0163,1.6,0,LOW
XYZ20T101299,2026-07-17,6245.3,85.06,89.09,0.492,51.24,42.99,0,0,0,0.0,0.0,0,LOW
XYZ20T101301,2026-07-17,18512.0,79.63,86.12,0.238,56.95,38.88,0,0,0,0.0,0.0,0,LOW
XYZ20T101306,2026-07-17,1028.0,84.57,87.86,0.05,73.55,26.15,0,0,0,0.0,0.0,0,LOW
XYZ20T101308,2026-07-17,8519.7,84.19,89.33,0.461,56.89,29.19,0,0,0,0.0,0.0,0,LOW
XYZ20T101317,2026-07-17,553.8,88.2,92.49,0.042,57.65,42.45,0,0,0,0.0,0.0,0,LOW
XYZ20T101318,2026-07-17,7593.3,85.11,90.48,-1.695,67.89,39.11,0,0,0,0.0,0.0,0,LOW
XYZ20T101319,2026-07-17,20883.2,96.93,107.35,2.025,78.18,30.88,0,0,1,0.5988,59.9,1,HIGH
XYZ20T101326,2026-07-17,4054.2,85.72,91.65,0.234,63.08,38.68,0,0,0,0.0,0.0,0,LOW
XYZ20T101334,2026-07-17,6016.9,84.07,88.99,-0.127,35.13,33.24,0,0,0,0.0,0.0,0,LOW
XYZ20T101349,2026-07-17,13176.9,79.41,82.98,0.241,50.21,31.37,0,0,0,0.0,0.0,0,LOW
XYZ20T101361,2026-07-17,2886.0,85.18,89.41,0.075,54.36,22.16,0,0,0,0.0,0.0,0,LOW
XYZ20T101369,2026-07-17,10303.7,92.61,99.84,1.023,64.93,28.79,0,0,0,0.7558,75.6,1,CRITICAL
XYZ20T101374,2026-07-17,13225.4,83.81,89.18,0.783,37.94,20.32,0,1,0,0.0929,9.3,0,LOW
XYZ20T101384,2026-07-17,14839.1,82.42,87.58,-1.168,50.92,36.96,0,0,0,0.0,0.0,0,LOW
XYZ20T101385,2026-07-17,13519.6,80.88,87.62,-0.346,65.59,33.98,0,0,0,0.0,0.0,0,LOW
XYZ20T101393,2026-07-17,17406.3,86.13,89.93,-0.062,57.41,30.66,0,0,0,0.0,0.0,0,LOW
XYZ20T101406,2026-07-17,16584.8,78.44,82.85,0.164,67.14,34.67,0,0,0,0.0,0.0,0,LOW
XYZ20T101413,2026-07-17,14051.4,85.11,91.36,-0.157,50.06,28.93,0,0,0,0.0,0.0,0,LOW
XYZ20T101419,2026-07-17,12313.1,83.89,87.56,0.354,91.87,31.29,0,0,0,0.0,0.0,0,LOW
XYZ20T101423,2026-07-17,18987.7,91.21,99.16,0.935,67.72,31.12,0,0,0,0.5824,58.2,1,HIGH
XYZ20T101428,2026-07-17,6195.8,88.24,94.05,0.371,55.48,31.32,0,0,0,0.0,0.0,0,LOW
XYZ20T101431,2026-07-17,24910.7,89.5,96.2,-1.65,78.08,30.71,0,0,0,0.0163,1.6,0,LOW
XYZ20T101434,2026-07-17,11390.9,86.03,90.33,0.197,75.32,37.13,0,0,0,0.0,0.0,0,LOW
XYZ20T101435,2026-07-17,12879.7,81.78,86.81,0.237,66.28,36.23,0,0,0,0.0,0.0,0,LOW
XYZ20T101437,2026-07-17,3243.8,86.61,92.86,0.16,59.43,35.32,0,0,0,0.0,0.0,0,LOW
XYZ20T101446,2026-07-17,9198.6,80.81,84.24,0.09,60.93,33.1,0,0,0,0.0,0.0,0,LOW
XYZ20T101468,2026-07-17,8258.3,85.39,91.53,0.249,76.92,34.3,0,0,0,0.0,0.0,0,LOW
XYZ20T101479,2026-07-17,1361.2,79.0,86.87,0.067,45.32,38.78,0,0,0,0.0,0.0,0,LOW
XYZ20T101484,2026-07-17,14343.3,79.41,84.61,0.272,45.94,41.28,0,0,0,0.0,0.0,0,LOW
XYZ20T101491,2026-07-17,13762.4,81.19,85.36,-2.006,63.74,36.02,0,0,0,0.0,0.0,0,LOW
XYZ20T101498,2026-07-17,13421.0,76.37,82.29,0.073,41.71,31.87,0,0,0,0.0,0.0,0,LOW
XYZ20T101500,2026-07-17,4213.2,80.81,84.26,0.168,42.87,35.95,0,0,0,0.0,0.0,0,LOW
XYZ20T101501,2026-07-17,16196.5,85.86,92.13,-0.176,58.57,31.28,0,0,0,0.0,0.0,0,LOW
XYZ20T101502,2026-07-17,10638.7,79.55,83.57,-0.229,51.43,38.66,0,0,0,0.0,0.0,0,LOW
XYZ20T101504,2026-07-17,7190.0,80.73,86.56,0.172,65.17,35.68,0,0,0,0.0,0.0,0,LOW
XYZ20T101511,2026-07-17,543.7,82.45,86.6,0.293,55.39,34.92,0,0,0,0.0,0.0,0,LOW
XYZ20T101519,2026-07-17,13801.2,79.61,83.28,-0.145,46.31,39.75,0,0,0,0.0,0.0,0,LOW
XYZ20T101525,2026-07-17,8161.2,87.48,91.96,0.273,48.08,48.0,0,0,0,0.0,0.0,0,LOW
XYZ20T101526,2026-07-17,1176.2,78.33,84.31,-0.04,65.3,32.01,0,0,0,0.0,0.0,0,LOW
XYZ20T101530,2026-07-17,20150.2,84.24,91.04,0.369,65.81,33.24,0,0,0,0.0,0.0,0,LOW
XYZ20T101534,2026-07-17,5808.9,80.08,86.82,0.128,55.24,31.94,0,0,0,0.0,0.0,0,LOW
XYZ20T101549,2026-07-17,1970.1,77.68,81.42,-0.576,50.33,37.56,0,0,0,0.0,0.0,0,LOW
XYZ20T101550,2026-07-17,4966.6,79.04,84.71,0.166,68.7,43.14,0,0,0,0.0,0.0,0,LOW
XYZ20T101551,2026-07-17,535.4,82.65,86.09,0.335,70.43,32.88,0,0,0,0.0,0.0,0,LOW
XYZ20T101555,2026-07-17,12458.1,87.26,91.35,-0.061,65.39,42.85,0,0,0,0.0,0.0,0,LOW
XYZ20T101558,2026-07-17,6086.6,79.11,82.24,-0.115,63.7,31.72,0,0,0,0.0,0.0,0,LOW
XYZ20T101562,2026-07-17,14130.9,89.3,99.25,1.073,49.57,43.23,0,1,0,0.5781,57.8,1,HIGH
XYZ20T101567,2026-07-17,17127.8,81.66,84.84,0.066,40.81,32.81,0,0,0,0.0,0.0,0,LOW
XYZ20T101573,2026-07-17,1846.5,85.28,91.27,-0.135,48.56,26.7,0,0,0,0.0,0.0,0,LOW
XYZ20T101582,2026-07-17,15433.6,82.1,88.85,0.374,66.62,25.01,0,0,0,0.0,0.0,0,LOW
XYZ20T101586,2026-07-17,16319.7,83.69,89.5,-0.192,49.54,34.51,0,0,0,0.0,0.0,0,LOW
XYZ20T101593,2026-07-17,322.8,81.55,86.39,0.248,52.83,38.07,0,0,0,0.0,0.0,0,LOW
XYZ20T101594,2026-07-17,12669.6,78.29,84.93,-0.406,48.81,28.19,0,0,0,0.0,0.0,0,LOW
XYZ20T101629,2026-07-17,5845.7,78.56,82.06,-0.083,46.88,25.8,0,0,0,0.0,0.0,0,LOW
XYZ20T101633,2026-07-17,13068.1,82.92,85.95,-0.193,58.02,33.38,0,0,0,0.0,0.0,0,LOW
XYZ20T101659,2026-07-17,6158.7,84.54,91.3,0.038,62.04,40.1,0,0,0,0.0,0.0,0,LOW
XYZ20T101662,2026-07-17,11470.2,77.78,82.09,0.068,72.33,31.41,0,0,0,0.0,0.0,0,LOW
XYZ20T101663,2026-07-17,20765.7,81.91,85.09,0.247,54.46,48.0,0,0,0,0.0,0.0,0,LOW
XYZ20T101669,2026-07-17,4278.1,83.88,89.46,0.747,59.17,41.04,0,0,0,0.0032,0.3,0,LOW
XYZ20T101677,2026-07-17,4052.6,83.84,88.48,-0.083,75.23,29.86,0,0,0,0.0,0.0,0,LOW
XYZ20T101678,2026-07-17,5418.5,76.39,81.08,-0.354,51.67,20.0,0,0,0,0.0,0.0,0,LOW
XYZ20T101685,2026-07-17,11623.2,79.1,84.54,-0.311,47.04,33.22,0,0,0,0.0,0.0,0,LOW
XYZ20T101692,2026-07-17,389.0,79.95,83.75,-0.16,69.76,29.61,0,0,0,0.0,0.0,0,LOW
XYZ20T101693,2026-07-17,22515.1,93.08,99.81,0.648,69.56,35.73,1,1,0,0.5765,57.6,1,HIGH
XYZ20T101696,2026-07-17,15550.5,100.47,110.06,1.99,63.83,30.97,1,1,0,0.9635,96.4,1,CRITICAL
XYZ20T101698,2026-07-17,4695.8,80.99,87.66,0.054,55.33,35.55,0,0,0,0.0,0.0,0,LOW
XYZ20T101699,2026-07-17,24884.2,80.87,87.03,-0.112,49.08,35.82,0,0,0,0.0,0.0,0,LOW
XYZ20T101702,2026-07-17,2239.3,79.58,82.65,0.233,67.1,29.08,0,0,0,0.0,0.0,0,LOW
XYZ20T101718,2026-07-17,2544.4,83.94,88.85,-0.211,54.23,41.94,0,0,0,0.0,0.0,0,LOW
XYZ20T101728,2026-07-17,486.3,87.22,90.36,0.178,46.16,36.76,0,0,0,0.0,0.0,0,LOW
XYZ20T101733,2026-07-17,9272.8,89.79,94.23,0.294,75.71,37.02,0,0,0,0.0,0.0,0,LOW
XYZ20T101735,2026-07-17,12532.3,81.51,87.61,0.135,58.6,41.76,0,0,0,0.0,0.0,0,LOW
XYZ20T101740,2026-07-17,16710.1,78.83,84.12,0.011,28.26,42.86,0,0,0,0.0,0.0,0,LOW
XYZ20T101764,2026-07-17,6305.3,83.77,87.13,-1.815,67.89,42.29,0,0,0,0.0,0.0,0,LOW
XYZ20T101767,2026-07-17,1695.5,83.77,87.44,0.285,60.0,41.71,0,0,0,0.0,0.0,0,LOW
XYZ20T101768,2026-07-17,3659.3,84.11,88.64,0.074,72.98,33.91,0,0,0,0.0,0.0,0,LOW
XYZ20T101773,2026-07-17,11631.5,82.44,86.34,-0.179,63.36,31.24,0,0,0,0.0,0.0,0,LOW
XYZ20T101782,2026-07-17,4147.1,79.86,83.01,0.214,35.35,35.45,0,0,0,0.0,0.0,0,LOW
XYZ20T101789,2026-07-17,8688.6,78.09,82.66,-0.429,79.19,27.98,0,0,0,0.0,0.0,0,LOW
XYZ20T101790,2026-07-17,4195.8,81.71,88.27,-0.46,35.06,31.89,0,0,0,0.0,0.0,0,LOW
XYZ20T101791,2026-07-17,16717.9,86.52,92.66,0.508,59.94,32.55,0,0,0,0.0032,0.3,0,LOW
XYZ20T101792,2026-07-17,1380.1,84.99,91.02,-0.276,65.28,32.0,0,0,0,0.0,0.0,0,LOW
XYZ20T101794,2026-07-17,10726.8,86.38,92.45,0.451,47.64,34.98,0,0,0,0.0,0.0,0,LOW
XYZ20T101805,2026-07-17,12983.0,84.32,88.34,-0.274,65.29,37.57,0,0,0,0.0,0.0,0,LOW
XYZ20T101807,2026-07-17,9921.8,86.61,91.96,0.158,61.41,28.88,0,0,0,0.0,0.0,0,LOW
XYZ20T101809,2026-07-17,11890.0,82.82,88.1,0.13,60.96,34.23,0,0,0,0.0,0.0,0,LOW
XYZ20T101820,2026-07-17,8460.3,86.34,92.35,0.148,59.23,35.33,0,0,0,0.0,0.0,0,LOW
XYZ20T101825,2026-07-17,10263.4,89.13,94.73,0.88,85.68,46.85,0,0,0,0.022,2.2,0,LOW
XYZ20T101832,2026-07-17,13253.6,79.56,85.82,-2.555,46.37,27.07,0,0,0,0.0,0.0,0,LOW
XYZ20T101838,2026-07-17,12885.0,91.76,98.79,1.817,85.13,31.8,0,1,0,0.6607,66.1,1,HIGH
XYZ20T101842,2026-07-17,6822.2,78.19,81.35,-0.226,51.89,38.48,0,0,0,0.0,0.0,0,LOW
XYZ20T101848,2026-07-17,22125.6,79.09,83.52,0.008,64.16,28.94,0,0,0,0.0,0.0,0,LOW
XYZ20T101861,2026-07-17,9724.8,76.51,80.45,-0.164,43.93,37.72,0,0,0,0.0,0.0,0,LOW
XYZ20T101862,2026-07-17,7537.6,86.12,91.71,0.245,51.15,31.95,0,0,0,0.0,0.0,0,LOW
XYZ20T101866,2026-07-17,5462.0,76.17,81.88,0.099,41.74,26.78,0,0,0,0.0,0.0,0,LOW
XYZ20T101868,2026-07-17,6579.1,83.6,87.82,-0.748,78.18,33.24,0,0,0,0.0,0.0,0,LOW
XYZ20T101869,2026-07-17,4138.2,79.71,86.2,0.263,59.5,37.2,0,0,0,0.0,0.0,0,LOW
XYZ20T101884,2026-07-17,24846.5,85.48,89.74,-0.101,57.37,32.81,0,0,0,0.0,0.0,0,LOW
XYZ20T101886,2026-07-17,2618.3,86.56,89.75,-0.283,83.93,32.53,0,0,0,0.0,0.0,0,LOW
XYZ20T101892,2026-07-17,8819.7,79.42,84.44,-0.512,44.86,25.1,0,0,0,0.0,0.0,0,LOW
XYZ20T101897,2026-07-17,20029.1,80.07,86.89,0.265,61.66,32.92,0,0,0,0.0,0.0,0,LOW
XYZ20T101898,2026-07-17,11867.8,86.34,90.33,-0.141,50.45,35.67,0,0,0,0.0,0.0,0,LOW
XYZ20T101900,2026-07-17,24860.6,81.34,85.51,-0.181,49.9,21.66,0,0,0,0.0,0.0,0,LOW
XYZ20T101905,2026-07-17,18248.6,78.41,81.46,0.035,51.57,30.61,0,0,0,0.0,0.0,0,LOW
XYZ20T101912,2026-07-17,6719.6,79.61,85.0,-0.118,34.07,36.27,0,0,0,0.0033,0.3,0,LOW
XYZ20T101915,2026-07-17,558.9,86.58,93.3,0.093,55.4,27.72,0,0,0,0.0,0.0,0,LOW
XYZ20T101917,2026-07-17,13488.9,79.98,84.71,-0.345,66.59,31.82,0,0,0,0.0,0.0,0,LOW
XYZ20T101921,2026-07-17,15010.3,79.37,83.12,0.281,49.88,36.12,0,0,0,0.0,0.0,0,LOW
XYZ20T101922,2026-07-17,1177.9,90.01,98.66,0.876,51.94,39.06,0,0,0,0.0656,6.6,0,LOW
XYZ20T101924,2026-07-17,14619.5,78.99,85.72,0.23,47.7,36.28,0,0,0,0.0,0.0,0,LOW
XYZ20T101928,2026-07-17,14373.2,88.64,94.51,1.226,60.93,40.8,0,1,0,0.174,17.4,0,LOW
XYZ20T101935,2026-07-17,3572.4,87.08,93.24,-0.335,52.45,34.16,0,0,0,0.0,0.0,0,LOW
XYZ20T101946,2026-07-17,9706.8,86.03,92.24,-0.162,64.49,28.68,0,0,0,0.0,0.0,0,LOW
XYZ20T101957,2026-07-17,14643.4,81.88,85.4,0.314,82.94,30.04,0,0,0,0.0,0.0,0,LOW
XYZ20T101958,2026-07-17,24935.2,83.1,87.28,-0.177,40.84,24.84,0,0,0,0.0,0.0,0,LOW
XYZ20T101959,2026-07-17,12688.0,76.87,81.76,0.058,40.94,43.77,0,0,0,0.0,0.0,0,LOW
XYZ20T101960,2026-07-17,11694.4,92.97,101.26,1.634,62.81,27.66,0,1,0,0.5025,50.2,1,HIGH
XYZ20T101964,2026-07-17,3354.6,88.88,95.59,-0.03,63.95,32.86,0,0,0,0.0,0.0,0,LOW
XYZ20T101965,2026-07-17,6478.5,83.17,89.06,-0.093,35.68,38.76,0,0,0,0.0,0.0,0,LOW
XYZ20T101978,2026-07-17,18182.3,84.18,90.87,0.577,64.87,33.88,0,0,0,0.0,0.0,0,LOW
XYZ20T101983,2026-07-17,423.9,84.94,89.76,-0.157,53.67,32.35,0,0,0,0.0,0.0,0,LOW
XYZ20T101996,2026-07-17,11361.1,84.08,88.92,-0.014,56.82,41.99,0,0,0,0.0,0.0,0,LOW
XYZ20T102000,2026-07-17,546.7,83.58,88.61,-0.212,68.86,33.64,0,0,0,0.0,0.0,0,LOW
XYZ20T102004,2026-07-17,691.5,89.27,96.91,0.746,84.33,33.3,0,1,0,0.2051,20.5,0,LOW
XYZ20T102009,2026-07-17,23353.4,87.3,93.6,0.066,61.8,33.65,0,0,0,0.0,0.0,0,LOW
XYZ20T102012,2026-07-17,3628.0,79.59,83.37,-0.195,68.37,38.36,0,0,0,0.0,0.0,0,LOW
XYZ20T102025,2026-07-17,14537.3,82.0,86.23,-0.013,57.54,34.73,0,0,0,0.0,0.0,0,LOW
XYZ20T102026,2026-07-17,2669.9,86.63,91.33,0.064,54.03,34.3,0,0,0,0.0,0.0,0,LOW
XYZ20T102029,2026-07-17,16994.3,85.9,90.37,0.458,59.69,23.11,0,0,0,0.0033,0.3,0,LOW
XYZ20T102030,2026-07-17,3033.3,90.75,96.36,-0.263,75.1,33.91,0,0,0,0.0292,2.9,0,LOW
XYZ20T102031,2026-07-17,2765.2,88.05,96.17,1.029,43.71,28.09,0,0,0,0.6257,62.6,1,HIGH
XYZ20T102038,2026-07-17,10722.8,79.71,84.8,0.818,54.11,34.98,0,0,0,0.0033,0.3,0,LOW
XYZ20T102041,2026-07-17,7846.3,86.41,93.15,-0.759,59.73,39.61,0,0,0,0.0,0.0,0,LOW
XYZ20T102046,2026-07-17,5925.6,79.82,84.83,-0.152,44.46,37.51,0,0,0,0.0,0.0,0,LOW
XYZ20T102048,2026-07-17,9209.3,90.74,97.76,1.185,68.2,33.96,0,0,0,0.8612,86.1,1,CRITICAL
XYZ20T102053,2026-07-17,12514.8,81.82,87.81,-2.089,59.83,40.86,0,0,0,0.0,0.0,0,LOW
XYZ20T102054,2026-07-17,13990.4,87.59,90.74,-0.224,58.62,32.12,0,0,0,0.0,0.0,0,LOW
XYZ20T102055,2026-07-17,4295.8,79.76,84.42,-0.216,49.67,31.98,0,0,0,0.0,0.0,0,LOW
XYZ20T102060,2026-07-17,9863.5,86.47,90.53,-0.29,56.56,27.82,0,0,0,0.0,0.0,0,LOW
XYZ20T102065,2026-07-17,8894.3,82.7,88.22,-0.173,46.95,38.95,0,0,0,0.0,0.0,0,LOW
XYZ20T102073,2026-07-17,1889.3,82.01,85.19,-0.958,52.98,27.32,0,0,0,0.0,0.0,0,LOW
XYZ20T102090,2026-07-17,9926.6,85.98,90.61,-0.97,59.6,36.35,0,0,0,0.0,0.0,0,LOW
XYZ20T102097,2026-07-17,516.7,90.9,97.43,0.186,77.19,36.72,0,0,0,0.0033,0.3,0,LOW
XYZ20T102102,2026-07-17,11784.8,84.12,90.42,0.45,64.27,44.22,0,0,0,0.0,0.0,0,LOW
XYZ20T102103,2026-07-17,4786.6,82.89,85.92,-2.028,51.69,29.94,0,0,0,0.0,0.0,0,LOW
XYZ20T102108,2026-07-17,18211.7,86.1,92.32,0.23,69.77,37.44,0,0,0,0.0,0.0,0,LOW
XYZ20T102121,2026-07-17,3997.2,81.5,88.07,-0.484,66.09,31.95,0,0,0,0.0,0.0,0,LOW
XYZ20T102127,2026-07-17,5527.7,79.14,84.39,-0.517,59.5,29.04,0,0,0,0.0,0.0,0,LOW
XYZ20T102132,2026-07-17,5880.2,78.56,83.92,-0.085,54.01,37.07,0,0,0,0.0,0.0,0,LOW
XYZ20T102138,2026-07-17,1946.4,79.75,85.44,-0.076,78.44,27.7,0,0,0,0.0,0.0,0,LOW
XYZ20T102169,2026-07-17,4277.5,78.19,82.03,0.077,49.11,41.06,0,0,0,0.0,0.0,0,LOW
XYZ20T102176,2026-07-17,1830.2,92.23,101.49,0.846,85.47,36.12,0,1,0,0.2224,22.2,0,LOW
XYZ20T102178,2026-07-17,24877.0,79.11,85.89,0.031,68.83,33.95,0,0,0,0.0,0.0,0,LOW
XYZ20T102182,2026-07-17,18704.2,82.99,86.58,0.252,57.62,34.14,0,0,0,0.0,0.0,0,LOW
XYZ20T102191,2026-07-17,8402.6,80.74,87.52,0.264,50.12,23.7,0,0,0,0.0,0.0,0,LOW
XYZ20T102196,2026-07-17,13794.9,77.05,80.76,-0.436,52.43,32.52,0,0,0,0.0,0.0,0,LOW
XYZ20T102203,2026-07-17,12081.3,77.35,83.66,-0.03,46.71,25.13,0,0,0,0.0,0.0,0,LOW
XYZ20T102212,2026-07-17,2651.9,86.23,90.84,0.047,44.16,32.04,0,0,0,0.0,0.0,0,LOW
XYZ20T102214,2026-07-17,19700.6,87.03,93.45,0.53,52.28,39.9,0,0,0,0.0164,1.6,0,LOW
XYZ20T102217,2026-07-17,5579.1,79.89,84.59,-0.273,59.87,27.08,0,0,0,0.0,0.0,0,LOW
XYZ20T102223,2026-07-17,11914.9,86.55,90.99,0.145,75.1,32.24,0,0,0,0.0,0.0,0,LOW
XYZ20T102226,2026-07-17,3066.0,83.5,89.73,-0.027,59.68,30.73,0,0,0,0.0,0.0,0,LOW
XYZ20T102230,2026-07-17,11666.8,81.09,86.27,0.227,58.66,33.12,0,0,0,0.0,0.0,0,LOW
XYZ20T102240,2026-07-17,11204.3,85.39,89.9,-0.216,72.14,29.11,0,0,0,0.0,0.0,0,LOW
XYZ20T102251,2026-07-17,12491.4,83.77,87.87,0.097,58.42,32.03,0,0,0,0.0,0.0,0,LOW
XYZ20T102259,2026-07-17,16999.5,78.72,85.47,-0.046,58.94,29.59,0,0,0,0.0,0.0,0,LOW
XYZ20T102267,2026-07-17,11743.7,84.12,88.51,0.113,68.16,28.86,0,0,0,0.0,0.0,0,LOW
XYZ20T102268,2026-07-17,12462.3,81.09,84.12,-0.039,45.27,26.27,0,0,0,0.0,0.0,0,LOW
XYZ20T102285,2026-07-17,19852.3,85.48,91.77,-0.223,57.55,32.59,0,0,0,0.0,0.0,0,LOW
XYZ20T102287,2026-07-17,2739.4,84.11,87.76,-0.486,50.42,33.73,0,0,0,0.0,0.0,0,LOW
XYZ20T102291,2026-07-17,14634.1,79.71,86.64,0.007,72.38,33.34,0,0,0,0.0,0.0,0,LOW
XYZ20T102294,2026-07-17,1493.1,95.74,105.0,2.208,69.38,29.85,0,1,0,0.8998,90.0,1,CRITICAL
XYZ20T102325,2026-07-17,13921.5,83.54,89.52,0.238,77.09,34.59,0,0,0,0.0,0.0,0,LOW
XYZ20T102327,2026-07-17,12101.0,81.12,86.78,0.124,44.39,39.01,0,0,0,0.0,0.0,0,LOW
XYZ20T102330,2026-07-17,16344.3,81.26,85.65,0.37,51.33,33.34,0,0,0,0.0,0.0,0,LOW
XYZ20T102345,2026-07-17,20171.6,89.46,96.68,-0.186,51.79,35.22,0,0,0,0.0163,1.6,0,LOW
XYZ20T102348,2026-07-17,15343.8,87.43,95.42,0.189,57.9,25.06,0,0,0,0.0199,2.0,0,LOW
XYZ20T102358,2026-07-17,6568.2,81.08,86.58,0.074,65.23,37.26,0,0,0,0.0,0.0,0,LOW
XYZ20T102367,2026-07-17,3257.5,85.37,89.14,0.434,55.48,41.5,0,0,0,0.0,0.0,0,LOW
XYZ20T102369,2026-07-17,7603.1,83.55,89.83,-0.091,42.2,38.77,0,0,0,0.0,0.0,0,LOW
XYZ20T102373,2026-07-17,4366.3,82.08,86.72,-0.205,57.31,39.13,0,0,0,0.0,0.0,0,LOW
XYZ20T102375,2026-07-17,6105.4,80.49,86.12,0.406,58.86,33.57,0,0,0,0.0,0.0,0,LOW
XYZ20T102376,2026-07-17,19578.9,90.83,94.41,-0.008,78.76,35.25,0,0,0,0.0,0.0,0,LOW
XYZ20T102389,2026-07-17,6938.6,91.03,96.81,1.038,52.08,32.57,0,0,0,0.822,82.2,1,CRITICAL
XYZ20T102391,2026-07-17,1617.5,82.53,88.75,-0.049,47.3,38.28,0,0,0,0.0,0.0,0,LOW
XYZ20T102392,2026-07-17,14413.9,79.43,82.73,-0.242,60.3,27.02,0,0,0,0.0,0.0,0,LOW
XYZ20T102403,2026-07-17,13578.2,81.97,85.31,-0.022,70.61,36.75,0,0,0,0.0,0.0,0,LOW
XYZ20T102405,2026-07-17,8302.1,77.79,80.95,0.028,57.69,36.82,0,0,0,0.0,0.0,0,LOW
XYZ20T102413,2026-07-17,10499.0,81.28,87.91,-0.026,54.66,36.91,0,0,0,0.0,0.0,0,LOW
XYZ20T102420,2026-07-17,9515.3,80.84,84.32,-0.546,40.4,31.21,0,0,0,0.0,0.0,0,LOW
XYZ20T102424,2026-07-17,13255.1,87.03,92.95,0.57,85.62,28.32,0,0,0,0.0529,5.3,0,LOW
XYZ20T102428,2026-07-17,10339.8,81.99,85.01,0.139,57.34,41.97,0,0,0,0.0,0.0,0,LOW
XYZ20T102429,2026-07-17,2953.6,89.06,95.64,0.276,72.29,33.27,0,0,0,0.0,0.0,0,LOW
XYZ20T102432,2026-07-17,24895.0,91.42,98.81,1.246,69.65,28.4,0,0,0,0.6266,62.7,1,HIGH
XYZ20T102436,2026-07-17,1147.9,79.84,83.45,-0.351,52.43,39.4,0,0,0,0.0,0.0,0,LOW
XYZ20T102450,2026-07-17,12029.8,79.79,86.5,0.418,61.03,41.61,0,0,0,0.0,0.0,0,LOW
XYZ20T102452,2026-07-17,17151.3,86.56,91.44,0.049,68.93,30.7,0,0,0,0.0,0.0,0,LOW
XYZ20T102453,2026-07-17,6933.9,91.39,99.56,1.091,83.65,29.75,0,0,0,0.7915,79.2,1,CRITICAL
XYZ20T102454,2026-07-17,3187.2,76.37,79.38,-0.299,53.35,25.14,1,0,0,0.0033,0.3,0,LOW
XYZ20T102457,2026-07-17,7537.8,82.6,86.81,0.33,63.78,22.85,0,0,0,0.0,0.0,0,LOW
XYZ20T102462,2026-07-17,5684.0,82.31,88.75,0.046,67.21,29.94,0,0,0,0.0,0.0,0,LOW
XYZ20T102463,2026-07-17,24818.4,81.4,87.89,0.264,48.29,33.38,0,0,0,0.0,0.0,0,LOW
XYZ20T102471,2026-07-17,4004.8,91.38,100.89,1.662,73.65,35.5,1,1,0,0.8085,80.8,1,CRITICAL
XYZ20T102479,2026-07-17,2644.9,84.3,90.21,1.33,49.6,33.45,0,0,0,0.0033,0.3,0,LOW
XYZ20T102482,2026-07-17,14571.8,84.7,87.78,-0.096,87.6,34.56,0,0,0,0.0,0.0,0,LOW
XYZ20T102488,2026-07-17,12347.9,81.68,86.49,0.23,73.49,30.22,0,0,0,0.0,0.0,0,LOW
XYZ20T102491,2026-07-17,5989.5,94.63,100.51,1.174,52.23,27.96,0,1,0,0.75,75.0,1,HIGH
XYZ20T102501,2026-07-17,797.7,84.48,88.9,0.015,45.79,36.44,0,0,0,0.0,0.0,0,LOW
XYZ20T102510,2026-07-17,10546.6,90.27,96.49,0.265,67.66,35.31,0,0,0,0.0163,1.6,0,LOW
XYZ20T102517,2026-07-17,11028.1,78.14,82.47,-0.047,40.07,36.13,0,0,0,0.0,0.0,0,LOW
XYZ20T102524,2026-07-17,1139.7,80.23,84.31,-0.027,74.57,28.63,0,0,0,0.0,0.0,0,LOW
XYZ20T102527,2026-07-17,20241.9,89.35,94.34,0.21,66.79,38.18,0,0,0,0.0,0.0,0,LOW
XYZ20T102528,2026-07-17,14306.0,84.68,89.24,0.594,79.79,25.6,0,0,0,0.0,0.0,0,LOW
XYZ20T102545,2026-07-17,24191.0,81.09,87.75,0.259,76.42,46.73,0,0,0,0.0,0.0,0,LOW
XYZ20T102555,2026-07-17,11181.8,84.13,88.31,-0.382,74.34,23.6,0,0,0,0.0,0.0,0,LOW
XYZ20T102557,2026-07-17,22242.6,83.84,87.01,0.579,62.21,36.22,0,0,0,0.0,0.0,0,LOW
XYZ20T102561,2026-07-17,4552.9,86.62,92.33,-0.214,48.16,35.25,0,0,0,0.0,0.0,0,LOW
XYZ20T102562,2026-07-17,305.9,79.02,83.02,-0.265,47.61,35.2,0,0,0,0.0,0.0,0,LOW
XYZ20T102568,2026-07-17,17546.8,89.99,95.02,1.585,41.16,41.3,0,0,0,0.1851,18.5,0,LOW
XYZ20T102572,2026-07-17,8537.8,82.93,87.46,0.128,83.42,36.02,0,0,0,0.0,0.0,0,LOW
XYZ20T102578,2026-07-17,3654.7,81.7,85.53,0.122,62.36,34.06,0,0,0,0.0,0.0,0,LOW
XYZ20T102582,2026-07-17,11894.3,76.24,82.2,-0.199,47.08,29.06,0,0,0,0.0,0.0,0,LOW
XYZ20T102587,2026-07-17,1433.9,86.38,91.62,0.142,55.07,34.26,0,0,0,0.0,0.0,0,LOW
XYZ20T102591,2026-07-17,17885.6,85.14,90.29,-0.001,40.33,30.8,0,0,0,0.0,0.0,0,LOW
XYZ20T102597,2026-07-17,6669.9,79.96,83.41,-1.495,68.34,42.19,0,0,0,0.0,0.0,0,LOW
XYZ20T102600,2026-07-17,1001.3,80.54,84.6,-0.071,73.35,32.9,0,0,0,0.0,0.0,0,LOW
XYZ20T102605,2026-07-17,23167.9,77.33,83.06,-1.785,52.87,26.05,0,0,0,0.0,0.0,0,LOW
XYZ20T102622,2026-07-17,1112.0,85.33,88.49,0.097,59.45,39.17,0,0,0,0.0,0.0,0,LOW
XYZ20T102626,2026-07-17,15309.1,87.37,90.79,-0.192,59.33,30.23,0,0,0,0.0,0.0,0,LOW
XYZ20T102629,2026-07-17,11306.6,79.9,85.6,0.021,53.84,31.57,0,0,0,0.0,0.0,0,LOW
XYZ20T102634,2026-07-17,17749.3,86.25,90.62,0.243,60.87,23.01,0,0,0,0.0,0.0,0,LOW
XYZ20T102639,2026-07-17,17136.5,81.31,86.8,0.159,69.54,35.17,0,0,0,0.0,0.0,0,LOW
XYZ20T102640,2026-07-17,5830.0,86.06,92.03,-0.104,64.62,31.74,0,0,0,0.0033,0.3,0,LOW
XYZ20T102642,2026-07-17,17044.7,74.62,80.45,-0.055,47.28,32.37,0,0,0,0.0,0.0,0,LOW
XYZ20T102643,2026-07-17,13572.0,95.31,102.6,1.254,73.56,31.94,1,1,0,0.9328,93.3,1,CRITICAL
XYZ20T102649,2026-07-17,16139.5,84.03,88.12,-0.044,54.56,28.29,0,0,0,0.0,0.0,0,LOW
XYZ20T102652,2026-07-17,10884.4,90.74,98.61,1.905,83.0,42.12,0,0,1,0.8327,83.3,1,CRITICAL
XYZ20T102669,2026-07-17,9764.0,82.89,87.51,-0.346,42.5,36.88,0,0,0,0.0,0.0,0,LOW
XYZ20T102674,2026-07-17,5690.4,79.91,84.62,-2.162,46.69,35.58,0,0,0,0.0,0.0,0,LOW
XYZ20T102675,2026-07-17,3981.2,85.25,88.77,-0.107,49.51,32.48,0,0,0,0.0,0.0,0,LOW
XYZ20T102688,2026-07-17,23310.6,82.45,89.02,0.052,75.17,34.42,0,0,0,0.0,0.0,0,LOW
XYZ20T102691,2026-07-17,3433.2,75.22,78.88,-0.274,49.43,24.81,0,0,0,0.0,0.0,0,LOW
XYZ20T102694,2026-07-17,10210.8,85.51,92.0,0.331,61.75,29.72,0,0,0,0.0033,0.3,0,LOW
XYZ20T102695,2026-07-17,2818.8,79.2,82.52,-0.227,47.98,24.87,0,0,0,0.0,0.0,0,LOW
XYZ20T102696,2026-07-17,10330.4,79.12,84.62,-0.004,49.12,34.5,0,0,0,0.0,0.0,0,LOW
XYZ20T102701,2026-07-17,9218.2,89.98,95.5,0.21,91.39,37.25,0,0,0,0.0033,0.3,0,LOW
XYZ20T102703,2026-07-17,18578.4,91.54,99.42,1.593,53.42,42.86,0,0,0,0.354,35.4,1,MODERATE
XYZ20T102704,2026-07-17,9209.0,82.09,88.26,-0.088,39.61,25.94,0,0,0,0.0,0.0,0,LOW
XYZ20T102706,2026-07-17,13203.5,85.11,90.91,0.232,72.33,45.97,0,0,0,0.0,0.0,0,LOW
XYZ20T102709,2026-07-17,588.1,84.35,90.92,-0.07,59.89,33.22,0,0,0,0.0,0.0,0,LOW
XYZ20T102713,2026-07-17,21939.0,83.97,88.46,0.555,62.16,39.13,0,0,0,0.0,0.0,0,LOW
XYZ20T102714,2026-07-17,4437.0,89.53,99.9,0.882,67.99,36.56,0,1,0,0.281,28.1,0,LOW
XYZ20T102716,2026-07-17,17574.3,85.07,90.13,0.499,72.86,31.34,0,0,0,0.0,0.0,0,LOW
XYZ20T102719,2026-07-17,13354.7,87.43,93.93,0.012,59.54,38.22,0,0,0,0.0033,0.3,0,LOW
XYZ20T102730,2026-07-17,10367.3,83.49,89.13,0.178,45.93,35.56,0,0,0,0.0,0.0,0,LOW
XYZ20T102734,2026-07-17,954.6,83.33,87.63,-0.132,77.93,28.99,0,0,0,0.0,0.0,0,LOW
XYZ20T102735,2026-07-17,10447.7,90.11,94.76,-1.869,80.94,32.63,0,0,0,0.0067,0.7,0,LOW
XYZ20T102745,2026-07-17,20137.6,80.81,87.12,0.274,57.64,36.6,0,0,0,0.0,0.0,0,LOW
XYZ20T102761,2026-07-17,18390.2,76.15,82.1,-0.471,55.63,29.13,0,0,0,0.0,0.0,0,LOW
XYZ20T102763,2026-07-17,16068.4,86.18,91.04,0.153,59.09,36.59,0,0,0,0.0,0.0,0,LOW
XYZ20T102764,2026-07-17,16991.7,86.46,93.2,0.338,70.42,29.72,0,0,0,0.0,0.0,0,LOW
XYZ20T102770,2026-07-17,11818.3,84.55,88.0,-1.237,53.15,41.89,0,0,0,0.0,0.0,0,LOW
XYZ20T102772,2026-07-17,1679.2,80.28,84.72,-0.202,65.78,34.15,0,0,0,0.0,0.0,0,LOW
XYZ20T102784,2026-07-17,11355.0,80.75,87.47,0.188,62.77,41.41,0,0,0,0.0,0.0,0,LOW
XYZ20T102790,2026-07-17,23124.3,84.43,88.75,0.136,64.04,38.45,0,0,0,0.0,0.0,0,LOW
XYZ20T102791,2026-07-17,6723.6,81.17,84.97,-0.115,50.28,32.41,1,0,0,0.0,0.0,0,LOW
XYZ20T102798,2026-07-17,9766.9,89.62,96.53,-1.018,79.65,27.64,0,0,0,0.0,0.0,0,LOW
XYZ20T102805,2026-07-17,8427.4,82.68,85.71,0.156,75.62,25.27,0,0,0,0.0,0.0,0,LOW
XYZ20T102806,2026-07-17,16297.4,82.42,87.45,-0.762,75.59,29.4,0,0,0,0.0,0.0,0,LOW
XYZ20T102814,2026-07-17,3620.0,82.0,85.8,0.209,60.69,35.29,0,0,0,0.0,0.0,0,LOW
XYZ20T102815,2026-07-17,16648.2,87.24,92.17,-1.41,41.23,32.38,0,0,0,0.0,0.0,0,LOW
XYZ20T102820,2026-07-17,2805.3,83.75,89.14,-0.042,55.96,28.49,0,0,0,0.0,0.0,0,LOW
XYZ20T102825,2026-07-17,13933.2,87.85,93.52,0.828,59.73,41.74,0,0,0,0.0881,8.8,0,LOW
XYZ20T102833,2026-07-17,14442.3,87.04,95.59,1.595,48.7,36.17,0,0,0,0.5349,53.5,1,HIGH
XYZ20T102834,2026-07-17,487.3,89.05,93.03,0.333,67.28,39.82,0,0,0,0.0,0.0,0,LOW
XYZ20T102841,2026-07-17,2110.5,89.08,93.27,0.32,71.32,35.97,0,0,0,0.0,0.0,0,LOW
XYZ20T102845,2026-07-17,14215.8,84.52,87.69,-0.08,52.3,30.84,0,0,0,0.0,0.0,0,LOW
XYZ20T102855,2026-07-17,1679.2,86.05,92.89,-0.121,81.59,30.28,0,0,0,0.0,0.0,0,LOW
XYZ20T102856,2026-07-17,2585.7,80.72,87.51,-0.104,60.72,32.7,0,0,0,0.0,0.0,0,LOW
XYZ20T102885,2026-07-17,8119.3,84.49,89.33,0.239,61.45,36.09,0,0,0,0.0,0.0,0,LOW
XYZ20T102891,2026-07-17,7782.3,81.23,84.71,0.167,43.77,40.44,0,0,0,0.0,0.0,0,LOW
XYZ20T102896,2026-07-17,921.1,91.83,98.56,1.448,63.42,33.56,0,0,0,0.7375,73.7,1,HIGH
XYZ20T102903,2026-07-17,1485.3,83.16,88.34,0.177,49.01,41.47,0,0,0,0.0,0.0,0,LOW
XYZ20T102904,2026-07-17,4122.6,79.78,86.39,0.434,82.78,27.91,0,0,0,0.0,0.0,0,LOW
XYZ20T102907,2026-07-17,4101.4,88.23,91.73,-0.346,67.86,42.42,0,0,0,0.0,0.0,0,LOW
XYZ20T102910,2026-07-17,5633.2,83.53,86.76,-0.056,55.08,36.68,0,0,0,0.0,0.0,0,LOW
XYZ20T102912,2026-07-17,3821.8,87.18,92.71,-0.072,49.41,38.81,0,0,0,0.0,0.0,0,LOW
XYZ20T102919,2026-07-17,10822.2,83.61,88.52,0.02,80.99,26.61,0,0,0,0.0,0.0,0,LOW
XYZ20T102924,2026-07-17,13194.2,87.75,92.54,0.061,71.05,27.83,0,0,0,0.0,0.0,0,LOW
XYZ20T102929,2026-07-17,7845.0,80.85,87.37,0.583,70.32,42.0,0,0,0,0.0,0.0,0,LOW
XYZ20T102933,2026-07-17,7953.4,89.16,96.37,0.937,68.64,38.33,1,1,0,0.7583,75.8,1,CRITICAL
XYZ20T102934,2026-07-17,5264.9,83.26,89.98,-0.003,71.24,26.55,0,0,0,0.0,0.0,0,LOW
XYZ20T102941,2026-07-17,2446.0,83.61,88.33,0.175,72.57,33.07,0,0,0,0.0,0.0,0,LOW
XYZ20T102944,2026-07-17,5901.8,81.51,86.0,-0.116,46.17,33.85,0,0,0,0.0,0.0,0,LOW
XYZ20T102950,2026-07-17,12075.8,82.88,85.91,0.187,65.05,35.98,0,0,0,0.0,0.0,0,LOW
XYZ20T102956,2026-07-17,12910.0,83.53,86.6,0.097,56.83,40.19,0,0,0,0.0,0.0,0,LOW
XYZ20T102960,2026-07-17,3993.7,84.17,87.23,0.139,62.04,27.59,0,0,0,0.0,0.0,0,LOW
XYZ20T102963,2026-07-17,15691.8,80.07,85.55,0.013,44.93,42.6,0,0,0,0.0,0.0,0,LOW
XYZ20T102974,2026-07-17,16327.1,88.21,92.0,-0.286,59.25,37.75,0,0,0,0.0,0.0,0,LOW
XYZ20T102998,2026-07-17,1861.6,77.3,81.6,-0.33,49.64,38.01,0,0,0,0.0,0.0,0,LOW
XYZ20T102999,2026-07-17,6566.0,83.99,89.01,0.311,79.35,29.3,0,0,0,0.0,0.0,0,LOW
XYZ20T103000,2026-07-17,1226.7,86.04,90.23,-0.363,49.04,32.45,0,0,0,0.0,0.0,0,LOW
XYZ20T103005,2026-07-17,1844.8,88.8,94.24,0.189,68.32,29.15,0,0,0,0.0032,0.3,0,LOW
XYZ20T103006,2026-07-17,2492.6,83.55,87.64,0.271,81.04,35.82,0,0,0,0.0,0.0,0,LOW
XYZ20T103009,2026-07-17,1500.2,89.52,95.34,0.083,82.8,26.62,0,0,0,0.0033,0.3,0,LOW
XYZ20T103011,2026-07-17,3742.9,82.37,86.0,-0.681,50.1,30.96,0,0,0,0.0,0.0,0,LOW
XYZ20T103017,2026-07-17,8082.5,88.15,93.01,0.062,58.98,42.41,0,0,0,0.0,0.0,0,LOW
XYZ20T103019,2026-07-17,19311.5,83.21,87.83,0.439,56.07,45.45,0,0,0,0.0,0.0,0,LOW
XYZ20T103021,2026-07-17,11344.0,85.08,90.04,0.101,62.19,35.72,0,0,0,0.0,0.0,0,LOW
XYZ20T103031,2026-07-17,6401.0,84.37,90.66,-2.105,73.76,37.92,0,0,0,0.0,0.0,0,LOW
XYZ20T103039,2026-07-17,19094.3,85.73,91.69,-1.001,78.19,33.9,0,0,0,0.0,0.0,0,LOW
XYZ20T103046,2026-07-17,7118.0,77.83,84.51,-0.359,40.45,33.88,0,0,0,0.0,0.0,0,LOW
XYZ20T103050,2026-07-17,1417.2,84.1,89.82,0.205,71.82,46.15,0,0,0,0.0,0.0,0,LOW
XYZ20T103052,2026-07-17,14738.5,80.23,84.06,0.528,51.96,35.35,0,0,0,0.0,0.0,0,LOW
XYZ20T103056,2026-07-17,3781.4,83.13,89.71,0.029,58.84,35.36,0,0,0,0.0,0.0,0,LOW
XYZ20T103059,2026-07-17,15285.5,86.84,92.76,-0.451,74.01,32.44,0,0,0,0.0,0.0,0,LOW
XYZ20T103061,2026-07-17,7190.7,79.46,82.98,-2.055,66.19,24.05,0,0,0,0.0,0.0,0,LOW
XYZ20T103065,2026-07-17,11401.2,84.99,90.06,-0.128,68.19,28.86,0,0,0,0.0,0.0,0,LOW
XYZ20T103073,2026-07-17,6867.7,77.28,82.38,-0.239,43.25,39.14,0,0,0,0.0,0.0,0,LOW
XYZ20T103077,2026-07-17,13336.2,79.56,85.32,-0.287,39.33,36.74,0,0,0,0.0,0.0,0,LOW
XYZ20T103080,2026-07-17,4550.0,82.18,87.28,0.484,74.74,34.3,0,0,0,0.0,0.0,0,LOW
XYZ20T103081,2026-07-17,14281.7,82.18,86.87,-0.011,66.57,37.04,0,0,0,0.0,0.0,0,LOW
XYZ20T103084,2026-07-17,24931.2,83.09,87.79,-0.025,76.0,27.46,0,0,0,0.0,0.0,0,LOW
XYZ20T103090,2026-07-17,4893.4,86.45,90.54,-0.246,80.13,29.29,0,0,0,0.0,0.0,0,LOW
XYZ20T103091,2026-07-17,11002.0,78.12,81.16,-0.29,47.02,29.13,0,0,0,0.0,0.0,0,LOW
XYZ20T103092,2026-07-17,13209.0,78.25,83.54,-0.577,57.86,34.89,0,0,0,0.0,0.0,0,LOW
XYZ20T103101,2026-07-17,22622.4,82.29,88.69,0.196,55.36,34.26,0,0,0,0.0,0.0,0,LOW
XYZ20T103103,2026-07-17,945.4,83.29,88.15,-2.269,67.68,25.57,0,0,0,0.0,0.0,0,LOW
XYZ20T103112,2026-07-17,12541.8,82.11,88.47,-0.138,61.54,36.39,0,0,0,0.0,0.0,0,LOW
XYZ20T103115,2026-07-17,5116.3,83.54,88.79,0.13,60.97,41.98,0,0,0,0.0,0.0,0,LOW
XYZ20T103116,2026-07-17,17241.7,89.15,95.43,0.923,83.88,35.47,1,0,0,0.3708,37.1,1,MODERATE
XYZ20T103122,2026-07-17,3016.7,94.45,104.65,1.822,69.68,44.29,1,0,0,0.2424,24.2,0,LOW
XYZ20T103123,2026-07-17,5957.3,86.8,94.77,-0.192,42.37,35.05,0,0,0,0.0,0.0,0,LOW
XYZ20T103140,2026-07-17,12601.5,79.25,83.0,-0.406,46.98,35.24,0,0,0,0.0,0.0,0,LOW
XYZ20T103159,2026-07-17,3283.4,78.99,85.39,-0.324,47.46,38.31,0,0,0,0.0,0.0,0,LOW
XYZ20T103161,2026-07-17,5035.1,86.07,89.58,0.103,66.82,29.21,0,0,0,0.0,0.0,0,LOW
XYZ20T103165,2026-07-17,13038.9,80.88,85.67,-2.329,60.16,20.0,0,0,0,0.0,0.0,0,LOW
XYZ20T103166,2026-07-17,4674.1,81.88,88.49,-0.191,40.71,32.66,0,0,0,0.0,0.0,0,LOW
XYZ20T103168,2026-07-17,13177.7,84.51,90.78,0.167,69.94,33.64,0,0,0,0.0,0.0,0,LOW
XYZ20T103169,2026-07-17,4635.7,81.04,86.35,0.113,66.7,31.69,0,0,0,0.0,0.0,0,LOW
XYZ20T103189,2026-07-17,13732.1,86.35,90.15,-0.023,60.88,37.13,0,0,0,0.0,0.0,0,LOW
XYZ20T103192,2026-07-17,14133.8,83.93,89.15,-0.249,56.87,23.38,0,0,0,0.0,0.0,0,LOW
XYZ20T103197,2026-07-17,12401.9,82.9,87.77,0.509,74.28,41.25,0,0,0,0.0,0.0,0,LOW
XYZ20T100001,2026-07-18,15292.6,87.65,90.72,0.104,68.64,37.87,0,0,0,0.0,0.0,0,LOW
XYZ20T100015,2026-07-18,8986.7,83.56,90.29,0.485,64.72,33.79,0,0,0,0.0,0.0,0,LOW
XYZ20T100025,2026-07-18,2773.0,77.23,81.34,-1.532,36.62,37.33,0,0,0,0.0,0.0,0,LOW
XYZ20T100032,2026-07-18,11016.4,83.28,86.62,0.584,55.78,29.47,0,0,0,0.0066,0.7,0,LOW
XYZ20T100034,2026-07-18,7011.9,86.91,92.28,0.198,48.61,39.07,0,0,0,0.0,0.0,0,LOW
XYZ20T100046,2026-07-18,4785.2,87.46,92.63,0.045,63.93,31.04,0,0,0,0.0,0.0,0,LOW
XYZ20T100047,2026-07-18,2832.8,85.25,90.38,-0.158,43.89,39.87,0,0,0,0.0,0.0,0,LOW
XYZ20T100053,2026-07-18,12974.5,80.15,84.95,-0.157,57.71,29.0,0,0,0,0.0,0.0,0,LOW
XYZ20T100054,2026-07-18,13658.3,80.43,87.2,-0.264,63.15,30.62,0,0,0,0.0,0.0,0,LOW
XYZ20T100056,2026-07-18,15382.6,91.17,99.61,0.983,64.19,37.24,0,1,0,0.8777,87.8,1,CRITICAL
XYZ20T100066,2026-07-18,10030.1,77.82,84.27,0.048,64.84,25.31,0,0,0,0.0,0.0,0,LOW
XYZ20T100070,2026-07-18,12415.2,78.23,82.84,-0.33,56.14,32.0,0,0,0,0.0,0.0,0,LOW
XYZ20T100076,2026-07-18,4579.2,80.23,86.88,-0.121,52.5,48.0,0,0,0,0.0,0.0,0,LOW
XYZ20T100083,2026-07-18,8279.1,81.89,85.79,0.116,54.73,24.86,0,0,0,0.0,0.0,0,LOW
XYZ20T100091,2026-07-18,12901.5,81.18,87.41,0.454,72.95,42.77,0,0,0,0.0,0.0,0,LOW
XYZ20T100096,2026-07-18,1995.1,78.57,83.9,0.077,57.22,31.78,1,0,0,0.0033,0.3,0,LOW
XYZ20T100105,2026-07-18,8012.0,83.49,89.29,0.223,63.16,36.17,0,0,0,0.0,0.0,0,LOW
XYZ20T100110,2026-07-18,7702.2,85.01,89.27,0.346,48.99,39.67,0,0,0,0.0,0.0,0,LOW
XYZ20T100112,2026-07-18,14437.4,84.63,89.39,0.243,75.59,31.05,0,0,0,0.0,0.0,0,LOW
XYZ20T100128,2026-07-18,13600.5,80.87,84.71,-0.152,50.73,32.13,0,0,0,0.0,0.0,0,LOW
XYZ20T100138,2026-07-18,9672.6,85.87,91.36,0.057,76.99,29.52,0,0,0,0.0,0.0,0,LOW
XYZ20T100143,2026-07-18,3710.0,87.81,93.67,0.4,61.19,40.88,0,0,0,0.0,0.0,0,LOW
XYZ20T100145,2026-07-18,9291.9,79.55,86.45,-0.129,55.04,34.33,0,0,0,0.0,0.0,0,LOW
XYZ20T100148,2026-07-18,3698.5,87.6,91.32,0.068,58.92,40.59,0,0,0,0.0,0.0,0,LOW
XYZ20T100153,2026-07-18,14563.7,75.36,82.33,-0.133,50.65,32.07,0,0,0,0.0,0.0,0,LOW
XYZ20T100156,2026-07-18,4744.7,86.66,90.24,-0.156,77.03,33.86,0,0,0,0.0,0.0,0,LOW
XYZ20T100166,2026-07-18,2863.5,76.99,80.52,-0.446,52.99,37.58,0,0,0,0.0,0.0,0,LOW
XYZ20T100174,2026-07-18,23528.4,83.62,86.66,-0.117,65.66,37.12,0,0,0,0.0,0.0,0,LOW
XYZ20T100177,2026-07-18,1165.7,82.1,89.05,-0.248,67.3,34.61,0,0,0,0.0,0.0,0,LOW
XYZ20T100178,2026-07-18,20685.9,83.04,87.66,-0.236,55.92,24.99,0,0,0,0.0,0.0,0,LOW
XYZ20T100179,2026-07-18,1347.6,86.69,91.72,0.408,73.94,35.35,0,0,0,0.0,0.0,0,LOW
XYZ20T100181,2026-07-18,19303.9,85.13,90.51,-0.026,81.87,31.87,0,0,0,0.0,0.0,0,LOW
XYZ20T100182,2026-07-18,18606.3,85.72,89.83,0.417,68.83,35.78,0,0,0,0.0,0.0,0,LOW
XYZ20T100187,2026-07-18,14950.6,83.39,86.93,0.084,74.53,37.66,0,0,0,0.0,0.0,0,LOW
XYZ20T100188,2026-07-18,16412.5,82.63,87.6,-0.312,77.22,31.96,0,0,0,0.0,0.0,0,LOW
XYZ20T100192,2026-07-18,21456.0,85.92,92.03,-0.219,71.32,33.05,0,0,0,0.0,0.0,0,LOW
XYZ20T100196,2026-07-18,3808.7,80.61,84.41,0.112,68.0,35.58,0,0,0,0.0,0.0,0,LOW
XYZ20T100198,2026-07-18,1849.5,78.97,85.11,-0.506,58.16,27.15,0,0,0,0.0,0.0,0,LOW
XYZ20T100200,2026-07-18,4114.5,83.73,87.37,-0.209,39.21,39.31,0,0,0,0.0033,0.3,0,LOW
XYZ20T100207,2026-07-18,6886.0,77.23,83.81,0.255,36.76,29.54,0,0,0,0.0,0.0,0,LOW
XYZ20T100215,2026-07-18,7273.0,83.21,87.04,0.158,50.62,40.32,0,0,0,0.0,0.0,0,LOW
XYZ20T100243,2026-07-18,8574.0,77.08,83.33,-0.066,61.61,22.66,0,0,0,0.0,0.0,0,LOW
XYZ20T100244,2026-07-18,3365.4,79.24,83.18,0.108,55.56,24.2,0,0,0,0.0,0.0,0,LOW
XYZ20T100250,2026-07-18,7114.4,79.44,83.49,-0.006,67.96,33.89,0,0,0,0.0,0.0,0,LOW
XYZ20T100255,2026-07-18,4728.3,80.69,87.28,0.06,60.49,27.3,0,0,0,0.0,0.0,0,LOW
XYZ20T100258,2026-07-18,9458.5,79.44,86.05,-0.49,75.66,36.5,0,0,0,0.0,0.0,0,LOW
XYZ20T100260,2026-07-18,15790.1,86.35,91.99,-0.042,50.57,33.85,0,0,0,0.0,0.0,0,LOW
XYZ20T100261,2026-07-18,16360.2,87.08,90.88,0.199,77.09,31.89,0,0,0,0.0,0.0,0,LOW
XYZ20T100270,2026-07-18,6064.9,81.27,86.26,0.091,65.99,32.43,0,0,0,0.0,0.0,0,LOW
XYZ20T100274,2026-07-18,7479.1,80.51,86.0,0.04,48.53,38.25,0,0,0,0.0,0.0,0,LOW
XYZ20T100293,2026-07-18,4510.4,78.09,82.07,-0.515,66.06,36.78,0,0,0,0.0,0.0,0,LOW
XYZ20T100295,2026-07-18,791.7,80.66,85.0,0.045,60.89,40.12,0,0,0,0.0,0.0,0,LOW
XYZ20T100299,2026-07-18,19879.0,85.93,90.62,-1.794,65.03,35.6,0,0,0,0.0033,0.3,0,LOW
XYZ20T100301,2026-07-18,18736.0,80.77,85.19,-0.003,65.15,34.13,0,0,0,0.0,0.0,0,LOW
XYZ20T100303,2026-07-18,24925.1,78.99,83.56,-0.229,53.52,34.19,0,0,0,0.0,0.0,0,LOW
XYZ20T100304,2026-07-18,11029.8,85.03,92.03,-0.205,72.03,33.19,0,0,0,0.0,0.0,0,LOW
XYZ20T100306,2026-07-18,12490.6,85.06,88.35,-0.073,66.45,29.46,0,0,0,0.0,0.0,0,LOW
XYZ20T100320,2026-07-18,796.3,81.23,86.3,0.398,49.71,35.18,0,0,0,0.0,0.0,0,LOW
XYZ20T100324,2026-07-18,12987.4,84.51,89.93,-0.173,57.72,31.9,0,0,0,0.0,0.0,0,LOW
XYZ20T100327,2026-07-18,1682.0,75.45,81.23,-0.405,39.21,40.03,0,0,0,0.0,0.0,0,LOW
XYZ20T100328,2026-07-18,17269.4,88.24,93.74,0.559,72.15,42.05,0,0,0,0.0032,0.3,0,LOW
XYZ20T100329,2026-07-18,3366.1,82.65,87.62,-0.031,66.43,37.34,0,0,0,0.0,0.0,0,LOW
XYZ20T100331,2026-07-18,24868.4,85.72,91.75,-0.388,57.57,40.95,0,0,0,0.0,0.0,0,LOW
XYZ20T100332,2026-07-18,24899.4,82.76,86.8,-0.179,42.29,36.96,0,0,0,0.0,0.0,0,LOW
XYZ20T100338,2026-07-18,6523.3,76.68,83.36,-0.199,51.07,32.3,0,0,0,0.0033,0.3,0,LOW
XYZ20T100339,2026-07-18,2950.1,86.96,92.38,0.493,65.98,25.59,0,0,0,0.0,0.0,0,LOW
XYZ20T100350,2026-07-18,10888.1,84.15,87.26,-0.516,69.8,37.41,0,0,0,0.0,0.0,0,LOW
XYZ20T100361,2026-07-18,17441.8,80.53,83.6,-0.29,47.39,39.95,0,0,0,0.0,0.0,0,LOW
XYZ20T100371,2026-07-18,10131.3,92.83,101.39,1.107,66.96,33.67,0,0,1,0.3438,34.4,1,MODERATE
XYZ20T100373,2026-07-18,13706.4,82.7,86.22,0.205,53.83,33.39,0,0,0,0.0,0.0,0,LOW
XYZ20T100377,2026-07-18,12305.9,87.39,94.28,0.131,58.06,32.21,0,0,0,0.0,0.0,0,LOW
XYZ20T100379,2026-07-18,8483.1,80.79,84.54,-0.244,75.15,36.09,0,0,0,0.0,0.0,0,LOW
XYZ20T100380,2026-07-18,7521.4,78.44,84.61,-0.163,52.69,32.22,0,0,0,0.0,0.0,0,LOW
XYZ20T100382,2026-07-18,12260.3,91.08,97.0,1.58,61.5,33.98,1,0,0,0.862,86.2,1,CRITICAL
XYZ20T100392,2026-07-18,15076.1,84.67,91.71,0.803,67.06,41.54,1,0,1,0.1395,13.9,0,LOW
XYZ20T100399,2026-07-18,4671.1,77.73,82.11,-0.198,66.52,26.58,0,0,0,0.0,0.0,0,LOW
XYZ20T100401,2026-07-18,10721.7,96.48,106.07,1.153,69.21,40.55,0,0,1,0.8726,87.3,1,CRITICAL
XYZ20T100412,2026-07-18,1998.1,82.53,88.88,0.565,55.74,29.93,0,0,0,0.0,0.0,0,LOW
XYZ20T100416,2026-07-18,2906.4,80.39,85.37,0.353,48.21,34.64,0,0,0,0.0,0.0,0,LOW
XYZ20T100418,2026-07-18,7471.7,89.79,98.2,1.349,75.65,39.67,0,0,0,0.8557,85.6,1,CRITICAL
XYZ20T100419,2026-07-18,7491.7,97.34,105.42,1.39,76.34,31.59,0,0,0,0.8628,86.3,1,CRITICAL
XYZ20T100424,2026-07-18,16335.4,78.55,85.35,-0.539,78.15,21.89,0,0,0,0.0,0.0,0,LOW
XYZ20T100427,2026-07-18,1695.6,86.61,91.38,0.014,57.31,33.92,0,0,0,0.0,0.0,0,LOW
XYZ20T100430,2026-07-18,13562.2,81.79,87.1,-0.015,70.98,34.62,0,0,0,0.0,0.0,0,LOW
XYZ20T100432,2026-07-18,691.4,84.77,89.44,0.255,37.85,38.49,0,0,0,0.0,0.0,0,LOW
XYZ20T100436,2026-07-18,3808.6,87.48,95.04,0.908,65.12,27.99,0,0,0,0.1379,13.8,0,LOW
XYZ20T100440,2026-07-18,15394.3,76.22,81.03,-0.625,42.84,37.2,0,0,0,0.0,0.0,0,LOW
XYZ20T100447,2026-07-18,7006.0,87.7,92.52,-0.161,75.22,27.63,0,0,0,0.0,0.0,0,LOW
XYZ20T100449,2026-07-18,12482.0,84.82,91.28,0.253,66.72,35.48,0,0,0,0.0,0.0,0,LOW
XYZ20T100450,2026-07-18,6543.9,82.95,86.96,-0.327,46.48,37.14,0,0,0,0.0,0.0,0,LOW
XYZ20T100452,2026-07-18,9994.5,92.63,98.6,1.486,50.97,32.81,0,0,0,0.5886,58.9,1,HIGH
XYZ20T100457,2026-07-18,4940.4,80.07,83.65,-0.078,81.84,33.27,0,0,0,0.0,0.0,0,LOW
XYZ20T100458,2026-07-18,4103.1,79.22,82.59,-0.132,61.76,34.07,0,0,0,0.0,0.0,0,LOW
XYZ20T100462,2026-07-18,4244.8,88.12,93.18,-0.108,47.47,39.03,0,0,0,0.0,0.0,0,LOW
XYZ20T100468,2026-07-18,7026.4,83.99,89.0,0.033,36.36,32.04,0,0,0,0.0,0.0,0,LOW
XYZ20T100469,2026-07-18,8269.7,84.03,90.22,0.472,62.85,34.39,0,0,0,0.0,0.0,0,LOW
XYZ20T100475,2026-07-18,14590.8,89.22,96.17,0.219,58.97,35.42,0,0,0,0.0227,2.3,0,LOW
XYZ20T100477,2026-07-18,5563.7,77.3,81.85,-0.486,38.03,31.72,0,0,0,0.0,0.0,0,LOW
XYZ20T100483,2026-07-18,22490.2,82.62,89.24,-0.125,28.94,33.86,0,0,0,0.0,0.0,0,LOW
XYZ20T100491,2026-07-18,8856.2,78.03,83.52,-0.164,43.05,28.42,0,0,0,0.0,0.0,0,LOW
XYZ20T100498,2026-07-18,24919.1,85.93,90.54,0.139,55.38,29.73,0,0,0,0.0,0.0,0,LOW
XYZ20T100499,2026-07-18,15753.8,78.25,82.13,-0.068,43.82,31.78,0,0,0,0.0,0.0,0,LOW
XYZ20T100500,2026-07-18,1439.0,85.35,89.35,-2.5,47.34,30.46,0,0,0,0.0,0.0,0,LOW
XYZ20T100503,2026-07-18,11170.3,80.88,84.03,-1.395,70.56,32.78,0,0,0,0.0,0.0,0,LOW
XYZ20T100507,2026-07-18,5508.9,78.48,81.8,-0.049,46.08,25.2,0,0,0,0.0,0.0,0,LOW
XYZ20T100517,2026-07-18,7906.8,83.03,89.77,-0.257,69.28,32.11,0,0,0,0.0,0.0,0,LOW
XYZ20T100528,2026-07-18,15081.1,80.31,85.76,-0.285,70.13,26.16,0,0,0,0.0,0.0,0,LOW
XYZ20T100529,2026-07-18,16280.1,84.56,89.37,0.352,66.42,39.13,0,0,0,0.0,0.0,0,LOW
XYZ20T100533,2026-07-18,1886.2,86.92,90.2,0.066,72.61,33.54,0,0,0,0.0,0.0,0,LOW
XYZ20T100537,2026-07-18,23178.0,80.89,84.43,0.91,61.62,32.6,0,0,0,0.0099,1.0,0,LOW
XYZ20T100541,2026-07-18,13018.7,78.68,82.28,-0.023,58.24,32.13,0,0,0,0.0,0.0,0,LOW
XYZ20T100551,2026-07-18,12980.5,81.99,85.33,0.43,66.45,37.81,0,0,0,0.0,0.0,0,LOW
XYZ20T100552,2026-07-18,3404.4,80.61,83.67,0.15,56.86,33.97,0,0,0,0.0,0.0,0,LOW
XYZ20T100556,2026-07-18,11058.8,79.3,82.96,-0.145,69.08,29.95,0,0,0,0.0,0.0,0,LOW
XYZ20T100557,2026-07-18,8827.0,84.44,90.86,-2.649,63.52,31.14,0,0,0,0.0,0.0,0,LOW
XYZ20T100560,2026-07-18,775.8,76.24,82.85,-0.252,52.7,34.18,1,0,0,0.0,0.0,0,LOW
XYZ20T100569,2026-07-18,9650.1,82.93,87.62,-0.003,66.74,32.63,0,0,0,0.0,0.0,0,LOW
XYZ20T100573,2026-07-18,2619.3,85.31,94.59,0.42,64.7,24.38,0,1,0,0.0066,0.7,0,LOW
XYZ20T100580,2026-07-18,6951.4,86.67,92.92,0.117,76.29,34.04,0,0,0,0.0,0.0,0,LOW
XYZ20T100581,2026-07-18,11284.3,82.53,86.26,-0.078,39.25,32.68,0,0,0,0.0,0.0,0,LOW
XYZ20T100583,2026-07-18,14347.7,86.87,90.12,0.129,60.31,33.02,0,0,0,0.0,0.0,0,LOW
XYZ20T100586,2026-07-18,11191.7,81.25,85.12,-0.927,50.37,26.49,0,0,0,0.0,0.0,0,LOW
XYZ20T100591,2026-07-18,13997.7,85.96,89.37,-0.125,40.98,41.13,0,0,0,0.0,0.0,0,LOW
XYZ20T100592,2026-07-18,24086.7,86.24,91.19,-0.265,60.68,31.84,0,0,0,0.0,0.0,0,LOW
XYZ20T100594,2026-07-18,12373.2,82.83,88.98,0.021,67.66,31.38,0,0,0,0.0,0.0,0,LOW
XYZ20T100595,2026-07-18,7929.1,81.5,87.7,0.055,31.05,35.32,0,0,0,0.0,0.0,0,LOW
XYZ20T100597,2026-07-18,2464.8,80.15,86.28,0.145,66.85,38.66,0,0,0,0.0,0.0,0,LOW
XYZ20T100600,2026-07-18,19844.6,78.43,83.98,-0.258,63.38,31.78,0,0,0,0.0,0.0,0,LOW
XYZ20T100604,2026-07-18,4208.9,78.93,83.83,0.088,50.73,36.22,0,0,0,0.0,0.0,0,LOW
XYZ20T100610,2026-07-18,18793.5,78.17,83.4,-0.325,51.9,35.49,0,0,0,0.0,0.0,0,LOW
XYZ20T100621,2026-07-18,8368.7,88.34,94.54,-1.284,55.16,30.14,0,0,0,0.0,0.0,0,LOW
XYZ20T100624,2026-07-18,5265.6,81.61,86.23,0.19,67.85,28.97,1,0,0,0.0033,0.3,0,LOW
XYZ20T100625,2026-07-18,6996.0,88.45,93.95,1.078,45.92,36.59,0,0,0,0.1677,16.8,0,LOW
XYZ20T100630,2026-07-18,6178.5,83.7,88.02,0.252,94.32,35.07,0,0,0,0.0,0.0,0,LOW
XYZ20T100633,2026-07-18,2770.4,79.68,85.81,0.358,68.14,37.0,0,0,0,0.0,0.0,0,LOW
XYZ20T100636,2026-07-18,13024.5,82.96,87.37,0.14,85.71,36.41,0,0,0,0.0,0.0,0,LOW
XYZ20T100641,2026-07-18,14856.1,87.92,94.76,-0.251,73.63,40.92,0,0,0,0.0,0.0,0,LOW
XYZ20T100643,2026-07-18,4203.9,80.78,86.63,-0.233,51.58,32.47,0,0,0,0.0,0.0,0,LOW
XYZ20T100652,2026-07-18,538.0,88.79,94.61,-0.081,65.44,36.5,0,0,0,0.0,0.0,0,LOW
XYZ20T100656,2026-07-18,15865.6,87.23,92.82,0.132,58.93,39.36,0,0,0,0.0,0.0,0,LOW
XYZ20T100662,2026-07-18,17113.0,85.33,89.91,-2.122,57.59,24.43,0,0,0,0.0,0.0,0,LOW
XYZ20T100675,2026-07-18,9997.1,86.84,95.19,0.273,54.81,40.52,0,1,0,0.0298,3.0,0,LOW
XYZ20T100676,2026-07-18,18246.3,81.4,85.74,-0.22,50.86,32.22,0,0,0,0.0,0.0,0,LOW
XYZ20T100684,2026-07-18,5624.0,80.0,83.47,-0.149,66.79,37.19,0,0,0,0.0,0.0,0,LOW
XYZ20T100685,2026-07-18,1594.0,81.56,84.75,-0.027,63.32,41.68,0,0,0,0.0,0.0,0,LOW
XYZ20T100704,2026-07-18,8735.3,78.13,82.49,0.017,52.69,39.85,0,0,0,0.0,0.0,0,LOW
XYZ20T100712,2026-07-18,474.7,84.99,91.71,-0.044,49.95,32.02,0,0,0,0.0,0.0,0,LOW
XYZ20T100714,2026-07-18,19038.1,83.23,87.83,0.233,69.78,23.14,0,0,0,0.0,0.0,0,LOW
XYZ20T100716,2026-07-18,6009.0,79.89,83.67,-0.082,56.84,32.96,0,0,0,0.0,0.0,0,LOW
XYZ20T100724,2026-07-18,4524.7,80.68,84.87,-0.285,56.92,38.32,0,0,0,0.0,0.0,0,LOW
XYZ20T100726,2026-07-18,6296.9,84.06,89.88,0.441,77.89,28.53,0,0,0,0.0,0.0,0,LOW
XYZ20T100730,2026-07-18,5739.7,84.53,88.0,-0.16,74.63,30.65,0,0,0,0.0,0.0,0,LOW
XYZ20T100740,2026-07-18,12394.4,85.72,90.07,-0.051,49.07,37.64,0,0,0,0.0,0.0,0,LOW
XYZ20T100747,2026-07-18,1598.7,82.6,89.18,-0.901,69.36,31.98,0,0,0,0.0,0.0,0,LOW
XYZ20T100759,2026-07-18,11412.5,87.9,94.84,0.465,52.41,39.83,0,0,0,0.0166,1.7,0,LOW
XYZ20T100764,2026-07-18,19187.3,84.13,89.05,0.364,48.04,27.09,0,0,0,0.0,0.0,0,LOW
XYZ20T100766,2026-07-18,19711.4,82.33,85.65,-0.173,70.28,32.69,0,0,0,0.0,0.0,0,LOW
XYZ20T100773,2026-07-18,16902.6,77.39,83.65,-0.207,62.47,35.51,0,0,0,0.0,0.0,0,LOW
XYZ20T100778,2026-07-18,835.5,84.53,87.54,0.175,67.19,34.31,0,0,0,0.0,0.0,0,LOW
XYZ20T100781,2026-07-18,15771.7,80.45,86.15,-0.084,60.71,38.92,0,0,0,0.0,0.0,0,LOW
XYZ20T100793,2026-07-18,24826.9,75.31,81.94,-0.554,34.69,40.88,0,0,0,0.0,0.0,0,LOW
XYZ20T100796,2026-07-18,9649.8,87.32,91.18,0.089,51.15,41.05,0,0,0,0.0,0.0,0,LOW
XYZ20T100809,2026-07-18,6260.3,81.59,85.12,-0.168,67.9,35.92,0,0,0,0.0,0.0,0,LOW
XYZ20T100826,2026-07-18,17561.2,77.59,81.67,-0.199,69.18,30.1,0,0,0,0.0,0.0,0,LOW
XYZ20T100827,2026-07-18,9898.1,85.25,92.03,0.067,67.3,33.1,0,0,0,0.0,0.0,0,LOW
XYZ20T100829,2026-07-18,15009.2,100.16,109.69,1.577,66.95,44.37,0,0,1,0.9564,95.6,1,CRITICAL
XYZ20T100832,2026-07-18,16724.2,86.46,93.28,0.103,65.3,43.97,1,0,0,0.0,0.0,0,LOW
XYZ20T100833,2026-07-18,3780.2,87.18,91.11,0.424,80.13,25.48,0,0,0,0.0033,0.3,0,LOW
XYZ20T100840,2026-07-18,10961.4,85.27,91.5,-0.191,83.61,39.58,0,0,0,0.0,0.0,0,LOW
XYZ20T100844,2026-07-18,2905.5,80.06,83.32,-0.198,43.49,38.84,0,0,0,0.0,0.0,0,LOW
XYZ20T100848,2026-07-18,12893.1,79.01,85.92,0.315,60.87,28.85,0,0,0,0.0,0.0,0,LOW
XYZ20T100849,2026-07-18,10574.1,78.86,83.43,0.06,63.43,36.31,0,0,0,0.0,0.0,0,LOW
XYZ20T100851,2026-07-18,22329.8,79.18,84.93,0.212,67.21,34.52,0,0,0,0.0,0.0,0,LOW
XYZ20T100856,2026-07-18,20092.3,80.73,84.51,-0.122,75.98,40.3,0,0,0,0.0,0.0,0,LOW
XYZ20T100858,2026-07-18,2936.0,89.89,93.39,0.531,73.33,35.75,0,0,0,0.0065,0.7,0,LOW
XYZ20T100868,2026-07-18,21153.1,83.31,91.0,0.516,55.02,27.91,0,0,0,0.0,0.0,0,LOW
XYZ20T100869,2026-07-18,4256.0,87.4,92.65,0.382,67.12,31.45,0,0,0,0.0,0.0,0,LOW
XYZ20T100871,2026-07-18,8829.7,76.57,80.92,-0.575,49.19,37.33,0,0,0,0.0,0.0,0,LOW
XYZ20T100877,2026-07-18,17819.9,86.69,91.66,-0.135,59.86,33.92,0,0,0,0.0,0.0,0,LOW
XYZ20T100879,2026-07-18,9782.4,85.76,90.18,0.842,47.38,40.88,0,0,0,0.0,0.0,0,LOW
XYZ20T100881,2026-07-18,11830.4,85.24,88.74,0.216,58.27,38.38,1,0,0,0.0,0.0,0,LOW
XYZ20T100884,2026-07-18,5688.3,86.92,92.16,-0.376,74.22,32.16,0,0,0,0.0,0.0,0,LOW
XYZ20T100899,2026-07-18,10235.6,78.37,84.29,-0.081,53.29,33.56,0,0,0,0.0,0.0,0,LOW
XYZ20T100901,2026-07-18,6456.8,86.04,93.69,0.811,73.8,36.14,0,0,0,0.0845,8.5,0,LOW
XYZ20T100902,2026-07-18,22370.8,78.81,84.93,-0.258,51.32,35.06,0,0,0,0.0,0.0,0,LOW
XYZ20T100907,2026-07-18,14853.1,84.59,88.57,0.571,61.43,37.35,0,0,0,0.0,0.0,0,LOW
XYZ20T100908,2026-07-18,1907.2,82.9,89.32,0.345,65.52,36.83,0,0,0,0.0,0.0,0,LOW
XYZ20T100911,2026-07-18,2890.9,87.67,92.35,-0.203,77.82,43.56,0,0,0,0.0,0.0,0,LOW
XYZ20T100915,2026-07-18,7594.5,92.64,98.6,1.328,41.2,41.63,0,1,0,0.8758,87.6,1,CRITICAL
XYZ20T100919,2026-07-18,9495.2,80.67,84.07,0.457,80.29,32.06,0,0,0,0.0,0.0,0,LOW
XYZ20T100924,2026-07-18,13686.1,86.86,90.8,0.021,55.09,40.05,0,0,0,0.0,0.0,0,LOW
XYZ20T100926,2026-07-18,18256.6,80.59,84.67,0.326,72.19,36.13,0,0,0,0.0,0.0,0,LOW
XYZ20T100934,2026-07-18,4598.4,80.06,86.78,-0.265,57.69,39.19,0,0,0,0.0,0.0,0,LOW
XYZ20T100947,2026-07-18,3867.5,92.51,99.56,1.482,51.32,35.36,0,0,1,0.2878,28.8,0,LOW
XYZ20T100976,2026-07-18,2062.6,78.58,84.72,0.025,49.11,39.61,0,0,0,0.0,0.0,0,LOW
XYZ20T100978,2026-07-18,17531.0,82.27,85.94,-0.385,67.36,34.44,0,0,0,0.0,0.0,0,LOW
XYZ20T100986,2026-07-18,5196.0,82.25,88.23,-0.166,62.21,25.33,0,0,0,0.0,0.0,0,LOW
XYZ20T100988,2026-07-18,12868.7,82.73,86.07,-0.297,67.73,34.7,0,0,0,0.0,0.0,0,LOW
XYZ20T100989,2026-07-18,4830.6,86.29,90.38,-2.063,55.5,30.88,0,0,0,0.0,0.0,0,LOW
XYZ20T100991,2026-07-18,4625.0,88.85,91.87,0.178,66.64,34.88,0,0,0,0.0,0.0,0,LOW
XYZ20T100992,2026-07-18,3407.4,84.36,94.85,0.429,64.15,35.14,0,1,0,0.0166,1.7,0,LOW
XYZ20T100993,2026-07-18,2954.2,81.52,84.71,-0.269,73.32,35.43,0,0,0,0.0,0.0,0,LOW
XYZ20T100999,2026-07-18,5699.2,77.14,82.93,-0.884,35.99,32.71,0,0,0,0.0,0.0,0,LOW
XYZ20T101011,2026-07-18,3970.9,85.82,89.98,-0.47,55.6,28.88,0,0,0,0.0,0.0,0,LOW
XYZ20T101013,2026-07-18,8675.3,87.37,91.39,0.526,62.92,39.73,0,0,0,0.0,0.0,0,LOW
XYZ20T101017,2026-07-18,15752.5,84.73,90.69,-0.08,48.38,38.64,0,0,0,0.0,0.0,0,LOW
XYZ20T101030,2026-07-18,14418.7,85.92,91.92,1.095,50.3,27.37,0,0,0,0.1157,11.6,0,LOW
XYZ20T101041,2026-07-18,11059.3,86.29,91.07,-0.253,68.07,38.45,0,0,0,0.0,0.0,0,LOW
XYZ20T101067,2026-07-18,4344.3,84.43,91.39,0.523,50.26,36.58,0,0,0,0.0,0.0,0,LOW
XYZ20T101069,2026-07-18,20632.3,84.42,89.96,0.14,50.81,31.0,0,0,0,0.0,0.0,0,LOW
XYZ20T101070,2026-07-18,775.6,85.19,89.42,0.278,65.19,34.73,0,0,0,0.0,0.0,0,LOW
XYZ20T101080,2026-07-18,2767.2,81.03,84.89,0.25,67.29,35.98,0,0,0,0.0,0.0,0,LOW
XYZ20T101090,2026-07-18,897.0,87.67,91.61,0.211,43.3,37.73,0,0,0,0.0,0.0,0,LOW
XYZ20T101094,2026-07-18,13388.7,80.73,85.38,-0.189,57.69,37.73,0,0,0,0.0,0.0,0,LOW
XYZ20T101096,2026-07-18,2448.8,86.06,89.93,-1.187,70.56,36.06,0,0,0,0.0,0.0,0,LOW
XYZ20T101100,2026-07-18,5604.9,95.44,101.87,1.281,73.96,35.52,0,1,0,0.8828,88.3,1,CRITICAL
XYZ20T101102,2026-07-18,24867.4,84.33,89.52,0.058,82.4,33.09,0,0,0,0.0,0.0,0,LOW
XYZ20T101107,2026-07-18,15831.7,77.2,80.55,-0.039,59.74,30.73,0,0,0,0.0,0.0,0,LOW
XYZ20T101112,2026-07-18,5851.2,88.54,97.16,1.684,64.78,31.86,0,1,0,0.7501,75.0,1,CRITICAL
XYZ20T101117,2026-07-18,3074.9,83.45,88.48,-0.303,53.12,27.77,0,0,0,0.0,0.0,0,LOW
XYZ20T101120,2026-07-18,12904.9,87.31,90.36,0.103,49.49,30.81,0,0,0,0.0,0.0,0,LOW
XYZ20T101122,2026-07-18,10733.1,87.83,94.76,-0.145,70.3,35.73,0,0,0,0.0,0.0,0,LOW
XYZ20T101132,2026-07-18,3599.1,81.07,84.7,0.238,46.49,34.19,0,0,0,0.0,0.0,0,LOW
XYZ20T101134,2026-07-18,21169.9,85.83,91.72,0.527,44.97,41.17,0,0,0,0.0,0.0,0,LOW
XYZ20T101142,2026-07-18,5001.4,82.49,88.52,0.059,36.91,40.57,0,0,0,0.0,0.0,0,LOW
XYZ20T101147,2026-07-18,24433.6,84.77,89.9,0.113,75.8,32.84,0,0,0,0.0,0.0,0,LOW
XYZ20T101149,2026-07-18,12458.4,79.94,86.79,-1.073,54.16,37.52,0,0,0,0.0,0.0,0,LOW
XYZ20T101150,2026-07-18,16878.2,78.81,84.37,-0.104,64.32,35.29,0,0,0,0.0,0.0,0,LOW
XYZ20T101153,2026-07-18,4001.7,86.54,91.23,-0.253,40.85,42.02,0,0,0,0.0,0.0,0,LOW
XYZ20T101156,2026-07-18,10547.0,80.16,83.3,0.473,53.97,40.03,0,0,0,0.0,0.0,0,LOW
XYZ20T101158,2026-07-18,5748.1,89.7,95.36,0.505,87.95,34.66,0,0,0,0.0227,2.3,0,LOW
XYZ20T101165,2026-07-18,18376.5,80.45,83.73,0.077,76.36,41.21,0,0,0,0.0,0.0,0,LOW
XYZ20T101169,2026-07-18,11313.4,81.21,86.26,-0.318,72.74,25.76,0,0,0,0.0,0.0,0,LOW
XYZ20T101173,2026-07-18,328.3,83.22,87.93,0.16,84.16,39.7,0,0,0,0.0,0.0,0,LOW
XYZ20T101175,2026-07-18,4939.6,85.32,90.97,-0.085,75.2,29.01,0,0,0,0.0,0.0,0,LOW
XYZ20T101192,2026-07-18,5476.3,84.55,88.15,-0.264,42.08,36.46,1,0,0,0.0,0.0,0,LOW
XYZ20T101205,2026-07-18,8640.6,75.02,81.35,-0.381,67.76,28.06,0,0,0,0.0,0.0,0,LOW
XYZ20T101208,2026-07-18,10436.0,82.67,89.35,-0.015,51.45,31.87,0,0,0,0.0,0.0,0,LOW
XYZ20T101210,2026-07-18,7238.4,83.58,87.79,-0.383,61.96,20.0,0,0,0,0.0,0.0,0,LOW
XYZ20T101215,2026-07-18,13650.2,92.65,99.87,1.05,58.76,35.83,0,0,0,0.8516,85.2,1,CRITICAL
XYZ20T101216,2026-07-18,1187.6,80.14,85.55,-0.555,43.67,32.04,0,0,0,0.0,0.0,0,LOW
XYZ20T101220,2026-07-18,17267.1,87.66,93.88,0.323,70.61,30.54,0,0,0,0.0,0.0,0,LOW
XYZ20T101222,2026-07-18,24701.1,80.38,87.2,0.065,60.72,27.63,0,0,0,0.0,0.0,0,LOW
XYZ20T101227,2026-07-18,675.7,89.19,97.99,0.866,36.82,35.72,0,0,0,0.1739,17.4,0,LOW
XYZ20T101233,2026-07-18,10689.8,89.02,94.21,0.522,45.2,35.04,0,0,0,0.0098,1.0,0,LOW
XYZ20T101236,2026-07-18,10187.5,85.5,91.65,-0.6,57.43,32.69,0,0,0,0.0,0.0,0,LOW
XYZ20T101237,2026-07-18,1025.3,83.92,86.98,0.564,45.26,38.53,0,0,0,0.0066,0.7,0,LOW
XYZ20T101240,2026-07-18,2614.0,81.4,86.34,0.258,86.51,29.08,0,0,0,0.0,0.0,0,LOW
XYZ20T101242,2026-07-18,13367.9,86.2,89.69,0.382,69.25,29.53,0,0,0,0.0,0.0,0,LOW
XYZ20T101273,2026-07-18,14597.8,85.95,90.35,0.055,46.96,29.95,0,0,0,0.0,0.0,0,LOW
XYZ20T101274,2026-07-18,3237.4,85.19,90.11,-1.083,72.08,36.97,0,0,0,0.0,0.0,0,LOW
XYZ20T101275,2026-07-18,6612.0,82.4,85.67,0.349,73.13,29.77,0,0,0,0.0,0.0,0,LOW
XYZ20T101277,2026-07-18,14848.7,81.16,86.37,-0.009,43.33,38.63,0,0,0,0.0,0.0,0,LOW
XYZ20T101280,2026-07-18,1054.5,82.44,88.09,-0.356,49.56,40.67,0,0,0,0.0,0.0,0,LOW
XYZ20T101286,2026-07-18,2216.3,81.32,86.15,-0.132,70.75,35.79,0,0,0,0.0,0.0,0,LOW
XYZ20T101290,2026-07-18,14000.2,83.04,86.93,0.178,53.75,41.83,0,0,0,0.0,0.0,0,LOW
XYZ20T101298,2026-07-18,21966.1,87.19,93.73,0.197,56.92,40.26,0,0,0,0.0,0.0,0,LOW
XYZ20T101299,2026-07-18,6257.6,85.53,91.75,0.178,56.71,43.72,0,0,0,0.0,0.0,0,LOW
XYZ20T101301,2026-07-18,18519.2,80.89,85.87,0.268,50.61,39.92,0,0,0,0.0,0.0,0,LOW
XYZ20T101306,2026-07-18,1037.2,85.31,88.73,0.3,76.36,29.26,0,0,0,0.0,0.0,0,LOW
XYZ20T101308,2026-07-18,8531.2,84.54,89.49,0.4,62.31,32.91,0,0,0,0.0,0.0,0,LOW
XYZ20T101317,2026-07-18,567.1,86.17,90.14,0.137,58.73,35.61,0,0,0,0.0,0.0,0,LOW
XYZ20T101318,2026-07-18,7604.8,88.16,94.73,-1.296,70.99,34.79,0,0,0,0.0,0.0,0,LOW
XYZ20T101319,2026-07-18,20887.3,95.0,103.53,1.701,83.49,23.24,1,1,0,0.3054,30.5,1,MODERATE
XYZ20T101326,2026-07-18,4066.1,86.44,90.97,0.102,75.38,34.09,0,0,0,0.0,0.0,0,LOW
XYZ20T101334,2026-07-18,6024.8,84.09,88.36,0.013,52.0,27.75,0,0,0,0.0,0.0,0,LOW
XYZ20T101349,2026-07-18,13183.3,77.6,82.84,0.361,53.0,25.61,0,0,0,0.0,0.0,0,LOW
XYZ20T101361,2026-07-18,2892.2,85.76,88.98,-0.041,50.7,29.38,0,0,0,0.0,0.0,0,LOW
XYZ20T101369,2026-07-18,10305.7,95.78,105.06,1.507,51.63,34.1,1,0,0,0.7838,78.4,1,CRITICAL
XYZ20T101374,2026-07-18,13235.1,87.12,96.34,0.127,64.63,31.99,0,0,0,0.0263,2.6,0,LOW
XYZ20T101384,2026-07-18,14847.4,79.47,82.78,-1.82,44.07,26.56,0,0,0,0.0,0.0,0,LOW
XYZ20T101385,2026-07-18,13524.1,85.38,91.7,0.122,62.68,26.95,0,0,0,0.0,0.0,0,LOW
XYZ20T101393,2026-07-18,17414.3,89.03,93.29,0.156,78.56,36.59,0,0,0,0.0,0.0,0,LOW
XYZ20T101406,2026-07-18,16593.2,78.66,85.03,-0.149,66.9,30.36,0,0,0,0.0,0.0,0,LOW
XYZ20T101413,2026-07-18,14057.7,85.39,92.36,-0.179,35.28,34.86,0,0,0,0.0,0.0,0,LOW
XYZ20T101419,2026-07-18,12323.7,80.97,86.98,0.257,61.31,26.99,0,0,0,0.0,0.0,0,LOW
XYZ20T101423,2026-07-18,18994.4,95.76,103.85,1.028,53.95,35.76,0,0,0,0.588,58.8,1,HIGH
XYZ20T101428,2026-07-18,6203.0,84.53,87.88,0.162,49.2,30.93,0,0,0,0.0,0.0,0,LOW
XYZ20T101431,2026-07-18,24916.8,86.7,90.09,-2.241,68.35,27.89,0,0,0,0.0,0.0,0,LOW
XYZ20T101434,2026-07-18,11400.0,87.7,91.53,0.44,80.96,34.1,0,0,0,0.0,0.0,0,LOW
XYZ20T101435,2026-07-18,12886.0,80.08,83.76,0.208,63.05,33.5,0,0,0,0.0,0.0,0,LOW
XYZ20T101437,2026-07-18,3252.4,85.55,91.21,-0.223,69.64,38.7,0,0,0,0.0,0.0,0,LOW
XYZ20T101446,2026-07-18,9207.3,82.39,86.45,0.089,70.66,41.14,0,0,0,0.0,0.0,0,LOW
XYZ20T101468,2026-07-18,8267.4,87.31,94.19,0.379,73.61,30.33,0,0,0,0.0,0.0,0,LOW
XYZ20T101479,2026-07-18,1369.5,82.4,90.14,0.407,49.56,35.13,0,0,0,0.0,0.0,0,LOW
XYZ20T101484,2026-07-18,14353.1,76.53,83.12,0.09,39.92,41.95,0,0,0,0.0,0.0,0,LOW
XYZ20T101491,2026-07-18,13768.1,80.75,86.44,-1.922,69.73,26.96,0,0,0,0.0,0.0,0,LOW
XYZ20T101498,2026-07-18,13427.9,79.47,85.5,0.225,50.25,29.44,0,0,0,0.0,0.0,0,LOW
XYZ20T101500,2026-07-18,4220.5,79.62,82.63,0.089,37.55,27.55,0,0,0,0.0,0.0,0,LOW
XYZ20T101501,2026-07-18,16208.7,86.21,89.33,-0.166,62.04,22.64,0,0,0,0.0,0.0,0,LOW
XYZ20T101502,2026-07-18,10652.1,79.43,82.92,-0.255,57.79,32.47,0,0,0,0.0,0.0,0,LOW
XYZ20T101504,2026-07-18,7199.4,78.6,81.77,-0.029,54.52,36.05,0,0,0,0.0,0.0,0,LOW
XYZ20T101511,2026-07-18,554.5,82.5,86.1,0.518,50.02,30.65,0,0,0,0.0,0.0,0,LOW
XYZ20T101519,2026-07-18,13811.2,81.13,87.9,-0.15,59.42,33.09,0,0,0,0.0,0.0,0,LOW
XYZ20T101525,2026-07-18,8172.7,83.46,89.89,-0.129,43.26,28.42,0,0,0,0.0,0.0,0,LOW
XYZ20T101526,2026-07-18,1183.3,77.43,81.01,0.007,64.82,25.72,0,0,0,0.0,0.0,0,LOW
XYZ20T101530,2026-07-18,20154.2,80.14,85.36,-0.285,52.17,35.08,0,0,0,0.0,0.0,0,LOW
XYZ20T101534,2026-07-18,5818.4,75.88,79.98,-0.288,44.21,33.36,0,0,0,0.0,0.0,0,LOW
XYZ20T101549,2026-07-18,1976.5,78.42,81.76,-0.327,60.19,32.75,0,0,0,0.0,0.0,0,LOW
XYZ20T101550,2026-07-18,4978.3,77.17,80.17,0.099,69.3,29.16,0,0,0,0.0,0.0,0,LOW
XYZ20T101551,2026-07-18,544.1,82.4,85.72,0.243,66.0,24.27,0,0,0,0.0,0.0,0,LOW
XYZ20T101555,2026-07-18,12466.5,86.29,90.82,-0.082,64.44,28.27,0,0,0,0.0,0.0,0,LOW
XYZ20T101558,2026-07-18,6094.2,80.97,86.29,0.189,74.39,41.38,0,0,0,0.0,0.0,0,LOW
XYZ20T101562,2026-07-18,14141.3,87.43,92.7,0.501,66.6,31.16,0,0,0,0.0098,1.0,0,LOW
XYZ20T101567,2026-07-18,17136.3,81.94,85.17,0.063,51.43,35.74,0,0,0,0.0,0.0,0,LOW
XYZ20T101573,2026-07-18,1857.9,87.03,92.03,0.215,70.11,39.77,0,0,0,0.0,0.0,0,LOW
XYZ20T101582,2026-07-18,15442.4,81.24,85.6,0.413,67.66,35.81,0,0,0,0.0,0.0,0,LOW
XYZ20T101586,2026-07-18,16331.2,81.93,88.51,-0.517,43.35,36.31,0,0,0,0.0,0.0,0,LOW
XYZ20T101593,2026-07-18,331.4,78.21,83.38,0.387,52.28,24.54,0,0,0,0.0,0.0,0,LOW
XYZ20T101594,2026-07-18,12680.0,78.5,83.21,-0.334,46.93,33.55,0,0,0,0.0,0.0,0,LOW
XYZ20T101629,2026-07-18,5850.0,79.24,84.36,0.193,46.02,34.46,0,0,0,0.0,0.0,0,LOW
XYZ20T101633,2026-07-18,13074.4,82.22,86.15,-0.006,37.75,39.33,0,0,0,0.0,0.0,0,LOW
XYZ20T101659,2026-07-18,6169.5,85.36,89.95,-0.035,69.23,30.16,0,0,0,0.0,0.0,0,LOW
XYZ20T101662,2026-07-18,11475.6,77.56,84.37,-0.113,62.03,31.94,0,0,0,0.0,0.0,0,LOW
XYZ20T101663,2026-07-18,20775.1,80.52,83.53,0.292,55.15,36.89,0,0,0,0.0,0.0,0,LOW
XYZ20T101669,2026-07-18,4289.4,82.65,89.52,0.446,65.32,45.12,0,0,0,0.0,0.0,0,LOW
XYZ20T101677,2026-07-18,4065.5,82.07,87.71,-0.005,66.58,42.72,0,0,0,0.0,0.0,0,LOW
XYZ20T101678,2026-07-18,5431.2,78.36,83.47,0.036,60.18,34.44,0,0,0,0.0,0.0,0,LOW
XYZ20T101685,2026-07-18,11628.3,79.75,84.59,-0.126,60.05,36.69,0,0,0,0.0,0.0,0,LOW
XYZ20T101692,2026-07-18,394.7,80.41,84.46,-0.008,64.32,29.76,0,0,0,0.0,0.0,0,LOW
XYZ20T101693,2026-07-18,22524.4,92.66,98.3,0.911,75.01,39.04,0,1,0,0.3587,35.9,1,MODERATE
XYZ20T101696,2026-07-18,15562.8,93.71,102.51,0.998,57.58,32.63,0,1,0,0.3438,34.4,1,MODERATE
XYZ20T101698,2026-07-18,4706.3,83.13,88.72,0.157,60.42,39.66,0,0,0,0.0,0.0,0,LOW
XYZ20T101699,2026-07-18,24893.8,85.21,89.09,0.394,60.54,39.05,0,0,0,0.0,0.0,0,LOW
XYZ20T101702,2026-07-18,2245.2,82.07,87.69,0.138,75.15,36.54,0,0,0,0.0,0.0,0,LOW
XYZ20T101718,2026-07-18,2550.5,83.04,89.57,-0.099,58.7,37.86,0,0,0,0.0,0.0,0,LOW
XYZ20T101728,2026-07-18,496.4,86.43,92.28,0.125,44.61,35.24,0,0,0,0.0,0.0,0,LOW
XYZ20T101733,2026-07-18,9279.4,89.34,92.54,0.375,75.27,33.41,0,0,0,0.0033,0.3,0,LOW
XYZ20T101735,2026-07-18,12539.8,77.54,80.89,-0.195,30.82,37.63,0,0,0,0.0,0.0,0,LOW
XYZ20T101740,2026-07-18,16716.8,80.42,83.75,-0.208,63.18,34.85,0,0,0,0.0,0.0,0,LOW
XYZ20T101764,2026-07-18,6312.7,83.09,90.06,-1.118,53.39,33.03,0,0,0,0.0,0.0,0,LOW
XYZ20T101767,2026-07-18,1703.3,82.51,88.15,0.114,51.29,28.34,0,0,0,0.0,0.0,0,LOW
XYZ20T101768,2026-07-18,3668.4,83.24,87.59,-0.217,76.12,45.4,0,0,0,0.0,0.0,0,LOW
XYZ20T101773,2026-07-18,11639.2,79.96,83.46,-0.155,65.89,30.5,0,0,0,0.0,0.0,0,LOW
XYZ20T101782,2026-07-18,4161.7,79.67,85.82,0.008,59.32,27.54,0,0,0,0.0,0.0,0,LOW
XYZ20T101789,2026-07-18,8695.3,80.88,85.7,-0.337,80.11,38.11,0,0,0,0.0,0.0,0,LOW
XYZ20T101790,2026-07-18,4203.5,86.53,93.41,-0.239,47.0,44.22,0,0,0,0.0,0.0,0,LOW
XYZ20T101791,2026-07-18,16727.3,83.26,87.96,0.156,51.33,36.42,0,0,0,0.0,0.0,0,LOW
XYZ20T101792,2026-07-18,1391.3,85.4,91.05,-0.251,50.88,32.69,0,0,0,0.0,0.0,0,LOW
XYZ20T101794,2026-07-18,10738.2,84.23,87.98,0.316,46.56,28.74,0,0,0,0.0033,0.3,0,LOW
XYZ20T101805,2026-07-18,12992.9,85.11,88.9,0.208,49.65,38.32,0,0,0,0.0,0.0,0,LOW
XYZ20T101807,2026-07-18,9930.4,85.37,91.51,0.489,52.26,36.98,0,0,0,0.0,0.0,0,LOW
XYZ20T101809,2026-07-18,11897.8,84.36,91.14,0.354,55.25,33.6,0,0,0,0.0,0.0,0,LOW
XYZ20T101820,2026-07-18,8467.7,85.37,88.54,0.287,70.2,30.79,0,0,0,0.0,0.0,0,LOW
XYZ20T101825,2026-07-18,10272.2,84.15,87.46,0.525,66.02,33.22,0,0,0,0.0098,1.0,0,LOW
XYZ20T101832,2026-07-18,13258.5,82.66,87.13,-1.535,74.07,31.84,0,0,0,0.0,0.0,0,LOW
XYZ20T101838,2026-07-18,12890.8,92.7,100.12,1.472,72.21,38.84,0,1,0,0.9092,90.9,1,CRITICAL
XYZ20T101842,2026-07-18,6836.3,76.71,82.25,-0.304,52.29,32.77,0,0,0,0.0,0.0,0,LOW
XYZ20T101848,2026-07-18,22134.7,78.88,85.29,0.133,60.99,32.27,0,0,0,0.0,0.0,0,LOW
XYZ20T101861,2026-07-18,9736.2,79.47,82.54,0.081,42.9,41.02,0,0,0,0.0,0.0,0,LOW
XYZ20T101862,2026-07-18,7548.5,85.66,90.07,-0.341,53.91,36.02,0,0,0,0.0,0.0,0,LOW
XYZ20T101866,2026-07-18,5470.3,76.65,80.68,-0.315,50.63,33.63,0,0,0,0.0,0.0,0,LOW
XYZ20T101868,2026-07-18,6586.4,83.0,89.36,-1.778,78.85,38.21,0,0,0,0.0,0.0,0,LOW
XYZ20T101869,2026-07-18,4149.5,75.73,79.63,0.112,44.34,27.06,0,0,0,0.0033,0.3,0,LOW
XYZ20T101884,2026-07-18,24856.5,84.13,88.15,-0.021,58.74,33.02,0,0,0,0.0,0.0,0,LOW
XYZ20T101886,2026-07-18,2624.6,86.92,90.58,-0.064,69.61,35.53,0,0,0,0.0,0.0,0,LOW
XYZ20T101892,2026-07-18,8827.4,81.27,86.15,-0.327,51.69,33.75,0,0,0,0.0,0.0,0,LOW
XYZ20T101897,2026-07-18,20034.7,79.73,84.43,0.238,58.9,33.16,0,0,0,0.0,0.0,0,LOW
XYZ20T101898,2026-07-18,11876.5,84.41,91.36,-0.245,47.52,38.27,0,0,0,0.0,0.0,0,LOW
XYZ20T101900,2026-07-18,24872.9,83.16,87.11,-0.058,46.46,34.02,0,0,0,0.0,0.0,0,LOW
XYZ20T101905,2026-07-18,18255.3,81.84,86.82,-0.093,61.78,33.93,0,0,0,0.0,0.0,0,LOW
XYZ20T101912,2026-07-18,6726.7,80.68,85.04,-0.102,52.2,37.23,0,0,0,0.0,0.0,0,LOW
XYZ20T101915,2026-07-18,567.3,87.58,93.52,-0.019,59.72,38.26,0,0,0,0.0,0.0,0,LOW
XYZ20T101917,2026-07-18,13498.8,81.81,87.24,-0.254,68.94,39.68,0,0,0,0.0,0.0,0,LOW
XYZ20T101921,2026-07-18,15021.2,79.51,85.9,0.045,56.24,34.74,0,0,0,0.0,0.0,0,LOW
XYZ20T101922,2026-07-18,1191.4,93.24,98.95,1.648,76.17,35.85,0,0,0,0.3142,31.4,1,MODERATE
XYZ20T101924,2026-07-18,14628.3,80.16,85.4,0.345,62.92,21.25,0,0,0,0.0,0.0,0,LOW
XYZ20T101928,2026-07-18,14379.4,87.51,95.44,0.38,57.19,30.06,0,0,0,0.0233,2.3,0,LOW
XYZ20T101935,2026-07-18,3576.7,88.48,94.49,-0.19,60.21,39.7,0,0,0,0.0,0.0,0,LOW
XYZ20T101946,2026-07-18,9719.1,86.5,92.2,-0.324,63.88,35.17,0,0,0,0.0,0.0,0,LOW
XYZ20T101957,2026-07-18,14648.7,80.32,85.0,-0.01,69.36,24.46,0,0,0,0.0,0.0,0,LOW
XYZ20T101958,2026-07-18,24940.8,83.82,87.52,-0.686,44.36,29.81,0,0,0,0.0,0.0,0,LOW
XYZ20T101959,2026-07-18,12695.9,76.6,82.8,-0.263,42.83,34.0,0,0,0,0.0,0.0,0,LOW
XYZ20T101960,2026-07-18,11700.9,82.66,89.66,0.383,63.59,32.04,0,0,0,0.0,0.0,0,LOW
XYZ20T101964,2026-07-18,3362.1,85.98,92.56,0.172,59.86,34.18,0,0,0,0.0,0.0,0,LOW
XYZ20T101965,2026-07-18,6485.9,82.78,86.57,0.029,38.58,43.04,0,0,0,0.0,0.0,0,LOW
XYZ20T101978,2026-07-18,18191.3,82.53,86.7,0.651,69.01,35.23,0,0,0,0.0,0.0,0,LOW
XYZ20T101983,2026-07-18,434.1,86.62,91.51,0.04,53.07,25.96,0,0,0,0.0,0.0,0,LOW
XYZ20T101996,2026-07-18,11368.9,83.29,87.97,-0.217,51.12,37.92,0,0,0,0.0,0.0,0,LOW
XYZ20T102000,2026-07-18,558.4,81.97,88.17,-0.34,50.78,30.95,0,0,0,0.0,0.0,0,LOW
XYZ20T102004,2026-07-18,701.6,87.34,95.63,0.267,69.49,30.89,0,0,0,0.0133,1.3,0,LOW
XYZ20T102009,2026-07-18,23359.8,85.26,90.07,-0.379,58.4,30.25,0,0,0,0.0,0.0,0,LOW
XYZ20T102012,2026-07-18,3636.2,79.02,84.41,-0.327,53.0,27.39,0,0,0,0.0,0.0,0,LOW
XYZ20T102025,2026-07-18,14543.5,81.27,85.75,0.428,64.56,35.96,0,0,0,0.0,0.0,0,LOW
XYZ20T102026,2026-07-18,2680.8,86.12,89.18,-0.241,65.22,31.84,0,0,0,0.0,0.0,0,LOW
XYZ20T102029,2026-07-18,17005.7,88.06,97.4,1.14,47.07,30.98,0,0,0,0.6231,62.3,1,HIGH
XYZ20T102030,2026-07-18,3041.8,87.0,91.69,-1.471,90.19,36.31,0,0,0,0.0,0.0,0,LOW
XYZ20T102031,2026-07-18,2775.1,88.84,94.08,1.035,49.5,23.98,1,0,0,0.2258,22.6,0,LOW
XYZ20T102038,2026-07-18,10728.1,75.92,79.09,0.39,47.57,30.57,0,0,0,0.0,0.0,0,LOW
XYZ20T102041,2026-07-18,7851.8,82.91,88.13,-1.028,51.99,29.62,0,0,0,0.0,0.0,0,LOW
XYZ20T102046,2026-07-18,5932.6,80.68,84.78,-0.062,50.91,38.26,0,0,0,0.0,0.0,0,LOW
XYZ20T102048,2026-07-18,9221.7,89.68,99.75,1.652,62.42,32.48,0,0,0,0.3772,37.7,1,MODERATE
XYZ20T102053,2026-07-18,12521.6,79.29,84.21,-1.921,58.41,28.86,0,0,0,0.0,0.0,0,LOW
XYZ20T102054,2026-07-18,13999.1,88.19,91.52,-0.635,71.71,31.7,0,0,0,0.0,0.0,0,LOW
XYZ20T102055,2026-07-18,4301.7,79.65,86.41,-0.109,45.45,27.32,0,0,0,0.0,0.0,0,LOW
XYZ20T102060,2026-07-18,9874.7,88.08,93.02,0.379,46.27,38.21,0,0,0,0.0,0.0,0,LOW
XYZ20T102065,2026-07-18,8905.8,84.79,89.35,0.289,60.5,33.11,0,0,0,0.0,0.0,0,LOW
XYZ20T102073,2026-07-18,1898.2,82.9,86.1,-0.349,43.16,33.66,0,0,0,0.0,0.0,0,LOW
XYZ20T102090,2026-07-18,9935.0,82.65,86.69,-1.83,55.18,37.91,0,0,0,0.0,0.0,0,LOW
XYZ20T102097,2026-07-18,528.5,85.94,90.96,0.372,52.73,26.88,0,0,0,0.0,0.0,0,LOW
XYZ20T102102,2026-07-18,11796.8,78.76,84.2,-0.246,54.52,27.31,0,0,0,0.0,0.0,0,LOW
XYZ20T102103,2026-07-18,4790.1,82.72,86.01,-2.076,61.62,33.78,0,0,0,0.0,0.0,0,LOW
XYZ20T102108,2026-07-18,18216.8,88.09,93.27,0.122,70.48,30.21,0,0,0,0.0,0.0,0,LOW
XYZ20T102121,2026-07-18,4002.9,79.68,84.35,-1.152,49.73,34.87,0,0,0,0.0,0.0,0,LOW
XYZ20T102127,2026-07-18,5534.7,80.74,87.55,-0.276,67.53,24.35,0,0,0,0.0,0.0,0,LOW
XYZ20T102132,2026-07-18,5889.7,79.78,83.99,-0.05,54.46,30.79,0,0,0,0.0,0.0,0,LOW
XYZ20T102138,2026-07-18,1959.5,82.02,85.43,-0.19,80.71,41.63,0,0,0,0.0,0.0,0,LOW
XYZ20T102169,2026-07-18,4290.1,79.88,84.71,0.118,56.67,33.97,0,0,0,0.0,0.0,0,LOW
XYZ20T102176,2026-07-18,1839.4,85.75,95.62,0.217,78.85,36.42,0,0,0,0.0166,1.7,0,LOW
XYZ20T102178,2026-07-18,24882.9,84.08,89.17,0.598,81.02,39.0,0,0,0,0.0,0.0,0,LOW
XYZ20T102182,2026-07-18,18713.4,80.58,85.05,-0.38,34.03,27.55,0,0,0,0.0099,1.0,0,LOW
XYZ20T102191,2026-07-18,8415.2,79.24,84.26,0.034,30.99,26.64,0,0,0,0.0,0.0,0,LOW
XYZ20T102196,2026-07-18,13805.0,79.48,84.65,-0.706,68.34,31.03,0,0,0,0.0,0.0,0,LOW
XYZ20T102203,2026-07-18,12086.3,78.47,81.83,-0.21,47.06,33.21,0,0,0,0.0,0.0,0,LOW
XYZ20T102212,2026-07-18,2660.5,87.37,93.71,0.131,45.5,45.15,0,0,0,0.0,0.0,0,LOW
XYZ20T102214,2026-07-18,19708.2,85.49,89.15,0.344,49.29,38.2,0,0,0,0.0,0.0,0,LOW
XYZ20T102217,2026-07-18,5591.5,81.32,85.08,-0.22,54.91,37.63,0,0,0,0.0,0.0,0,LOW
XYZ20T102223,2026-07-18,11924.2,84.38,90.12,0.25,77.66,30.56,0,0,0,0.0,0.0,0,LOW
XYZ20T102226,2026-07-18,3069.6,85.48,89.9,-0.197,63.61,32.81,1,0,0,0.0099,1.0,0,LOW
XYZ20T102230,2026-07-18,11674.4,82.55,88.28,-0.136,60.11,39.48,0,0,0,0.0,0.0,0,LOW
XYZ20T102240,2026-07-18,11214.8,87.2,93.98,-0.414,58.09,34.18,0,0,0,0.0,0.0,0,LOW
XYZ20T102251,2026-07-18,12498.2,82.71,87.89,-0.044,63.08,34.61,0,0,0,0.0,0.0,0,LOW
XYZ20T102259,2026-07-18,17005.1,78.88,84.42,-0.042,49.74,29.12,0,0,0,0.0,0.0,0,LOW
XYZ20T102267,2026-07-18,11749.3,83.33,87.22,0.403,64.51,35.8,0,0,0,0.0,0.0,0,LOW
XYZ20T102268,2026-07-18,12469.5,81.26,84.36,-0.296,33.61,32.08,0,0,0,0.0,0.0,0,LOW
XYZ20T102285,2026-07-18,19859.3,89.37,94.05,0.045,66.86,38.9,0,0,0,0.0,0.0,0,LOW
XYZ20T102287,2026-07-18,2749.8,85.84,92.38,-0.07,50.22,32.87,0,0,0,0.0,0.0,0,LOW
XYZ20T102291,2026-07-18,14641.4,82.37,89.06,0.263,75.7,35.62,0,0,0,0.0,0.0,0,LOW
XYZ20T102294,2026-07-18,1499.0,87.46,96.36,1.219,54.48,34.44,0,1,0,0.4055,40.6,1,MODERATE
XYZ20T102325,2026-07-18,13934.0,82.56,86.8,0.232,78.19,38.2,0,0,0,0.0,0.0,0,LOW
XYZ20T102327,2026-07-18,12110.3,80.29,84.02,0.149,42.04,37.32,0,0,0,0.0,0.0,0,LOW
XYZ20T102330,2026-07-18,16349.9,80.87,84.88,0.324,51.53,37.51,0,0,0,0.0,0.0,0,LOW
XYZ20T102345,2026-07-18,20178.5,88.25,92.06,-0.977,50.32,42.01,0,0,0,0.0,0.0,0,LOW
XYZ20T102348,2026-07-18,15348.7,83.83,91.65,-1.299,58.56,28.04,0,0,0,0.0,0.0,0,LOW
XYZ20T102358,2026-07-18,6575.6,80.9,86.58,0.012,76.73,34.59,0,0,0,0.0,0.0,0,LOW
XYZ20T102367,2026-07-18,3262.9,82.56,88.85,0.334,50.76,33.9,0,0,0,0.0,0.0,0,LOW
XYZ20T102369,2026-07-18,7609.9,86.69,90.92,0.457,61.08,29.51,0,0,0,0.0,0.0,0,LOW
XYZ20T102373,2026-07-18,4377.0,81.49,87.4,-0.251,68.83,32.45,0,0,0,0.0,0.0,0,LOW
XYZ20T102375,2026-07-18,6118.0,79.19,84.31,-0.159,54.51,41.59,0,0,0,0.0,0.0,0,LOW
XYZ20T102376,2026-07-18,19586.4,90.76,93.97,0.177,88.52,38.64,0,0,0,0.0,0.0,0,LOW
XYZ20T102389,2026-07-18,6945.3,90.81,98.83,1.341,75.68,38.33,0,0,0,0.8819,88.2,1,CRITICAL
XYZ20T102391,2026-07-18,1622.8,83.74,86.99,-0.213,31.18,36.21,0,0,0,0.0,0.0,0,LOW
XYZ20T102392,2026-07-18,14420.6,77.98,84.18,-0.464,50.52,24.09,0,0,0,0.0,0.0,0,LOW
XYZ20T102403,2026-07-18,13587.4,82.49,87.04,0.091,75.02,28.31,0,0,0,0.0,0.0,0,LOW
XYZ20T102405,2026-07-18,8308.1,80.13,86.17,-0.008,80.89,32.12,0,0,0,0.0,0.0,0,LOW
XYZ20T102413,2026-07-18,10510.4,81.64,84.85,0.141,50.22,31.51,0,0,0,0.0,0.0,0,LOW
XYZ20T102420,2026-07-18,9526.7,83.15,87.48,-0.437,42.96,41.46,0,0,0,0.0,0.0,0,LOW
XYZ20T102424,2026-07-18,13260.4,81.96,90.69,0.265,65.14,34.5,0,0,0,0.0,0.0,0,LOW
XYZ20T102428,2026-07-18,10345.8,79.0,85.37,0.019,41.57,34.94,0,0,0,0.0,0.0,0,LOW
XYZ20T102429,2026-07-18,2959.3,86.91,93.28,0.551,51.83,29.25,0,0,0,0.0032,0.3,0,LOW
XYZ20T102432,2026-07-18,24903.8,92.43,102.88,1.721,78.3,32.89,0,0,0,0.6513,65.1,1,HIGH
XYZ20T102436,2026-07-18,1155.1,78.45,84.05,-0.329,56.36,29.79,0,0,0,0.0,0.0,0,LOW
XYZ20T102450,2026-07-18,12038.7,78.36,82.42,0.207,61.77,35.96,0,0,0,0.0,0.0,0,LOW
XYZ20T102452,2026-07-18,17162.9,87.04,94.02,0.193,73.13,32.25,0,0,0,0.0,0.0,0,LOW
XYZ20T102453,2026-07-18,6941.8,89.33,97.41,0.947,72.48,35.76,0,0,0,0.6286,62.9,1,HIGH
XYZ20T102454,2026-07-18,3196.0,79.45,82.82,-0.381,58.62,38.15,0,0,0,0.0,0.0,0,LOW
XYZ20T102457,2026-07-18,7546.2,82.47,89.0,0.078,70.63,21.15,0,0,0,0.0,0.0,0,LOW
XYZ20T102462,2026-07-18,5695.2,80.09,85.78,-1.14,48.65,31.36,0,0,0,0.0,0.0,0,LOW
XYZ20T102463,2026-07-18,24829.8,83.21,87.83,0.488,50.75,23.68,0,0,0,0.0,0.0,0,LOW
XYZ20T102471,2026-07-18,4010.8,85.68,96.88,1.051,59.69,24.85,0,1,0,0.2478,24.8,0,LOW
XYZ20T102479,2026-07-18,2657.1,84.81,93.09,1.35,42.66,34.81,1,0,0,0.2289,22.9,0,LOW
XYZ20T102482,2026-07-18,14580.2,84.72,90.65,-0.202,64.27,31.94,0,0,0,0.0,0.0,0,LOW
XYZ20T102488,2026-07-18,12359.3,81.48,86.5,0.118,80.72,39.69,0,0,0,0.0,0.0,0,LOW
XYZ20T102491,2026-07-18,6000.5,89.04,94.52,-0.132,49.95,34.35,0,0,0,0.0,0.0,0,LOW
XYZ20T102501,2026-07-18,808.4,82.83,89.68,-0.147,37.83,33.39,0,0,0,0.0,0.0,0,LOW
XYZ20T102510,2026-07-18,10556.1,88.7,95.02,0.126,71.88,33.43,0,0,0,0.0065,0.7,0,LOW
XYZ20T102517,2026-07-18,11037.5,79.97,83.37,0.039,56.74,27.29,0,0,0,0.0,0.0,0,LOW
XYZ20T102524,2026-07-18,1145.0,80.23,83.31,0.068,61.82,36.31,0,0,0,0.0,0.0,0,LOW
XYZ20T102527,2026-07-18,20248.6,90.74,97.18,0.516,69.93,30.27,0,0,0,0.236,23.6,0,LOW
XYZ20T102528,2026-07-18,14318.9,84.86,91.71,0.488,64.5,36.45,0,0,0,0.0,0.0,0,LOW
XYZ20T102545,2026-07-18,24196.4,78.17,83.53,0.07,66.87,33.87,0,0,0,0.0033,0.3,0,LOW
XYZ20T102555,2026-07-18,11186.6,81.51,87.54,-0.368,69.96,32.95,0,0,0,0.0,0.0,0,LOW
XYZ20T102557,2026-07-18,22249.1,80.18,85.55,0.096,51.44,36.78,1,0,0,0.0,0.0,0,LOW
XYZ20T102561,2026-07-18,4561.1,86.73,91.65,0.105,55.51,36.77,0,0,0,0.0,0.0,0,LOW
XYZ20T102562,2026-07-18,315.0,77.61,82.78,-0.296,49.02,41.27,0,0,0,0.0,0.0,0,LOW
XYZ20T102568,2026-07-18,17558.4,85.85,93.74,1.411,40.27,36.84,0,0,0,0.1482,14.8,0,LOW
XYZ20T102572,2026-07-18,8545.6,79.92,86.65,0.307,64.82,43.42,0,0,0,0.0,0.0,0,LOW
XYZ20T102578,2026-07-18,3667.1,82.84,88.49,0.067,50.01,34.76,0,0,0,0.0,0.0,0,LOW
XYZ20T102582,2026-07-18,11898.6,76.04,81.98,-0.514,44.62,27.03,0,0,0,0.0,0.0,0,LOW
XYZ20T102587,2026-07-18,1442.2,86.68,90.0,0.002,46.4,39.58,0,0,0,0.0,0.0,0,LOW
XYZ20T102591,2026-07-18,17895.5,85.05,90.44,-0.102,60.46,35.11,0,0,0,0.0,0.0,0,LOW
XYZ20T102597,2026-07-18,6677.4,82.25,85.36,-0.881,73.94,33.22,0,0,0,0.0,0.0,0,LOW
XYZ20T102600,2026-07-18,1013.2,81.41,85.05,0.322,86.23,38.54,0,0,0,0.0,0.0,0,LOW
XYZ20T102605,2026-07-18,23179.5,75.76,81.57,-1.633,29.05,32.82,0,0,0,0.0033,0.3,0,LOW
XYZ20T102622,2026-07-18,1120.1,81.81,86.22,0.042,65.62,32.6,0,0,0,0.0,0.0,0,LOW
XYZ20T102626,2026-07-18,15316.0,89.05,95.6,0.128,58.95,41.12,0,0,0,0.0033,0.3,0,LOW
XYZ20T102629,2026-07-18,11311.4,78.94,85.87,-0.253,59.38,31.17,0,0,0,0.0,0.0,0,LOW
XYZ20T102634,2026-07-18,17758.5,85.65,91.76,-0.131,59.76,33.67,0,0,0,0.0,0.0,0,LOW
XYZ20T102639,2026-07-18,17144.5,78.74,82.22,-0.275,68.1,30.31,1,0,0,0.0033,0.3,0,LOW
XYZ20T102640,2026-07-18,5840.8,84.53,89.3,0.06,62.84,29.33,0,0,0,0.0,0.0,0,LOW
XYZ20T102642,2026-07-18,17056.3,81.15,84.3,0.155,60.37,35.82,0,0,0,0.0,0.0,0,LOW
XYZ20T102643,2026-07-18,13580.1,91.15,97.65,0.847,74.0,35.02,0,1,0,0.3103,31.0,1,MODERATE
XYZ20T102649,2026-07-18,16149.1,82.65,86.43,-0.177,35.64,33.08,0,0,0,0.0,0.0,0,LOW
XYZ20T102652,2026-07-18,10893.5,93.95,104.84,2.332,70.23,35.43,0,1,0,0.9228,92.3,1,CRITICAL
XYZ20T102669,2026-07-18,9772.8,82.11,88.08,-0.307,46.76,40.12,0,0,0,0.0,0.0,0,LOW
XYZ20T102674,2026-07-18,5696.0,81.24,84.42,-1.712,56.79,32.52,0,0,0,0.0,0.0,0,LOW
XYZ20T102675,2026-07-18,3989.1,86.72,93.58,0.285,78.53,33.01,0,0,0,0.0,0.0,0,LOW
XYZ20T102688,2026-07-18,23317.8,80.92,85.99,-0.193,66.9,26.02,0,0,0,0.0,0.0,0,LOW
XYZ20T102691,2026-07-18,3441.8,77.4,82.46,-0.014,62.5,36.42,0,0,0,0.0,0.0,0,LOW
XYZ20T102694,2026-07-18,10216.2,86.63,90.7,1.11,68.19,37.48,0,0,0,0.0329,3.3,0,LOW
XYZ20T102695,2026-07-18,2827.2,77.88,81.29,-0.564,41.16,33.41,0,0,0,0.0,0.0,0,LOW
XYZ20T102696,2026-07-18,10340.8,79.47,84.96,-0.099,52.79,35.67,0,0,0,0.0,0.0,0,LOW
XYZ20T102701,2026-07-18,9225.9,89.96,97.17,0.185,71.21,41.89,0,0,0,0.0164,1.6,0,LOW
XYZ20T102703,2026-07-18,18587.8,91.21,100.91,1.125,43.68,39.72,0,0,1,0.5942,59.4,1,HIGH
XYZ20T102704,2026-07-18,9221.5,84.43,90.37,0.342,71.45,43.2,0,0,0,0.0,0.0,0,LOW
XYZ20T102706,2026-07-18,13210.6,81.58,87.6,0.087,60.44,35.13,0,0,0,0.0,0.0,0,LOW
XYZ20T102709,2026-07-18,594.9,81.24,88.08,-0.557,45.95,33.62,0,0,0,0.0,0.0,0,LOW
XYZ20T102713,2026-07-18,21948.4,83.01,89.98,0.664,65.3,32.54,0,0,0,0.0,0.0,0,LOW
XYZ20T102714,2026-07-18,4444.7,89.27,97.68,0.294,75.0,40.52,0,0,0,0.0327,3.3,0,LOW
XYZ20T102716,2026-07-18,17582.8,85.45,92.35,0.432,74.57,31.25,0,0,0,0.0,0.0,0,LOW
XYZ20T102719,2026-07-18,13362.2,89.42,92.67,0.273,76.88,37.54,0,0,0,0.0,0.0,0,LOW
XYZ20T102730,2026-07-18,10373.8,81.36,88.06,-0.161,39.96,32.13,0,0,0,0.0,0.0,0,LOW
XYZ20T102734,2026-07-18,962.2,84.9,88.82,-0.14,63.72,36.84,0,0,0,0.0,0.0,0,LOW
XYZ20T102735,2026-07-18,10458.6,87.28,90.84,-1.815,87.41,28.28,0,0,0,0.0,0.0,0,LOW
XYZ20T102745,2026-07-18,20141.3,81.6,88.09,0.232,80.68,26.76,0,0,0,0.0,0.0,0,LOW
XYZ20T102761,2026-07-18,18399.0,76.22,81.62,-0.51,64.87,22.64,0,0,0,0.0,0.0,0,LOW
XYZ20T102763,2026-07-18,16074.9,87.72,92.81,0.05,54.71,32.32,0,0,0,0.0,0.0,0,LOW
XYZ20T102764,2026-07-18,16999.6,84.59,89.35,-0.111,52.11,36.84,0,0,0,0.0,0.0,0,LOW
XYZ20T102770,2026-07-18,11827.4,85.11,88.69,-0.738,51.42,30.19,0,0,0,0.0,0.0,0,LOW
XYZ20T102772,2026-07-18,1692.9,80.27,84.35,0.021,59.76,39.12,0,0,0,0.0,0.0,0,LOW
XYZ20T102784,2026-07-18,11360.7,80.19,84.33,0.218,59.79,39.75,0,0,0,0.0,0.0,0,LOW
XYZ20T102790,2026-07-18,23135.2,85.27,90.53,0.196,70.72,35.82,0,0,0,0.0,0.0,0,LOW
XYZ20T102791,2026-07-18,6735.8,78.97,82.26,-0.267,44.14,36.96,0,0,0,0.0,0.0,0,LOW
XYZ20T102798,2026-07-18,9775.7,89.39,96.01,-1.675,63.18,37.1,0,0,0,0.0033,0.3,0,LOW
XYZ20T102805,2026-07-18,8437.5,82.78,87.83,0.043,77.91,24.25,0,0,0,0.0,0.0,0,LOW
XYZ20T102806,2026-07-18,16304.6,84.17,88.8,-0.037,74.5,30.86,0,0,0,0.0,0.0,0,LOW
XYZ20T102814,2026-07-18,3628.4,81.99,86.36,0.098,53.96,36.98,0,0,0,0.0,0.0,0,LOW
XYZ20T102815,2026-07-18,16656.5,88.29,94.84,-1.129,47.52,39.24,0,0,0,0.0,0.0,0,LOW
XYZ20T102820,2026-07-18,2815.7,88.55,95.28,0.536,47.82,35.53,0,0,0,0.0099,1.0,0,LOW
XYZ20T102825,2026-07-18,13940.5,89.56,95.76,1.441,70.6,35.23,0,0,0,0.5022,50.2,1,HIGH
XYZ20T102833,2026-07-18,14447.8,87.25,94.44,1.41,57.23,31.67,0,0,0,0.2137,21.4,0,LOW
XYZ20T102834,2026-07-18,495.1,89.36,97.04,0.605,68.8,37.1,0,0,0,0.1637,16.4,0,LOW
XYZ20T102841,2026-07-18,2120.2,87.95,94.28,0.748,54.47,32.06,0,0,0,0.0262,2.6,0,LOW
XYZ20T102845,2026-07-18,14223.2,85.5,90.15,0.06,54.45,32.15,0,0,0,0.0,0.0,0,LOW
XYZ20T102855,2026-07-18,1688.2,84.22,91.18,-0.531,67.34,36.4,0,0,0,0.0,0.0,0,LOW
XYZ20T102856,2026-07-18,2594.9,82.8,88.82,-0.404,63.55,42.42,0,0,0,0.0,0.0,0,LOW
XYZ20T102885,2026-07-18,8126.6,84.64,88.0,0.387,64.63,37.4,0,0,0,0.0,0.0,0,LOW
XYZ20T102891,2026-07-18,7789.8,81.2,85.79,0.068,50.42,34.79,0,0,0,0.0,0.0,0,LOW
XYZ20T102896,2026-07-18,929.8,92.64,100.86,2.014,67.04,26.9,1,0,0,0.4979,49.8,1,MODERATE
XYZ20T102903,2026-07-18,1496.0,81.48,85.94,0.089,50.75,29.06,0,0,0,0.0,0.0,0,LOW
XYZ20T102904,2026-07-18,4128.0,78.16,84.42,0.001,65.22,28.11,0,0,0,0.0,0.0,0,LOW
XYZ20T102907,2026-07-18,4113.4,87.6,91.84,-0.235,85.11,41.29,0,0,0,0.0,0.0,0,LOW
XYZ20T102910,2026-07-18,5639.0,84.68,89.96,0.144,76.84,24.41,0,0,0,0.0,0.0,0,LOW
XYZ20T102912,2026-07-18,3833.7,90.95,94.75,0.098,64.99,31.81,0,0,0,0.0,0.0,0,LOW
XYZ20T102919,2026-07-18,10836.1,82.78,88.32,0.201,61.11,37.11,0,0,0,0.0,0.0,0,LOW
XYZ20T102924,2026-07-18,13204.6,87.04,93.47,-0.169,41.22,30.77,0,0,0,0.0,0.0,0,LOW
XYZ20T102929,2026-07-18,7858.3,76.44,81.17,0.157,43.09,24.85,0,0,0,0.0,0.0,0,LOW
XYZ20T102933,2026-07-18,7963.7,90.14,100.37,0.613,68.01,25.89,0,1,0,0.1217,12.2,0,LOW
XYZ20T102934,2026-07-18,5276.6,80.09,83.65,-0.165,66.32,20.1,0,0,0,0.0,0.0,0,LOW
XYZ20T102941,2026-07-18,2453.2,81.86,85.33,0.138,58.97,28.06,0,0,0,0.0,0.0,0,LOW
XYZ20T102944,2026-07-18,5910.9,79.42,85.64,-0.346,29.4,31.6,0,0,0,0.0,0.0,0,LOW
XYZ20T102950,2026-07-18,12080.5,83.46,87.98,0.17,65.59,35.77,0,0,0,0.0,0.0,0,LOW
XYZ20T102956,2026-07-18,12916.7,83.27,86.88,0.048,80.56,24.51,0,0,0,0.0,0.0,0,LOW
XYZ20T102960,2026-07-18,3997.8,86.94,93.8,0.441,53.36,41.75,0,0,0,0.0,0.0,0,LOW
XYZ20T102963,2026-07-18,15702.7,82.03,85.03,0.484,59.12,35.68,0,0,0,0.0,0.0,0,LOW
XYZ20T102974,2026-07-18,16335.4,86.04,89.43,-0.253,52.89,28.76,0,0,0,0.0,0.0,0,LOW
XYZ20T102998,2026-07-18,1866.9,80.86,87.29,-0.578,69.43,35.1,0,0,0,0.0,0.0,0,LOW
XYZ20T102999,2026-07-18,6576.8,85.66,89.46,0.229,64.92,42.3,0,0,0,0.0,0.0,0,LOW
XYZ20T103000,2026-07-18,1234.2,84.21,90.78,-0.084,44.58,41.89,0,0,0,0.0,0.0,0,LOW
XYZ20T103005,2026-07-18,1853.6,85.81,90.54,0.003,59.55,38.82,0,0,0,0.0,0.0,0,LOW
XYZ20T103006,2026-07-18,2505.3,80.33,83.94,-0.11,50.6,29.69,0,0,0,0.0,0.0,0,LOW
XYZ20T103009,2026-07-18,1509.4,89.98,95.35,0.273,71.61,38.88,0,0,0,0.0,0.0,0,LOW
XYZ20T103011,2026-07-18,3747.4,82.57,88.21,-0.144,31.3,29.59,0,0,0,0.0,0.0,0,LOW
XYZ20T103017,2026-07-18,8096.0,86.23,92.82,-0.122,38.09,44.55,0,0,0,0.0033,0.3,0,LOW
XYZ20T103019,2026-07-18,19323.4,83.27,88.5,0.559,76.12,34.86,0,0,0,0.0,0.0,0,LOW
XYZ20T103021,2026-07-18,11353.9,83.6,90.52,0.371,46.67,30.21,0,0,0,0.0,0.0,0,LOW
XYZ20T103031,2026-07-18,6410.5,83.97,89.29,-1.466,61.63,29.97,0,0,0,0.0,0.0,0,LOW
XYZ20T103039,2026-07-18,19105.2,86.57,90.58,-0.591,56.83,46.39,0,0,0,0.0,0.0,0,LOW
XYZ20T103046,2026-07-18,7128.7,78.16,83.12,-0.476,54.27,35.72,0,0,0,0.0,0.0,0,LOW
XYZ20T103050,2026-07-18,1426.5,85.25,89.4,0.385,76.05,31.2,0,0,0,0.0,0.0,0,LOW
XYZ20T103052,2026-07-18,14747.0,77.58,83.22,0.408,41.86,31.04,0,0,0,0.0,0.0,0,LOW
XYZ20T103056,2026-07-18,3789.7,81.81,88.04,-0.311,51.51,29.86,0,0,0,0.0,0.0,0,LOW
XYZ20T103059,2026-07-18,15297.3,87.68,90.69,-0.217,64.45,36.09,0,0,0,0.0,0.0,0,LOW
XYZ20T103061,2026-07-18,7198.0,80.75,86.48,-2.012,76.3,36.02,0,0,0,0.0,0.0,0,LOW
XYZ20T103065,2026-07-18,11410.1,86.91,93.65,-0.32,64.69,36.54,0,0,0,0.0,0.0,0,LOW
XYZ20T103073,2026-07-18,6875.9,76.18,81.32,-0.349,48.11,31.94,0,0,0,0.0,0.0,0,LOW
XYZ20T103077,2026-07-18,13343.4,83.22,89.31,-0.293,37.82,38.2,0,0,0,0.0,0.0,0,LOW
XYZ20T103080,2026-07-18,4556.0,76.55,81.93,0.252,50.54,33.02,0,0,0,0.0,0.0,0,LOW
XYZ20T103081,2026-07-18,14292.5,81.05,86.17,-0.25,55.31,29.91,0,0,0,0.0,0.0,0,LOW
XYZ20T103084,2026-07-18,24939.3,84.81,88.89,-0.123,80.45,35.42,0,0,0,0.0,0.0,0,LOW
XYZ20T103090,2026-07-18,4902.1,85.76,90.19,-0.232,72.36,37.19,0,0,0,0.0,0.0,0,LOW
XYZ20T103091,2026-07-18,11010.3,79.08,84.76,-0.166,42.89,30.33,0,0,0,0.0,0.0,0,LOW
XYZ20T103092,2026-07-18,13216.4,78.54,83.14,-0.153,66.26,20.9,0,0,0,0.0,0.0,0,LOW
XYZ20T103101,2026-07-18,22631.7,83.46,90.63,0.294,43.76,41.76,0,0,0,0.0,0.0,0,LOW
XYZ20T103103,2026-07-18,953.7,83.76,87.69,-2.114,74.55,30.44,0,0,0,0.0,0.0,0,LOW
XYZ20T103112,2026-07-18,12546.9,79.21,85.66,-0.501,46.09,33.25,0,0,0,0.0,0.0,0,LOW
XYZ20T103115,2026-07-18,5126.1,81.58,87.06,0.519,49.55,25.4,0,0,0,0.0,0.0,0,LOW
XYZ20T103116,2026-07-18,17250.0,89.92,96.3,0.863,77.5,39.55,1,0,1,0.4635,46.4,1,MODERATE
XYZ20T103122,2026-07-18,3029.9,94.47,101.77,1.789,59.56,36.24,1,0,1,0.289,28.9,0,LOW
XYZ20T103123,2026-07-18,5967.4,81.42,85.32,-1.39,55.0,38.33,0,0,0,0.0,0.0,0,LOW
XYZ20T103140,2026-07-18,12608.1,78.38,84.98,-0.366,57.5,20.0,0,0,0,0.0,0.0,0,LOW
XYZ20T103159,2026-07-18,3291.1,81.26,85.62,-0.119,53.02,28.24,0,0,0,0.0,0.0,0,LOW
XYZ20T103161,2026-07-18,5040.3,87.42,94.08,-0.02,57.17,34.91,0,0,0,0.0,0.0,0,LOW
XYZ20T103165,2026-07-18,13050.5,83.23,86.74,-2.186,59.78,31.04,0,0,0,0.0,0.0,0,LOW
XYZ20T103166,2026-07-18,4685.2,84.65,90.62,0.241,50.01,33.5,0,0,0,0.0,0.0,0,LOW
XYZ20T103168,2026-07-18,13187.9,83.77,89.52,0.417,56.28,37.22,0,0,0,0.0,0.0,0,LOW
XYZ20T103169,2026-07-18,4642.4,82.46,88.21,0.197,75.68,32.99,0,0,0,0.0,0.0,0,LOW
XYZ20T103189,2026-07-18,13741.6,85.2,88.33,-0.153,54.58,39.14,0,0,0,0.0,0.0,0,LOW
XYZ20T103192,2026-07-18,14145.7,86.54,90.12,-0.065,64.77,31.22,0,0,0,0.0,0.0,0,LOW
XYZ20T103197,2026-07-18,12408.9,82.75,88.78,0.13,77.91,34.68,0,0,0,0.0,0.0,0,LOW
XYZ20T100001,2026-07-19,15302.9,86.94,93.93,0.152,80.23,35.21,0,0,0,0.0,0.0,0,LOW
XYZ20T100015,2026-07-19,8993.3,81.56,85.3,0.166,57.33,27.53,0,0,0,0.0,0.0,0,LOW
XYZ20T100025,2026-07-19,2783.7,76.85,81.03,-1.052,33.02,37.62,0,0,0,0.0,0.0,0,LOW
XYZ20T100032,2026-07-19,11026.5,81.69,87.41,0.141,44.21,39.19,0,0,0,0.0,0.0,0,LOW
XYZ20T100034,2026-07-19,7024.0,85.05,89.48,0.12,45.95,36.6,0,0,0,0.0,0.0,0,LOW
XYZ20T100046,2026-07-19,4793.8,87.58,91.84,0.377,69.23,30.51,0,0,0,0.0,0.0,0,LOW
XYZ20T100047,2026-07-19,2841.2,83.71,87.62,-0.263,33.07,25.8,0,0,0,0.0,0.0,0,LOW
XYZ20T100053,2026-07-19,12979.1,80.54,84.92,-0.631,65.93,33.2,0,0,0,0.0,0.0,0,LOW
XYZ20T100054,2026-07-19,13668.0,79.55,84.05,-0.428,61.9,39.08,0,0,0,0.0,0.0,0,LOW
XYZ20T100056,2026-07-19,15387.1,91.76,98.44,0.793,69.78,35.94,0,0,0,0.3437,34.4,1,MODERATE
XYZ20T100066,2026-07-19,10034.8,80.64,84.21,0.449,68.62,39.74,0,0,0,0.0,0.0,0,LOW
XYZ20T100070,2026-07-19,12424.2,79.41,82.48,-0.577,65.73,27.56,0,0,0,0.0,0.0,0,LOW
XYZ20T100076,2026-07-19,4587.6,80.88,85.77,0.23,58.51,39.78,0,0,0,0.0,0.0,0,LOW
XYZ20T100083,2026-07-19,8286.3,83.44,87.49,0.243,60.13,41.16,0,0,0,0.0,0.0,0,LOW
XYZ20T100091,2026-07-19,12907.6,80.79,86.49,0.283,77.87,30.51,0,0,0,0.0,0.0,0,LOW
XYZ20T100096,2026-07-19,2003.3,78.66,84.59,-0.068,50.82,27.83,0,0,0,0.0,0.0,0,LOW
XYZ20T100105,2026-07-19,8019.2,82.98,88.28,0.094,66.71,35.94,0,0,0,0.0,0.0,0,LOW
XYZ20T100110,2026-07-19,7708.6,83.37,89.19,0.656,54.17,38.98,0,0,0,0.0,0.0,0,LOW
XYZ20T100112,2026-07-19,14446.7,84.28,91.03,0.071,63.75,41.94,0,0,0,0.0,0.0,0,LOW
XYZ20T100128,2026-07-19,13611.8,80.41,83.62,0.027,45.09,31.61,0,0,0,0.0,0.0,0,LOW
XYZ20T100138,2026-07-19,9675.8,86.5,92.43,0.352,74.56,40.56,0,0,0,0.0,0.0,0,LOW
XYZ20T100143,2026-07-19,3717.5,84.46,91.25,-0.014,53.19,25.83,0,0,0,0.0,0.0,0,LOW
XYZ20T100145,2026-07-19,9299.4,79.46,83.06,-0.029,60.43,38.9,0,0,0,0.0,0.0,0,LOW
XYZ20T100148,2026-07-19,3706.2,85.76,91.57,-0.243,73.06,36.42,0,0,0,0.0,0.0,0,LOW
XYZ20T100153,2026-07-19,14572.8,75.75,81.22,-0.365,54.6,34.22,0,0,0,0.0,0.0,0,LOW
XYZ20T100156,2026-07-19,4750.9,85.44,88.48,-0.001,54.18,40.54,0,0,0,0.0,0.0,0,LOW
XYZ20T100166,2026-07-19,2876.0,77.55,80.7,-0.297,60.52,29.95,1,0,0,0.0033,0.3,0,LOW
XYZ20T100174,2026-07-19,23532.8,83.36,87.0,0.236,54.5,41.16,0,0,0,0.0,0.0,0,LOW
XYZ20T100177,2026-07-19,1173.9,84.58,90.48,-0.031,64.15,37.87,0,0,0,0.0,0.0,0,LOW
XYZ20T100178,2026-07-19,20690.0,85.56,89.7,-0.264,61.45,34.27,0,0,0,0.0,0.0,0,LOW
XYZ20T100179,2026-07-19,1356.9,83.96,87.73,-0.221,50.64,32.24,0,0,0,0.0,0.0,0,LOW
XYZ20T100181,2026-07-19,19311.0,87.37,93.31,0.032,80.15,39.29,0,0,0,0.0,0.0,0,LOW
XYZ20T100182,2026-07-19,18616.3,83.84,87.26,-0.013,71.25,27.3,0,0,0,0.0,0.0,0,LOW
XYZ20T100187,2026-07-19,14962.6,81.73,88.69,0.121,64.51,29.42,0,0,0,0.0,0.0,0,LOW
XYZ20T100188,2026-07-19,16419.9,85.25,89.98,-0.389,73.89,31.3,0,0,0,0.0,0.0,0,LOW
XYZ20T100192,2026-07-19,21465.5,84.42,87.63,-0.283,70.94,23.81,0,0,0,0.0,0.0,0,LOW
XYZ20T100196,2026-07-19,3817.8,82.65,88.25,0.69,75.17,38.08,0,0,0,0.0,0.0,0,LOW
XYZ20T100198,2026-07-19,1861.0,80.62,86.21,-0.189,55.79,34.13,0,0,0,0.0,0.0,0,LOW
XYZ20T100200,2026-07-19,4125.1,85.86,91.3,0.282,46.97,34.29,0,0,0,0.0,0.0,0,LOW
XYZ20T100207,2026-07-19,6893.4,79.96,83.02,0.325,61.06,41.71,0,0,0,0.0,0.0,0,LOW
XYZ20T100215,2026-07-19,7287.8,82.51,85.88,0.048,57.32,34.71,0,0,0,0.0,0.0,0,LOW
XYZ20T100243,2026-07-19,8583.5,80.5,85.45,0.093,73.5,28.21,0,0,0,0.0,0.0,0,LOW
XYZ20T100244,2026-07-19,3370.7,81.52,88.37,0.174,55.78,32.88,0,0,0,0.0,0.0,0,LOW
XYZ20T100250,2026-07-19,7125.2,80.25,83.55,-0.096,60.62,41.06,0,0,0,0.0,0.0,0,LOW
XYZ20T100255,2026-07-19,4739.5,82.64,87.47,-0.044,72.1,36.01,0,0,0,0.0,0.0,0,LOW
XYZ20T100258,2026-07-19,9468.9,83.54,90.22,-0.346,64.67,34.91,0,0,0,0.0,0.0,0,LOW
XYZ20T100260,2026-07-19,15800.4,86.46,90.82,-0.004,57.29,40.34,0,0,0,0.0,0.0,0,LOW
XYZ20T100261,2026-07-19,16363.3,86.65,92.23,0.229,72.16,36.78,0,0,0,0.0,0.0,0,LOW
XYZ20T100270,2026-07-19,6072.8,80.74,87.73,-0.026,65.4,34.59,0,0,0,0.0,0.0,0,LOW
XYZ20T100274,2026-07-19,7487.4,78.24,84.22,-0.23,53.48,27.32,0,0,0,0.0,0.0,0,LOW
XYZ20T100293,2026-07-19,4516.3,77.7,82.29,-0.251,44.04,34.21,0,0,0,0.0,0.0,0,LOW
XYZ20T100295,2026-07-19,797.9,83.15,89.83,0.131,72.67,40.45,0,0,0,0.0,0.0,0,LOW
XYZ20T100299,2026-07-19,19887.1,86.16,92.93,-1.566,56.13,41.13,0,0,0,0.0,0.0,0,LOW
XYZ20T100301,2026-07-19,18746.7,77.77,83.84,-0.348,58.17,26.27,0,0,0,0.0,0.0,0,LOW
XYZ20T100303,2026-07-19,24929.6,78.45,81.49,-0.108,60.6,25.07,0,0,0,0.0,0.0,0,LOW
XYZ20T100304,2026-07-19,11037.2,85.49,91.69,-0.036,71.18,40.19,0,0,0,0.0,0.0,0,LOW
XYZ20T100306,2026-07-19,12498.8,87.67,93.31,0.105,86.16,35.37,0,0,0,0.0033,0.3,0,LOW
XYZ20T100320,2026-07-19,804.4,82.76,89.54,0.682,54.38,36.2,0,0,0,0.0,0.0,0,LOW
XYZ20T100324,2026-07-19,12994.5,84.08,87.95,-0.481,66.66,36.4,0,0,0,0.0,0.0,0,LOW
XYZ20T100327,2026-07-19,1691.2,76.39,81.38,-0.351,46.55,29.75,0,0,0,0.0,0.0,0,LOW
XYZ20T100328,2026-07-19,17276.6,83.3,87.11,-0.048,46.98,34.79,0,0,0,0.0,0.0,0,LOW
XYZ20T100329,2026-07-19,3372.4,83.19,86.76,-0.006,57.51,31.3,0,0,0,0.0,0.0,0,LOW
XYZ20T100331,2026-07-19,24880.0,86.83,92.13,0.025,67.57,33.9,0,0,0,0.0,0.0,0,LOW
XYZ20T100332,2026-07-19,24904.2,82.7,88.27,0.054,55.87,32.46,0,0,0,0.0,0.0,0,LOW
XYZ20T100338,2026-07-19,6528.5,77.67,83.32,-0.196,46.24,30.99,0,0,0,0.0,0.0,0,LOW
XYZ20T100339,2026-07-19,2953.9,86.81,93.75,0.194,62.72,34.43,0,0,0,0.0,0.0,0,LOW
XYZ20T100350,2026-07-19,10895.1,84.33,89.31,-0.568,78.09,36.13,0,0,0,0.0,0.0,0,LOW
XYZ20T100361,2026-07-19,17446.8,79.57,85.7,-0.209,51.84,27.49,0,0,0,0.0,0.0,0,LOW
XYZ20T100371,2026-07-19,10140.3,92.11,100.74,1.003,66.24,31.1,1,1,0,0.9622,96.2,1,CRITICAL
XYZ20T100373,2026-07-19,13717.1,81.28,87.71,0.328,38.96,34.15,0,0,0,0.0,0.0,0,LOW
XYZ20T100377,2026-07-19,12311.4,86.44,90.7,-0.121,69.1,37.51,0,0,0,0.0,0.0,0,LOW
XYZ20T100379,2026-07-19,8489.8,81.21,87.73,-0.555,71.82,26.95,0,0,0,0.0,0.0,0,LOW
XYZ20T100380,2026-07-19,7534.5,74.67,78.39,-0.299,44.31,33.0,0,0,0,0.0,0.0,0,LOW
XYZ20T100382,2026-07-19,12265.2,89.05,99.34,1.127,70.52,31.39,0,0,1,0.6929,69.3,1,HIGH
XYZ20T100392,2026-07-19,15081.8,88.34,97.7,0.401,65.02,27.45,1,1,0,0.0764,7.6,0,LOW
XYZ20T100399,2026-07-19,4680.3,78.85,85.03,-0.353,73.87,27.54,0,0,0,0.0,0.0,0,LOW
XYZ20T100401,2026-07-19,10728.6,97.97,106.53,1.117,77.82,30.24,0,1,0,0.6831,68.3,1,HIGH
XYZ20T100412,2026-07-19,2006.7,85.49,91.66,0.937,40.29,27.14,0,0,0,0.0658,6.6,0,LOW
XYZ20T100416,2026-07-19,2915.5,77.49,81.71,0.252,45.47,34.05,0,0,0,0.0,0.0,0,LOW
XYZ20T100418,2026-07-19,7479.3,96.38,106.59,1.81,87.66,36.91,0,0,0,0.4393,43.9,1,MODERATE
XYZ20T100419,2026-07-19,7498.6,99.88,106.73,1.945,75.45,35.05,1,0,0,0.849,84.9,1,CRITICAL
XYZ20T100424,2026-07-19,16340.2,79.33,86.27,-0.378,67.6,29.42,0,0,0,0.0,0.0,0,LOW
XYZ20T100427,2026-07-19,1700.9,88.28,92.34,0.146,53.06,36.97,0,0,0,0.0,0.0,0,LOW
XYZ20T100430,2026-07-19,13572.0,81.83,85.81,0.167,58.53,31.23,0,0,0,0.0,0.0,0,LOW
XYZ20T100432,2026-07-19,696.4,87.06,94.04,0.227,53.56,31.07,0,0,0,0.0,0.0,0,LOW
XYZ20T100436,2026-07-19,3822.4,88.59,96.42,1.168,67.99,30.92,0,0,0,0.3336,33.4,1,MODERATE
XYZ20T100440,2026-07-19,15402.5,78.55,83.06,-0.706,50.38,35.0,0,0,0,0.0,0.0,0,LOW
XYZ20T100447,2026-07-19,7013.5,89.31,93.68,0.078,86.49,32.37,0,0,0,0.0,0.0,0,LOW
XYZ20T100449,2026-07-19,12490.2,81.29,85.95,0.203,49.21,34.19,0,0,0,0.0,0.0,0,LOW
XYZ20T100450,2026-07-19,6559.4,83.18,87.49,-0.515,51.38,36.0,0,0,0,0.0,0.0,0,LOW
XYZ20T100452,2026-07-19,9998.9,92.96,99.58,1.226,61.29,23.11,0,0,0,0.2772,27.7,0,LOW
XYZ20T100457,2026-07-19,4947.8,80.2,86.9,0.41,67.19,37.9,0,0,0,0.0,0.0,0,LOW
XYZ20T100458,2026-07-19,4108.7,77.29,82.25,-0.117,58.11,20.0,0,0,0,0.0,0.0,0,LOW
XYZ20T100462,2026-07-19,4250.8,87.13,90.19,-0.195,57.31,28.47,0,0,0,0.0,0.0,0,LOW
XYZ20T100468,2026-07-19,7031.7,83.94,88.9,-0.294,53.91,20.03,0,0,0,0.0,0.0,0,LOW
XYZ20T100469,2026-07-19,8278.1,82.01,87.68,0.567,64.89,25.17,0,0,0,0.0033,0.3,0,LOW
XYZ20T100475,2026-07-19,14598.5,88.92,95.26,-0.04,41.82,42.91,0,0,0,0.0,0.0,0,LOW
XYZ20T100477,2026-07-19,5573.8,80.92,86.0,-0.094,61.47,40.81,0,0,0,0.0,0.0,0,LOW
XYZ20T100483,2026-07-19,22497.8,85.87,89.33,0.357,49.8,39.08,0,0,0,0.0,0.0,0,LOW
XYZ20T100491,2026-07-19,8865.7,78.56,83.12,0.097,51.58,34.24,0,0,0,0.0,0.0,0,LOW
XYZ20T100498,2026-07-19,24925.7,85.48,90.3,0.306,38.92,38.56,0,0,0,0.0066,0.7,0,LOW
XYZ20T100499,2026-07-19,15763.3,79.77,83.96,-0.136,45.32,40.02,0,0,0,0.0,0.0,0,LOW
XYZ20T100500,2026-07-19,1447.2,87.48,92.93,-2.299,41.22,39.97,0,0,0,0.0,0.0,0,LOW
XYZ20T100503,2026-07-19,11176.1,78.35,81.65,-2.019,71.19,31.35,0,0,0,0.0,0.0,0,LOW
XYZ20T100507,2026-07-19,5522.9,79.53,85.16,0.044,70.06,37.74,0,0,0,0.0,0.0,0,LOW
XYZ20T100517,2026-07-19,7916.9,82.99,88.14,-0.165,73.92,35.4,0,0,0,0.0,0.0,0,LOW
XYZ20T100528,2026-07-19,15088.0,80.36,83.68,-0.07,69.7,39.98,0,0,0,0.0,0.0,0,LOW
XYZ20T100529,2026-07-19,16287.6,81.99,87.31,-0.081,63.84,29.53,0,0,0,0.0,0.0,0,LOW
XYZ20T100533,2026-07-19,1896.9,86.13,91.54,0.089,68.13,33.36,0,0,0,0.0,0.0,0,LOW
XYZ20T100537,2026-07-19,23188.5,84.61,89.66,1.348,54.95,40.76,0,0,0,0.033,3.3,0,LOW
XYZ20T100541,2026-07-19,13029.4,79.24,85.09,0.321,65.32,32.99,0,0,0,0.0,0.0,0,LOW
XYZ20T100551,2026-07-19,12987.1,79.21,85.42,0.415,66.09,28.5,0,0,0,0.0,0.0,0,LOW
XYZ20T100552,2026-07-19,3415.4,78.68,82.67,-0.187,49.44,29.45,0,0,0,0.0,0.0,0,LOW
XYZ20T100556,2026-07-19,11066.1,82.81,88.36,0.05,70.36,38.7,0,0,0,0.0,0.0,0,LOW
XYZ20T100557,2026-07-19,8837.8,86.15,90.74,-2.334,61.58,35.07,0,0,0,0.0,0.0,0,LOW
XYZ20T100560,2026-07-19,784.6,79.51,82.83,-0.142,75.59,35.34,0,0,0,0.0,0.0,0,LOW
XYZ20T100569,2026-07-19,9652.4,79.37,84.84,0.005,67.03,38.8,0,0,0,0.0,0.0,0,LOW
XYZ20T100573,2026-07-19,2626.3,85.9,90.31,-0.166,67.46,36.74,0,0,0,0.0,0.0,0,LOW
XYZ20T100580,2026-07-19,6958.8,85.78,92.03,0.133,64.06,30.65,0,0,0,0.0033,0.3,0,LOW
XYZ20T100581,2026-07-19,11292.0,82.97,89.3,-0.104,53.97,36.73,0,0,0,0.0,0.0,0,LOW
XYZ20T100583,2026-07-19,14352.0,86.37,92.57,-0.074,50.95,35.17,0,0,0,0.0,0.0,0,LOW
XYZ20T100586,2026-07-19,11197.8,83.31,86.48,-0.346,51.44,28.03,0,0,0,0.0,0.0,0,LOW
XYZ20T100591,2026-07-19,14003.8,89.12,92.61,0.029,54.46,37.15,0,0,0,0.0,0.0,0,LOW
XYZ20T100592,2026-07-19,24097.7,87.23,91.29,0.106,62.01,37.1,0,0,0,0.0,0.0,0,LOW
XYZ20T100594,2026-07-19,12382.5,82.33,87.33,-0.382,55.87,30.12,0,0,0,0.0,0.0,0,LOW
XYZ20T100595,2026-07-19,7939.7,84.81,88.71,0.218,54.59,35.56,0,0,0,0.0,0.0,0,LOW
XYZ20T100597,2026-07-19,2473.9,83.34,92.32,0.558,69.81,36.64,0,0,0,0.0398,4.0,0,LOW
XYZ20T100600,2026-07-19,19852.7,80.48,86.53,-0.234,53.48,34.6,0,0,0,0.0,0.0,0,LOW
XYZ20T100604,2026-07-19,4222.0,80.17,86.2,0.164,49.58,38.4,0,0,0,0.0,0.0,0,LOW
XYZ20T100610,2026-07-19,18803.8,82.81,86.58,-0.049,72.37,34.63,0,0,0,0.0,0.0,0,LOW
XYZ20T100621,2026-07-19,8381.2,87.39,91.09,-2.229,60.71,30.5,0,0,0,0.0,0.0,0,LOW
XYZ20T100624,2026-07-19,5277.3,86.23,89.64,0.398,78.83,39.76,0,0,0,0.0,0.0,0,LOW
XYZ20T100625,2026-07-19,7000.1,84.83,94.05,0.564,37.51,29.32,0,0,0,0.1685,16.9,0,LOW
XYZ20T100630,2026-07-19,6187.6,81.21,88.17,-0.114,72.86,37.34,0,0,0,0.0,0.0,0,LOW
XYZ20T100633,2026-07-19,2773.9,81.11,85.2,0.128,73.78,30.68,0,0,0,0.0,0.0,0,LOW
XYZ20T100636,2026-07-19,13033.2,81.87,87.75,0.312,69.23,40.4,0,0,0,0.0,0.0,0,LOW
XYZ20T100641,2026-07-19,14862.8,84.78,89.32,-0.348,57.16,32.17,0,0,0,0.0,0.0,0,LOW
XYZ20T100643,2026-07-19,4210.1,79.45,83.95,-0.594,40.99,35.33,0,0,0,0.0,0.0,0,LOW
XYZ20T100652,2026-07-19,552.2,88.32,92.96,-0.2,85.59,39.46,0,0,0,0.0,0.0,0,LOW
XYZ20T100656,2026-07-19,15873.3,84.48,89.31,0.202,72.9,39.97,0,0,0,0.0,0.0,0,LOW
XYZ20T100662,2026-07-19,17122.7,86.33,91.97,-1.371,61.41,28.01,0,0,0,0.0,0.0,0,LOW
XYZ20T100675,2026-07-19,10006.5,89.08,95.79,-0.068,57.58,32.32,0,0,0,0.0,0.0,0,LOW
XYZ20T100676,2026-07-19,18255.5,84.79,91.7,0.014,70.38,33.59,0,0,0,0.0,0.0,0,LOW
XYZ20T100684,2026-07-19,5633.6,79.86,84.36,-0.117,69.76,33.05,0,0,0,0.0,0.0,0,LOW
XYZ20T100685,2026-07-19,1600.8,82.42,89.12,0.058,51.47,38.78,0,0,0,0.0,0.0,0,LOW
XYZ20T100704,2026-07-19,8747.3,79.7,86.55,0.149,63.01,43.72,0,0,0,0.0,0.0,0,LOW
XYZ20T100712,2026-07-19,479.3,84.03,88.66,-0.13,46.71,24.79,0,0,0,0.0,0.0,0,LOW
XYZ20T100714,2026-07-19,19045.3,85.85,92.06,0.35,62.21,26.19,0,0,0,0.0,0.0,0,LOW
XYZ20T100716,2026-07-19,6019.9,76.4,81.74,-0.505,59.35,24.39,0,0,0,0.0,0.0,0,LOW
XYZ20T100724,2026-07-19,4537.1,79.16,83.66,0.121,38.72,35.24,0,0,0,0.0,0.0,0,LOW
XYZ20T100726,2026-07-19,6308.7,84.27,89.59,0.294,57.97,37.05,0,0,0,0.0,0.0,0,LOW
XYZ20T100730,2026-07-19,5745.6,82.39,87.17,-0.252,54.27,31.93,0,0,0,0.0,0.0,0,LOW
XYZ20T100740,2026-07-19,12400.1,85.48,90.45,0.196,52.54,38.55,0,0,0,0.0,0.0,0,LOW
XYZ20T100747,2026-07-19,1606.4,81.88,85.03,-0.56,72.26,31.32,0,0,0,0.0,0.0,0,LOW
XYZ20T100759,2026-07-19,11421.4,85.83,89.76,0.368,51.24,35.23,0,0,0,0.0,0.0,0,LOW
XYZ20T100764,2026-07-19,19196.6,78.79,83.45,-0.359,43.31,24.46,0,0,0,0.0,0.0,0,LOW
XYZ20T100766,2026-07-19,19718.8,79.45,83.61,-0.574,51.41,30.11,0,0,0,0.0,0.0,0,LOW
XYZ20T100773,2026-07-19,16911.1,79.14,85.5,-0.058,63.92,34.63,0,0,0,0.0,0.0,0,LOW
XYZ20T100778,2026-07-19,843.1,81.48,85.74,-0.046,61.27,29.18,0,0,0,0.0,0.0,0,LOW
XYZ20T100781,2026-07-19,15780.7,81.97,86.8,-0.13,65.33,31.83,0,0,0,0.0,0.0,0,LOW
XYZ20T100793,2026-07-19,24836.7,78.31,83.51,-0.439,48.03,34.52,0,0,0,0.0,0.0,0,LOW
XYZ20T100796,2026-07-19,9660.6,88.66,92.46,0.413,71.57,37.43,0,0,0,0.0,0.0,0,LOW
XYZ20T100809,2026-07-19,6264.0,79.29,85.56,-0.258,63.58,27.33,0,0,0,0.0,0.0,0,LOW
XYZ20T100826,2026-07-19,17573.2,78.62,84.55,-0.246,66.57,36.97,0,0,0,0.0,0.0,0,LOW
XYZ20T100827,2026-07-19,9908.4,86.28,93.12,0.179,71.68,32.77,0,0,0,0.0066,0.7,0,LOW
XYZ20T100829,2026-07-19,15018.6,93.57,102.44,1.052,67.13,24.02,0,1,0,0.2773,27.7,0,LOW
XYZ20T100832,2026-07-19,16732.2,83.7,88.85,0.147,52.5,29.02,0,0,0,0.0,0.0,0,LOW
XYZ20T100833,2026-07-19,3788.5,90.82,98.49,0.63,85.14,38.01,0,0,0,0.1641,16.4,0,LOW
XYZ20T100840,2026-07-19,10970.4,82.44,88.43,-0.288,70.59,24.53,0,0,0,0.0,0.0,0,LOW
XYZ20T100844,2026-07-19,2917.3,82.76,88.74,-0.152,50.71,33.17,0,0,0,0.0,0.0,0,LOW
XYZ20T100848,2026-07-19,12903.7,79.43,83.65,0.08,50.22,36.22,0,0,0,0.0,0.0,0,LOW
XYZ20T100849,2026-07-19,10583.6,82.87,88.55,0.556,69.28,38.81,0,0,0,0.0,0.0,0,LOW
XYZ20T100851,2026-07-19,22339.0,77.89,82.88,0.007,60.47,30.03,0,0,0,0.0,0.0,0,LOW
XYZ20T100856,2026-07-19,20102.6,82.87,86.17,0.22,71.44,43.02,0,0,0,0.0,0.0,0,LOW
XYZ20T100858,2026-07-19,2943.9,87.04,90.18,0.176,72.9,28.13,0,0,0,0.0,0.0,0,LOW
XYZ20T100868,2026-07-19,21164.0,84.14,91.51,0.589,43.83,36.5,0,0,0,0.0099,1.0,0,LOW
XYZ20T100869,2026-07-19,4261.4,87.8,93.12,0.445,65.55,31.34,0,0,0,0.0,0.0,0,LOW
XYZ20T100871,2026-07-19,8836.3,82.08,86.89,-0.279,53.92,34.29,0,0,0,0.0,0.0,0,LOW
XYZ20T100877,2026-07-19,17828.7,84.95,89.73,-0.915,56.21,32.37,0,0,0,0.0,0.0,0,LOW
XYZ20T100879,2026-07-19,9791.4,82.08,90.36,0.561,39.77,24.03,0,0,0,0.0399,4.0,0,LOW
XYZ20T100881,2026-07-19,11837.4,84.77,89.77,0.085,55.66,35.36,0,0,0,0.0,0.0,0,LOW
XYZ20T100884,2026-07-19,5696.5,92.66,98.45,0.472,84.2,38.04,0,0,0,0.0461,4.6,0,LOW
XYZ20T100899,2026-07-19,10243.2,81.02,85.21,0.099,59.01,29.67,0,0,0,0.0,0.0,0,LOW
XYZ20T100901,2026-07-19,6463.9,85.66,90.4,1.209,60.65,38.0,0,0,0,0.0164,1.6,0,LOW
XYZ20T100902,2026-07-19,22383.7,80.23,84.1,0.229,51.81,40.47,0,0,0,0.0,0.0,0,LOW
XYZ20T100907,2026-07-19,14857.7,81.39,86.47,0.088,56.56,32.59,0,0,0,0.0,0.0,0,LOW
XYZ20T100908,2026-07-19,1913.0,83.62,87.38,0.359,77.82,31.55,0,0,0,0.0,0.0,0,LOW
XYZ20T100911,2026-07-19,2899.6,89.38,92.5,0.3,81.25,41.06,0,0,0,0.0,0.0,0,LOW
XYZ20T100915,2026-07-19,7602.6,91.8,96.69,1.161,53.4,30.51,0,1,0,0.8947,89.5,1,CRITICAL
XYZ20T100919,2026-07-19,9502.0,82.16,88.96,0.608,80.4,41.72,0,0,0,0.0,0.0,0,LOW
XYZ20T100924,2026-07-19,13698.5,86.47,93.36,0.03,74.66,38.66,0,0,0,0.0,0.0,0,LOW
XYZ20T100926,2026-07-19,18264.3,83.02,87.39,-0.014,74.77,36.84,0,0,0,0.0,0.0,0,LOW
XYZ20T100934,2026-07-19,4607.0,82.27,87.59,0.268,67.7,40.15,0,0,0,0.0,0.0,0,LOW
XYZ20T100947,2026-07-19,3877.5,96.02,103.32,1.546,82.28,33.06,1,1,0,0.8367,83.7,1,CRITICAL
XYZ20T100976,2026-07-19,2071.7,76.77,82.12,-0.442,38.65,28.56,0,0,0,0.0,0.0,0,LOW
XYZ20T100978,2026-07-19,17539.0,85.68,91.07,-0.214,76.21,29.72,0,0,0,0.0,0.0,0,LOW
XYZ20T100986,2026-07-19,5201.4,81.75,87.8,-0.293,64.59,34.48,0,0,0,0.0,0.0,0,LOW
XYZ20T100988,2026-07-19,12881.0,79.36,83.77,-0.388,51.57,30.98,0,0,0,0.0,0.0,0,LOW
XYZ20T100989,2026-07-19,4835.9,85.1,89.75,-1.356,48.34,33.09,0,0,0,0.0,0.0,0,LOW
XYZ20T100991,2026-07-19,4637.0,83.23,86.63,-0.128,44.47,32.11,0,0,0,0.0,0.0,0,LOW
XYZ20T100992,2026-07-19,3417.5,86.04,91.43,-0.045,69.73,36.24,0,0,0,0.0,0.0,0,LOW
XYZ20T100993,2026-07-19,2963.5,81.77,87.44,-0.083,68.33,36.24,0,0,0,0.0,0.0,0,LOW
XYZ20T100999,2026-07-19,5711.1,77.55,84.1,-1.717,39.05,39.27,0,0,0,0.0,0.0,0,LOW
XYZ20T101011,2026-07-19,3982.5,88.47,93.76,-0.074,75.52,34.96,0,0,0,0.0,0.0,0,LOW
XYZ20T101013,2026-07-19,8685.3,82.51,89.38,0.477,58.28,35.19,0,0,0,0.0,0.0,0,LOW
XYZ20T101017,2026-07-19,15760.2,87.43,93.87,-0.444,77.49,47.58,0,0,0,0.0,0.0,0,LOW
XYZ20T101030,2026-07-19,14428.4,90.0,96.57,1.605,45.88,32.04,0,0,0,0.2874,28.7,0,LOW
XYZ20T101041,2026-07-19,11069.9,88.3,92.9,-0.092,65.86,30.06,0,0,0,0.0,0.0,0,LOW
XYZ20T101067,2026-07-19,4354.7,81.92,87.98,0.554,43.13,38.06,0,0,0,0.0033,0.3,0,LOW
XYZ20T101069,2026-07-19,20642.2,85.16,91.63,0.212,57.19,32.93,0,0,0,0.0,0.0,0,LOW
XYZ20T101070,2026-07-19,786.4,86.53,90.8,0.433,68.0,43.43,0,0,0,0.0,0.0,0,LOW
XYZ20T101080,2026-07-19,2773.9,80.22,84.14,0.098,73.82,32.41,0,0,0,0.0,0.0,0,LOW
XYZ20T101090,2026-07-19,905.7,86.43,90.26,0.404,33.77,36.44,0,0,0,0.0066,0.7,0,LOW
XYZ20T101094,2026-07-19,13394.9,81.5,84.85,-0.142,72.32,33.3,0,0,0,0.0,0.0,0,LOW
XYZ20T101096,2026-07-19,2459.0,85.65,90.16,-1.404,75.72,27.85,0,0,0,0.0,0.0,0,LOW
XYZ20T101100,2026-07-19,5613.2,91.77,99.74,0.079,41.69,29.68,0,0,0,0.0393,3.9,0,LOW
XYZ20T101102,2026-07-19,24879.0,84.1,89.22,0.466,72.18,40.52,0,0,0,0.0,0.0,0,LOW
XYZ20T101107,2026-07-19,15839.2,79.81,85.99,0.188,71.97,38.03,0,0,0,0.0,0.0,0,LOW
XYZ20T101112,2026-07-19,5861.6,87.55,94.72,1.177,54.58,41.09,0,1,0,0.1777,17.8,0,LOW
XYZ20T101117,2026-07-19,3082.2,85.22,90.04,0.19,50.39,31.64,0,0,0,0.0,0.0,0,LOW
XYZ20T101120,2026-07-19,12912.3,86.04,91.93,-0.123,57.01,34.91,0,0,0,0.0,0.0,0,LOW
XYZ20T101122,2026-07-19,10739.0,84.51,91.07,-1.02,83.67,41.59,0,0,0,0.0,0.0,0,LOW
XYZ20T101132,2026-07-19,3610.3,81.48,88.08,0.052,57.52,30.65,0,0,0,0.0,0.0,0,LOW
XYZ20T101134,2026-07-19,21177.0,83.22,91.85,0.072,50.29,30.53,0,0,0,0.0166,1.7,0,LOW
XYZ20T101142,2026-07-19,5011.5,82.65,86.48,0.003,58.82,33.34,0,0,0,0.0,0.0,0,LOW
XYZ20T101147,2026-07-19,24439.9,83.79,87.69,0.199,70.7,42.75,0,0,0,0.0,0.0,0,LOW
XYZ20T101149,2026-07-19,12465.7,78.07,83.74,-0.851,46.32,40.56,0,0,0,0.0,0.0,0,LOW
XYZ20T101150,2026-07-19,16887.7,78.86,81.87,-0.085,67.14,36.97,0,0,0,0.0,0.0,0,LOW
XYZ20T101153,2026-07-19,4010.5,86.18,89.77,-0.167,53.31,25.97,0,0,0,0.0,0.0,0,LOW
XYZ20T101156,2026-07-19,10554.6,79.91,84.97,0.045,63.13,37.05,0,0,0,0.0,0.0,0,LOW
XYZ20T101158,2026-07-19,5755.9,88.92,92.82,0.284,76.17,27.17,0,0,0,0.0,0.0,0,LOW
XYZ20T101165,2026-07-19,18384.6,79.72,83.05,0.083,75.48,40.09,0,0,0,0.0,0.0,0,LOW
XYZ20T101169,2026-07-19,11322.9,80.7,86.94,-0.433,64.68,34.38,0,0,0,0.0,0.0,0,LOW
XYZ20T101173,2026-07-19,336.4,82.69,85.98,-0.439,64.74,39.98,0,0,0,0.0,0.0,0,LOW
XYZ20T101175,2026-07-19,4948.5,89.22,94.38,-0.241,78.87,32.86,0,0,0,0.0,0.0,0,LOW
XYZ20T101192,2026-07-19,5484.1,85.08,90.71,-0.448,49.69,39.52,0,0,0,0.0,0.0,0,LOW
XYZ20T101205,2026-07-19,8648.9,78.2,82.33,-0.348,57.59,34.86,0,0,0,0.0,0.0,0,LOW
XYZ20T101208,2026-07-19,10448.4,83.68,87.94,-0.246,37.58,35.46,0,0,0,0.0,0.0,0,LOW
XYZ20T101210,2026-07-19,7249.9,84.3,90.0,-0.104,69.11,25.58,0,0,0,0.0,0.0,0,LOW
XYZ20T101215,2026-07-19,13656.4,91.7,97.09,0.972,57.38,36.53,0,0,0,0.6862,68.6,1,HIGH
XYZ20T101216,2026-07-19,1193.6,79.37,82.5,-0.687,40.81,33.18,0,0,0,0.0,0.0,0,LOW
XYZ20T101220,2026-07-19,17273.9,87.55,94.23,0.158,52.58,31.41,0,0,0,0.0,0.0,0,LOW
XYZ20T101222,2026-07-19,24709.4,80.43,86.17,-0.174,65.08,29.13,0,0,0,0.0,0.0,0,LOW
XYZ20T101227,2026-07-19,682.2,95.2,105.39,0.981,40.38,40.8,1,0,0,0.7528,75.3,1,CRITICAL
XYZ20T101233,2026-07-19,10697.0,92.9,98.94,0.882,67.25,38.73,0,0,0,0.3143,31.4,1,MODERATE
XYZ20T101236,2026-07-19,10197.2,89.75,95.63,-0.456,87.56,35.31,0,0,0,0.0,0.0,0,LOW
XYZ20T101237,2026-07-19,1032.7,83.06,88.21,0.104,52.42,31.27,0,0,0,0.0,0.0,0,LOW
XYZ20T101240,2026-07-19,2624.7,77.78,81.51,-0.064,60.26,34.35,0,0,0,0.0,0.0,0,LOW
XYZ20T101242,2026-07-19,13374.1,85.69,89.07,0.395,83.67,26.65,0,0,0,0.0,0.0,0,LOW
XYZ20T101273,2026-07-19,14605.8,83.86,90.69,0.005,47.95,41.39,0,0,0,0.0,0.0,0,LOW
XYZ20T101274,2026-07-19,3241.3,84.62,91.12,-0.211,69.53,37.06,0,0,0,0.0,0.0,0,LOW
XYZ20T101275,2026-07-19,6623.3,78.8,85.11,-0.048,50.41,40.69,0,0,0,0.0,0.0,0,LOW
XYZ20T101277,2026-07-19,14859.3,81.0,85.84,-0.045,51.27,27.9,0,0,0,0.0,0.0,0,LOW
XYZ20T101280,2026-07-19,1061.0,85.81,91.45,-0.27,58.23,30.54,0,0,0,0.0,0.0,0,LOW
XYZ20T101286,2026-07-19,2224.7,83.24,88.55,-0.04,75.41,30.5,0,0,0,0.0,0.0,0,LOW
XYZ20T101290,2026-07-19,14010.9,80.68,85.38,0.139,45.72,32.29,0,0,0,0.0,0.0,0,LOW
XYZ20T101298,2026-07-19,21976.4,88.41,92.18,0.012,59.34,35.95,0,0,0,0.0,0.0,0,LOW
XYZ20T101299,2026-07-19,6268.6,83.43,88.53,-0.201,64.5,30.77,0,0,0,0.0,0.0,0,LOW
XYZ20T101301,2026-07-19,18529.1,78.84,81.87,0.133,63.91,31.9,0,0,0,0.0,0.0,0,LOW
XYZ20T101306,2026-07-19,1047.7,85.8,90.37,0.533,62.25,37.57,1,0,0,0.0864,8.6,0,LOW
XYZ20T101308,2026-07-19,8541.1,85.78,90.39,0.17,43.6,39.27,0,0,0,0.0,0.0,0,LOW
XYZ20T101317,2026-07-19,578.7,84.71,87.75,-0.299,43.43,24.84,0,0,0,0.0,0.0,0,LOW
XYZ20T101318,2026-07-19,7615.5,85.55,92.32,-1.057,66.8,32.57,0,0,0,0.0,0.0,0,LOW
XYZ20T101319,2026-07-19,20894.0,93.64,103.1,0.926,79.08,31.4,0,1,0,0.4878,48.8,1,MODERATE
XYZ20T101326,2026-07-19,4076.4,88.36,93.25,0.354,67.72,35.61,0,0,0,0.0032,0.3,0,LOW
XYZ20T101334,2026-07-19,6027.7,83.75,87.49,-0.152,54.92,31.15,0,0,0,0.0,0.0,0,LOW
XYZ20T101349,2026-07-19,13189.4,76.46,81.4,0.186,51.51,39.14,0,0,0,0.0,0.0,0,LOW
XYZ20T101361,2026-07-19,2900.1,87.98,94.51,0.202,57.06,43.22,0,0,0,0.0,0.0,0,LOW
XYZ20T101369,2026-07-19,10311.1,91.6,101.19,1.026,39.39,31.91,1,0,1,0.7619,76.2,1,CRITICAL
XYZ20T101374,2026-07-19,13249.4,78.97,83.66,-1.174,46.4,26.84,0,0,0,0.0,0.0,0,LOW
XYZ20T101384,2026-07-19,14853.0,80.8,84.34,-2.199,64.97,32.22,0,0,0,0.0,0.0,0,LOW
XYZ20T101385,2026-07-19,13530.6,87.2,94.96,0.569,66.1,34.81,0,0,0,0.0526,5.3,0,LOW
XYZ20T101393,2026-07-19,17420.3,88.97,92.01,0.317,84.49,30.74,0,0,0,0.0,0.0,0,LOW
XYZ20T101406,2026-07-19,16602.1,76.91,82.37,-0.664,62.44,26.55,0,0,0,0.0,0.0,0,LOW
XYZ20T101413,2026-07-19,14063.8,86.58,93.09,-0.206,56.47,35.77,0,0,0,0.0,0.0,0,LOW
XYZ20T101419,2026-07-19,12336.5,86.46,91.95,0.621,70.84,28.88,0,0,0,0.0033,0.3,0,LOW
XYZ20T101423,2026-07-19,19003.4,94.51,103.28,1.092,68.29,38.56,1,0,1,0.8632,86.3,1,CRITICAL
XYZ20T101428,2026-07-19,6210.9,83.51,86.88,-0.2,46.33,43.93,0,0,0,0.0,0.0,0,LOW
XYZ20T101431,2026-07-19,24923.2,85.86,91.42,-2.025,60.48,26.98,0,0,0,0.0,0.0,0,LOW
XYZ20T101434,2026-07-19,11407.5,82.98,88.02,0.098,60.67,30.71,0,0,0,0.0,0.0,0,LOW
XYZ20T101435,2026-07-19,12893.0,78.66,84.02,-0.151,69.99,23.81,0,0,0,0.0,0.0,0,LOW
XYZ20T101437,2026-07-19,3259.8,85.07,89.51,-0.344,70.97,39.56,0,0,0,0.0,0.0,0,LOW
XYZ20T101446,2026-07-19,9215.5,82.34,86.93,0.24,55.45,44.28,0,0,0,0.0,0.0,0,LOW
XYZ20T101468,2026-07-19,8276.5,84.71,89.79,-0.02,80.28,26.66,0,0,0,0.0,0.0,0,LOW
XYZ20T101479,2026-07-19,1378.3,85.73,92.3,0.903,66.2,28.93,0,0,0,0.019,1.9,0,LOW
XYZ20T101484,2026-07-19,14362.4,76.16,82.06,-0.144,38.36,30.26,0,0,0,0.0,0.0,0,LOW
XYZ20T101491,2026-07-19,13772.9,80.89,87.72,-1.893,63.08,34.24,0,0,0,0.0,0.0,0,LOW
XYZ20T101498,2026-07-19,13433.1,79.62,84.65,0.104,41.96,31.03,0,0,0,0.0,0.0,0,LOW
XYZ20T101500,2026-07-19,4229.7,79.14,85.46,0.225,35.09,27.61,0,0,0,0.0,0.0,0,LOW
XYZ20T101501,2026-07-19,16219.6,86.77,92.08,-0.225,44.33,33.22,0,0,0,0.0,0.0,0,LOW
XYZ20T101502,2026-07-19,10663.8,80.69,84.56,0.1,62.08,35.24,0,0,0,0.0,0.0,0,LOW
XYZ20T101504,2026-07-19,7210.7,79.19,85.65,0.041,52.62,35.41,0,0,0,0.0,0.0,0,LOW
XYZ20T101511,2026-07-19,567.0,82.89,88.96,0.383,44.67,33.79,0,0,0,0.0,0.0,0,LOW
XYZ20T101519,2026-07-19,13821.3,80.55,85.54,-0.044,64.99,34.21,0,0,0,0.0,0.0,0,LOW
XYZ20T101525,2026-07-19,8187.0,86.21,91.25,-0.278,40.62,38.87,0,0,0,0.0,0.0,0,LOW
XYZ20T101526,2026-07-19,1192.8,77.56,82.4,-0.12,54.17,39.98,0,0,0,0.0,0.0,0,LOW
XYZ20T101530,2026-07-19,20163.0,85.0,88.11,-0.157,50.07,46.65,0,0,0,0.0,0.0,0,LOW
XYZ20T101534,2026-07-19,5826.5,79.81,84.05,0.006,56.12,39.81,0,0,0,0.0,0.0,0,LOW
XYZ20T101549,2026-07-19,1985.3,77.09,80.24,-0.31,53.25,26.17,0,0,0,0.0,0.0,0,LOW
XYZ20T101550,2026-07-19,4989.3,79.39,83.54,-0.005,80.13,29.89,0,0,0,0.0,0.0,0,LOW
XYZ20T101551,2026-07-19,550.2,82.05,88.77,0.114,70.21,37.12,0,0,0,0.0,0.0,0,LOW
XYZ20T101555,2026-07-19,12473.9,85.3,89.02,-0.115,74.4,30.01,0,0,0,0.0,0.0,0,LOW
XYZ20T101558,2026-07-19,6099.3,81.12,86.83,0.106,60.02,39.89,0,0,0,0.0,0.0,0,LOW
XYZ20T101562,2026-07-19,14153.4,85.53,90.02,-0.362,71.32,24.59,0,0,0,0.0,0.0,0,LOW
XYZ20T101567,2026-07-19,17145.1,81.35,84.68,-0.048,50.26,26.02,0,0,0,0.0,0.0,0,LOW
XYZ20T101573,2026-07-19,1871.0,86.2,91.77,0.31,54.13,30.22,1,0,0,0.01,1.0,0,LOW
XYZ20T101582,2026-07-19,15451.8,80.51,85.84,-0.006,65.38,31.92,0,0,0,0.0,0.0,0,LOW
XYZ20T101586,2026-07-19,16338.9,84.83,90.51,-0.157,59.82,43.79,0,0,0,0.0,0.0,0,LOW
XYZ20T101593,2026-07-19,338.3,78.79,85.29,0.403,51.81,31.29,0,0,0,0.0,0.0,0,LOW
XYZ20T101594,2026-07-19,12688.2,80.99,86.35,-0.085,56.11,38.54,0,0,0,0.0,0.0,0,LOW
XYZ20T101629,2026-07-19,5859.5,82.09,87.79,0.303,53.8,43.87,0,0,0,0.0,0.0,0,LOW
XYZ20T101633,2026-07-19,13081.3,80.86,84.66,-0.265,25.0,32.47,0,0,0,0.0,0.0,0,LOW
XYZ20T101659,2026-07-19,6178.2,84.15,87.61,-0.212,76.01,40.83,0,0,0,0.0,0.0,0,LOW
XYZ20T101662,2026-07-19,11483.6,82.31,86.91,0.277,80.67,38.61,0,0,0,0.0,0.0,0,LOW
XYZ20T101663,2026-07-19,20786.2,80.53,87.18,0.221,69.92,35.8,0,0,0,0.0,0.0,0,LOW
XYZ20T101669,2026-07-19,4300.3,83.78,87.12,0.241,80.87,32.37,0,0,0,0.0,0.0,0,LOW
XYZ20T101677,2026-07-19,4079.4,83.27,89.53,-0.028,70.31,37.95,0,0,0,0.0,0.0,0,LOW
XYZ20T101678,2026-07-19,5441.5,77.73,82.93,-0.17,44.71,33.24,0,0,0,0.0,0.0,0,LOW
XYZ20T101685,2026-07-19,11632.9,77.24,83.85,-0.058,43.44,34.02,0,0,0,0.0,0.0,0,LOW
XYZ20T101692,2026-07-19,401.8,80.94,84.19,-0.123,72.97,33.37,0,0,0,0.0,0.0,0,LOW
XYZ20T101693,2026-07-19,22531.3,89.45,94.4,0.526,84.71,35.93,0,0,0,0.0229,2.3,0,LOW
XYZ20T101696,2026-07-19,15575.7,93.24,100.05,0.362,66.14,41.77,0,0,0,0.0165,1.7,0,LOW
XYZ20T101698,2026-07-19,4715.5,81.21,85.74,-0.018,61.91,29.81,0,0,0,0.0,0.0,0,LOW
XYZ20T101699,2026-07-19,24902.1,81.68,87.81,0.504,54.54,30.54,0,0,0,0.0033,0.3,0,LOW
XYZ20T101702,2026-07-19,2253.7,81.54,86.19,0.129,73.23,36.69,0,0,0,0.0,0.0,0,LOW
XYZ20T101718,2026-07-19,2556.8,83.09,86.93,0.047,56.06,26.73,0,0,0,0.0,0.0,0,LOW
XYZ20T101728,2026-07-19,505.9,85.98,92.67,-0.034,47.11,30.34,0,0,0,0.0,0.0,0,LOW
XYZ20T101733,2026-07-19,9283.1,86.16,90.19,-0.121,59.43,32.17,0,0,0,0.0,0.0,0,LOW
XYZ20T101735,2026-07-19,12547.7,77.93,82.79,-0.288,46.91,35.41,0,0,0,0.0,0.0,0,LOW
XYZ20T101740,2026-07-19,16721.7,79.17,85.79,-0.332,64.87,23.54,0,0,0,0.0,0.0,0,LOW
XYZ20T101764,2026-07-19,6321.8,81.13,87.39,-0.843,64.74,30.87,0,0,0,0.0,0.0,0,LOW
XYZ20T101767,2026-07-19,1711.4,82.98,88.06,-0.206,46.62,33.97,0,0,0,0.0,0.0,0,LOW
XYZ20T101768,2026-07-19,3677.9,83.91,88.66,-0.103,65.83,30.78,0,0,0,0.0,0.0,0,LOW
XYZ20T101773,2026-07-19,11647.4,84.04,87.5,0.36,61.99,34.96,0,0,0,0.0,0.0,0,LOW
XYZ20T101782,2026-07-19,4174.0,79.19,83.83,-0.37,52.41,37.59,0,0,0,0.0,0.0,0,LOW
XYZ20T101789,2026-07-19,8700.0,80.89,87.21,0.198,76.92,41.54,0,0,0,0.0,0.0,0,LOW
XYZ20T101790,2026-07-19,4211.2,87.39,92.57,0.17,51.7,40.96,0,0,0,0.0,0.0,0,LOW
XYZ20T101791,2026-07-19,16737.5,85.38,91.32,0.029,74.59,24.03,0,0,0,0.0,0.0,0,LOW
XYZ20T101792,2026-07-19,1402.6,83.21,88.64,-0.496,40.32,41.22,0,0,0,0.0,0.0,0,LOW
XYZ20T101794,2026-07-19,10750.1,85.69,91.27,0.274,42.32,35.0,0,0,0,0.0,0.0,0,LOW
XYZ20T101805,2026-07-19,13002.8,84.45,88.15,0.041,49.86,33.5,0,0,0,0.0,0.0,0,LOW
XYZ20T101807,2026-07-19,9938.0,84.05,89.5,0.123,42.96,31.46,0,0,0,0.0,0.0,0,LOW
XYZ20T101809,2026-07-19,11902.6,83.29,86.92,-0.036,71.34,31.83,0,0,0,0.0,0.0,0,LOW
XYZ20T101820,2026-07-19,8474.9,86.39,92.91,0.167,69.72,47.73,0,0,0,0.0,0.0,0,LOW
XYZ20T101825,2026-07-19,10281.1,84.92,89.25,0.283,67.82,28.59,0,0,0,0.0,0.0,0,LOW
XYZ20T101832,2026-07-19,13264.4,80.82,87.56,-0.943,67.44,34.7,0,0,0,0.0,0.0,0,LOW
XYZ20T101838,2026-07-19,12895.7,84.27,90.98,0.572,73.13,28.23,0,0,0,0.0,0.0,0,LOW
XYZ20T101842,2026-07-19,6846.1,81.51,84.97,0.137,70.32,38.77,0,0,0,0.0,0.0,0,LOW
XYZ20T101848,2026-07-19,22140.5,78.93,84.59,0.028,50.97,46.42,0,0,0,0.0,0.0,0,LOW
XYZ20T101861,2026-07-19,9748.1,79.19,86.06,-0.015,43.31,27.94,0,0,0,0.0,0.0,0,LOW
XYZ20T101862,2026-07-19,7559.0,87.45,94.18,-0.126,62.05,35.72,0,0,0,0.0,0.0,0,LOW
XYZ20T101866,2026-07-19,5475.9,79.54,84.5,-0.163,54.36,32.52,0,0,0,0.0,0.0,0,LOW
XYZ20T101868,2026-07-19,6591.9,84.01,87.64,-1.82,84.72,26.54,0,0,0,0.0,0.0,0,LOW
XYZ20T101869,2026-07-19,4159.1,77.15,83.57,-0.132,50.76,30.96,0,0,0,0.0,0.0,0,LOW
XYZ20T101884,2026-07-19,24865.5,86.71,90.39,0.191,97.96,28.53,0,0,0,0.0,0.0,0,LOW
XYZ20T101886,2026-07-19,2632.2,84.96,91.86,0.066,65.05,26.81,0,0,0,0.0,0.0,0,LOW
XYZ20T101892,2026-07-19,8837.1,84.43,88.36,0.131,61.14,28.1,0,0,0,0.0,0.0,0,LOW
XYZ20T101897,2026-07-19,20041.8,80.23,84.68,0.115,54.69,38.83,0,0,0,0.0,0.0,0,LOW
XYZ20T101898,2026-07-19,11885.0,84.71,90.77,-0.051,40.69,34.76,0,0,0,0.0,0.0,0,LOW
XYZ20T101900,2026-07-19,24882.8,84.93,88.93,0.268,52.87,30.65,0,0,0,0.0,0.0,0,LOW
XYZ20T101905,2026-07-19,18259.7,81.31,88.08,0.061,46.37,30.04,0,0,0,0.0,0.0,0,LOW
XYZ20T101912,2026-07-19,6734.0,77.34,81.37,-0.362,50.56,24.89,0,0,0,0.0,0.0,0,LOW
XYZ20T101915,2026-07-19,576.0,86.82,90.97,-0.003,59.03,36.34,0,0,0,0.0,0.0,0,LOW
XYZ20T101917,2026-07-19,13508.0,83.01,89.01,-0.239,77.9,32.16,0,0,0,0.0,0.0,0,LOW
XYZ20T101921,2026-07-19,15032.7,79.28,83.88,0.101,52.88,35.78,0,0,0,0.0,0.0,0,LOW
XYZ20T101922,2026-07-19,1200.5,94.46,104.05,1.996,67.02,28.44,0,0,0,0.9131,91.3,1,CRITICAL
XYZ20T101924,2026-07-19,14635.6,80.47,87.27,0.297,48.92,34.82,0,0,0,0.0,0.0,0,LOW
XYZ20T101928,2026-07-19,14389.2,84.35,90.37,-0.795,42.31,39.89,0,0,0,0.0,0.0,0,LOW
XYZ20T101935,2026-07-19,3581.6,86.42,91.2,0.251,42.58,30.67,0,0,0,0.0,0.0,0,LOW
XYZ20T101946,2026-07-19,9730.7,85.45,91.79,-0.424,59.71,39.1,1,0,0,0.01,1.0,0,LOW
XYZ20T101957,2026-07-19,14658.1,80.32,85.37,0.125,66.97,38.5,0,0,0,0.0,0.0,0,LOW
XYZ20T101958,2026-07-19,24946.0,85.43,89.09,-0.517,45.56,42.41,0,0,0,0.0,0.0,0,LOW
XYZ20T101959,2026-07-19,12705.8,76.18,81.11,-0.353,42.52,31.69,0,0,0,0.0,0.0,0,LOW
XYZ20T101960,2026-07-19,11710.7,80.71,88.42,-0.648,49.26,29.7,0,0,0,0.0,0.0,0,LOW
XYZ20T101964,2026-07-19,3367.6,86.29,90.7,-0.144,57.05,38.17,0,0,0,0.0,0.0,0,LOW
XYZ20T101965,2026-07-19,6493.9,82.11,87.32,0.131,32.54,35.59,0,0,0,0.0,0.0,0,LOW
XYZ20T101978,2026-07-19,18200.3,83.76,89.98,0.36,71.84,42.55,0,0,0,0.0,0.0,0,LOW
XYZ20T101983,2026-07-19,445.5,87.32,93.1,0.266,61.17,37.83,0,0,0,0.0132,1.3,0,LOW
XYZ20T101996,2026-07-19,11375.4,83.76,90.2,-0.28,59.03,30.28,0,0,0,0.0,0.0,0,LOW
XYZ20T102000,2026-07-19,570.1,82.34,86.09,-0.305,56.21,29.15,0,0,0,0.0,0.0,0,LOW
XYZ20T102004,2026-07-19,707.6,82.49,88.3,-0.771,63.91,33.73,0,0,0,0.0,0.0,0,LOW
XYZ20T102009,2026-07-19,23365.8,86.87,90.04,-0.431,56.17,26.23,0,0,0,0.0,0.0,0,LOW
XYZ20T102012,2026-07-19,3644.6,80.1,83.54,-0.231,57.89,37.03,0,0,0,0.0,0.0,0,LOW
XYZ20T102025,2026-07-19,14548.3,81.84,87.23,0.392,58.84,40.94,0,0,0,0.0,0.0,0,LOW
XYZ20T102026,2026-07-19,2692.9,87.59,93.09,-0.087,69.22,33.86,0,0,0,0.0,0.0,0,LOW
XYZ20T102029,2026-07-19,17017.0,90.4,97.67,1.234,62.13,29.78,0,0,0,0.9042,90.4,1,CRITICAL
XYZ20T102030,2026-07-19,3048.3,87.13,91.38,-2.164,68.3,46.06,0,0,0,0.0,0.0,0,LOW
XYZ20T102031,2026-07-19,2786.3,92.37,99.91,1.148,40.98,27.71,1,0,1,0.5702,57.0,1,HIGH
XYZ20T102038,2026-07-19,10733.6,76.83,81.82,0.039,47.42,32.44,0,0,0,0.0,0.0,0,LOW
XYZ20T102041,2026-07-19,7856.4,81.7,87.54,-1.289,62.07,28.99,0,0,0,0.0,0.0,0,LOW
XYZ20T102046,2026-07-19,5942.1,80.39,85.16,-0.156,54.2,36.27,0,0,0,0.0,0.0,0,LOW
XYZ20T102048,2026-07-19,9233.7,93.28,101.43,2.011,79.46,36.09,1,0,0,0.8767,87.7,1,CRITICAL
XYZ20T102053,2026-07-19,12530.7,78.31,82.34,-1.382,55.13,27.4,0,0,0,0.0,0.0,0,LOW
XYZ20T102054,2026-07-19,14004.2,89.99,94.2,-0.481,82.76,36.97,0,0,0,0.0,0.0,0,LOW
XYZ20T102055,2026-07-19,4308.0,79.65,86.04,0.124,44.09,35.51,0,0,0,0.0,0.0,0,LOW
XYZ20T102060,2026-07-19,9887.0,84.28,88.74,0.237,34.52,39.35,0,0,0,0.0,0.0,0,LOW
XYZ20T102065,2026-07-19,8919.9,83.48,87.9,0.331,43.28,32.84,0,0,0,0.0,0.0,0,LOW
XYZ20T102073,2026-07-19,1904.2,84.32,89.79,-0.017,61.2,29.17,0,0,0,0.0,0.0,0,LOW
XYZ20T102090,2026-07-19,9943.8,85.19,89.35,-1.833,54.4,41.22,0,0,0,0.0,0.0,0,LOW
XYZ20T102097,2026-07-19,541.2,85.11,91.76,-0.043,54.85,28.32,0,0,0,0.0,0.0,0,LOW
XYZ20T102102,2026-07-19,11806.4,81.45,85.25,-0.304,76.39,31.96,0,0,0,0.0,0.0,0,LOW
XYZ20T102103,2026-07-19,4795.0,82.39,86.36,-1.806,51.45,42.5,0,0,0,0.0,0.0,0,LOW
XYZ20T102108,2026-07-19,18222.8,87.81,94.06,0.211,60.33,37.98,0,0,0,0.0,0.0,0,LOW
XYZ20T102121,2026-07-19,4009.7,78.37,83.85,-1.532,50.34,33.99,0,0,0,0.0,0.0,0,LOW
XYZ20T102127,2026-07-19,5542.7,81.24,84.27,-0.345,73.77,29.52,0,0,0,0.0,0.0,0,LOW
XYZ20T102132,2026-07-19,5898.0,82.8,88.47,0.052,72.82,39.44,0,0,0,0.0,0.0,0,LOW
XYZ20T102138,2026-07-19,1974.1,82.46,88.16,-0.211,84.63,29.01,0,0,0,0.0,0.0,0,LOW
XYZ20T102169,2026-07-19,4300.9,77.6,81.3,0.14,47.94,32.79,0,0,0,0.0,0.0,0,LOW
XYZ20T102176,2026-07-19,1849.2,82.28,87.4,-1.099,64.7,37.06,0,0,0,0.0,0.0,0,LOW
XYZ20T102178,2026-07-19,24892.0,80.88,86.63,0.626,81.57,31.51,0,0,0,0.0033,0.3,0,LOW
XYZ20T102182,2026-07-19,18722.6,82.82,86.98,-0.39,48.39,31.81,0,0,0,0.0,0.0,0,LOW
XYZ20T102191,2026-07-19,8426.3,80.97,85.44,0.257,44.06,32.32,0,0,0,0.0,0.0,0,LOW
XYZ20T102196,2026-07-19,13813.5,78.22,84.84,-0.588,62.56,21.94,0,0,0,0.0,0.0,0,LOW
XYZ20T102203,2026-07-19,12094.1,77.37,81.73,-0.243,48.04,36.18,0,0,0,0.0,0.0,0,LOW
XYZ20T102212,2026-07-19,2668.9,87.57,91.36,0.188,58.01,26.91,0,0,0,0.0,0.0,0,LOW
XYZ20T102214,2026-07-19,19714.2,87.31,93.21,0.413,46.73,45.14,0,0,0,0.0066,0.7,0,LOW
XYZ20T102217,2026-07-19,5603.7,80.01,86.03,-0.323,38.71,28.99,0,0,0,0.0,0.0,0,LOW
XYZ20T102223,2026-07-19,11936.0,81.81,85.22,-0.173,72.13,33.08,0,0,0,0.0,0.0,0,LOW
XYZ20T102226,2026-07-19,3078.1,83.36,88.68,-0.243,46.58,30.5,0,0,0,0.0,0.0,0,LOW
XYZ20T102230,2026-07-19,11680.9,84.25,87.45,0.235,82.26,33.24,0,0,0,0.0,0.0,0,LOW
XYZ20T102240,2026-07-19,11226.2,89.46,95.03,0.129,59.45,31.86,0,0,0,0.0,0.0,0,LOW
XYZ20T102251,2026-07-19,12506.7,84.13,88.73,0.06,57.61,34.32,0,0,0,0.0,0.0,0,LOW
XYZ20T102259,2026-07-19,17010.4,77.48,83.03,-0.345,50.75,24.2,0,0,0,0.0,0.0,0,LOW
XYZ20T102267,2026-07-19,11755.2,82.09,88.02,0.284,69.5,31.13,0,0,0,0.0,0.0,0,LOW
XYZ20T102268,2026-07-19,12480.8,79.78,83.13,-0.393,33.85,41.84,0,0,0,0.0033,0.3,0,LOW
XYZ20T102285,2026-07-19,19864.3,91.04,97.29,0.484,70.63,29.54,0,0,0,0.0395,4.0,0,LOW
XYZ20T102287,2026-07-19,2761.9,84.25,87.44,-0.017,53.69,41.03,0,0,0,0.0,0.0,0,LOW
XYZ20T102291,2026-07-19,14651.4,78.16,81.75,-0.15,58.05,28.45,0,0,0,0.0,0.0,0,LOW
XYZ20T102294,2026-07-19,1509.3,86.83,91.51,0.146,61.66,38.55,0,0,0,0.0,0.0,0,LOW
XYZ20T102325,2026-07-19,13946.7,83.66,89.27,0.212,78.94,33.15,0,0,0,0.0,0.0,0,LOW
XYZ20T102327,2026-07-19,12119.6,82.68,89.44,0.393,58.91,31.75,0,0,0,0.0,0.0,0,LOW
XYZ20T102330,2026-07-19,16357.1,78.6,82.68,-0.248,52.74,31.73,0,0,0,0.0,0.0,0,LOW
XYZ20T102345,2026-07-19,20186.6,87.23,92.94,-1.652,52.62,30.47,0,0,0,0.0,0.0,0,LOW
XYZ20T102348,2026-07-19,15355.2,85.89,91.81,-2.02,61.76,41.3,0,0,0,0.0,0.0,0,LOW
XYZ20T102358,2026-07-19,6582.0,81.68,87.02,0.14,71.52,42.8,0,0,0,0.0,0.0,0,LOW
XYZ20T102367,2026-07-19,3268.8,84.04,88.61,0.605,59.3,38.08,0,0,0,0.0,0.0,0,LOW
XYZ20T102369,2026-07-19,7618.1,84.94,92.51,0.528,55.23,29.86,0,0,0,0.0228,2.3,0,LOW
XYZ20T102373,2026-07-19,4385.7,81.95,85.21,-0.106,65.62,27.33,0,0,0,0.0,0.0,0,LOW
XYZ20T102375,2026-07-19,6129.0,78.82,82.72,-0.318,64.0,35.09,0,0,0,0.0,0.0,0,LOW
XYZ20T102376,2026-07-19,19597.2,87.87,92.34,0.336,70.9,40.39,0,0,0,0.0,0.0,0,LOW
XYZ20T102389,2026-07-19,6956.2,94.83,100.67,1.585,51.99,36.42,0,0,0,0.7213,72.1,1,HIGH
XYZ20T102391,2026-07-19,1628.0,84.36,88.23,-0.228,52.95,36.74,0,0,0,0.0,0.0,0,LOW
XYZ20T102392,2026-07-19,14430.7,81.36,85.0,-0.299,65.49,31.67,0,0,0,0.0,0.0,0,LOW
XYZ20T102403,2026-07-19,13596.5,81.55,85.02,-0.068,52.21,35.17,0,0,0,0.0,0.0,0,LOW
XYZ20T102405,2026-07-19,8312.5,80.93,86.41,0.26,71.99,39.8,0,0,0,0.0,0.0,0,LOW
XYZ20T102413,2026-07-19,10521.9,80.37,87.15,-0.067,52.38,33.43,0,0,0,0.0,0.0,0,LOW
XYZ20T102420,2026-07-19,9538.8,83.87,86.92,-0.044,49.95,38.9,0,0,0,0.0,0.0,0,LOW
XYZ20T102424,2026-07-19,13264.0,83.14,90.9,0.731,51.95,28.26,0,0,0,0.0,0.0,0,LOW
XYZ20T102428,2026-07-19,10353.9,81.57,85.75,0.078,43.22,35.16,0,0,0,0.0,0.0,0,LOW
XYZ20T102429,2026-07-19,2965.8,86.58,92.87,0.13,51.58,36.22,0,0,0,0.0,0.0,0,LOW
XYZ20T102432,2026-07-19,24910.6,94.85,101.13,1.616,70.29,42.46,1,0,1,0.8332,83.3,1,CRITICAL
XYZ20T102436,2026-07-19,1161.5,77.26,82.11,-0.271,60.75,30.68,0,0,0,0.0,0.0,0,LOW
XYZ20T102450,2026-07-19,12049.4,77.5,81.15,-0.175,51.81,37.91,0,0,0,0.0,0.0,0,LOW
XYZ20T102452,2026-07-19,17173.1,84.98,88.41,-0.003,58.09,32.93,0,0,0,0.0,0.0,0,LOW
XYZ20T102453,2026-07-19,6951.8,92.31,102.02,1.048,68.3,32.72,0,0,0,0.9281,92.8,1,CRITICAL
XYZ20T102454,2026-07-19,3205.5,79.07,85.4,-0.137,57.23,41.27,0,0,0,0.0,0.0,0,LOW
XYZ20T102457,2026-07-19,7553.4,83.53,89.43,0.136,59.94,26.26,0,0,0,0.0,0.0,0,LOW
XYZ20T102462,2026-07-19,5705.9,79.6,83.2,-1.672,62.9,36.73,0,0,0,0.0,0.0,0,LOW
XYZ20T102463,2026-07-19,24838.7,82.83,88.42,0.323,42.19,35.52,0,0,0,0.0,0.0,0,LOW
XYZ20T102471,2026-07-19,4018.8,83.91,91.66,-0.138,72.36,35.42,0,0,0,0.0,0.0,0,LOW
XYZ20T102479,2026-07-19,2667.3,86.11,97.6,1.547,47.72,45.62,1,0,1,0.5837,58.4,1,HIGH
XYZ20T102482,2026-07-19,14589.8,84.69,89.23,-0.234,74.83,32.37,0,0,0,0.0,0.0,0,LOW
XYZ20T102488,2026-07-19,12370.6,82.2,88.35,0.048,76.57,28.77,0,0,0,0.0,0.0,0,LOW
XYZ20T102491,2026-07-19,6013.0,89.07,94.88,-0.874,47.43,32.25,0,0,0,0.0033,0.3,0,LOW
XYZ20T102501,2026-07-19,818.6,84.96,91.18,-0.25,55.67,38.2,0,0,0,0.0,0.0,0,LOW
XYZ20T102510,2026-07-19,10563.8,87.92,93.08,0.316,76.96,35.79,0,0,0,0.0,0.0,0,LOW
XYZ20T102517,2026-07-19,11047.3,79.38,83.68,0.074,54.13,34.6,0,0,0,0.0,0.0,0,LOW
XYZ20T102524,2026-07-19,1150.5,79.42,85.8,-0.437,64.8,31.24,0,0,0,0.0,0.0,0,LOW
XYZ20T102527,2026-07-19,20257.2,86.7,91.54,0.026,76.39,26.12,0,0,0,0.0,0.0,0,LOW
XYZ20T102528,2026-07-19,14328.4,84.08,88.37,0.355,63.2,38.07,0,0,0,0.0,0.0,0,LOW
XYZ20T102545,2026-07-19,24203.7,78.11,84.74,0.047,51.25,44.53,0,0,0,0.0,0.0,0,LOW
XYZ20T102555,2026-07-19,11192.2,86.96,93.77,-0.204,73.65,37.2,0,0,0,0.0,0.0,0,LOW
XYZ20T102557,2026-07-19,22255.3,79.28,83.38,-0.377,46.33,26.12,0,0,0,0.0,0.0,0,LOW
XYZ20T102561,2026-07-19,4568.6,89.82,96.09,0.406,53.18,45.02,0,0,0,0.0194,1.9,0,LOW
XYZ20T102562,2026-07-19,322.4,78.31,81.86,-0.091,43.47,36.28,0,0,0,0.0,0.0,0,LOW
XYZ20T102568,2026-07-19,17571.7,86.44,98.01,0.817,57.03,30.27,1,0,1,0.179,17.9,0,LOW
XYZ20T102572,2026-07-19,8554.7,77.46,82.45,0.183,67.46,28.36,0,0,0,0.0,0.0,0,LOW
XYZ20T102578,2026-07-19,3678.8,79.55,84.96,-0.153,30.44,43.72,0,0,0,0.0,0.0,0,LOW
XYZ20T102582,2026-07-19,11904.7,77.7,81.13,-0.361,65.8,30.33,1,0,0,0.0133,1.3,0,LOW
XYZ20T102587,2026-07-19,1450.4,86.81,90.66,-0.009,60.98,32.49,0,0,0,0.0,0.0,0,LOW
XYZ20T102591,2026-07-19,17906.2,83.26,87.05,-0.009,53.65,28.99,0,0,0,0.0,0.0,0,LOW
XYZ20T102597,2026-07-19,6685.1,80.93,85.84,-0.224,59.94,36.39,0,0,0,0.0,0.0,0,LOW
XYZ20T102600,2026-07-19,1025.8,78.4,84.2,0.128,73.84,31.2,0,0,0,0.0,0.0,0,LOW
XYZ20T102605,2026-07-19,23192.3,79.23,85.12,-0.79,55.95,33.07,0,0,0,0.0,0.0,0,LOW
XYZ20T102622,2026-07-19,1127.5,81.77,86.48,0.065,68.39,30.56,0,0,0,0.0,0.0,0,LOW
XYZ20T102626,2026-07-19,15322.7,87.05,90.53,-0.066,51.95,41.02,0,0,0,0.0,0.0,0,LOW
XYZ20T102629,2026-07-19,11315.6,78.79,84.64,-0.282,43.05,33.99,0,0,0,0.0,0.0,0,LOW
XYZ20T102634,2026-07-19,17768.2,86.44,91.51,-0.307,64.06,40.8,0,0,0,0.0,0.0,0,LOW
XYZ20T102639,2026-07-19,17154.1,79.68,83.79,-0.216,61.44,36.66,0,0,0,0.0,0.0,0,LOW
XYZ20T102640,2026-07-19,5850.4,85.11,91.5,-0.023,49.05,32.37,0,0,0,0.0,0.0,0,LOW
XYZ20T102642,2026-07-19,17067.6,76.72,79.78,0.06,55.11,28.16,0,0,0,0.0,0.0,0,LOW
XYZ20T102643,2026-07-19,13587.2,90.43,98.86,0.726,72.0,37.38,0,0,0,0.327,32.7,1,MODERATE
XYZ20T102649,2026-07-19,16155.5,84.92,88.88,-0.158,50.19,30.25,0,0,0,0.0,0.0,0,LOW
XYZ20T102652,2026-07-19,10904.9,91.86,102.57,1.823,68.33,33.54,0,1,0,0.9559,95.6,1,CRITICAL
XYZ20T102669,2026-07-19,9782.7,81.75,88.01,-0.433,54.85,31.0,0,0,0,0.0,0.0,0,LOW
XYZ20T102674,2026-07-19,5704.0,82.34,87.16,-1.17,53.99,41.9,0,0,0,0.0,0.0,0,LOW
XYZ20T102675,2026-07-19,3998.3,85.11,90.66,0.074,55.95,20.0,0,0,0,0.0,0.0,0,LOW
XYZ20T102688,2026-07-19,23325.0,81.83,85.72,-0.275,83.87,27.04,0,0,0,0.0166,1.7,0,LOW
XYZ20T102691,2026-07-19,3449.8,79.9,83.48,0.345,60.37,26.78,0,0,0,0.0,0.0,0,LOW
XYZ20T102694,2026-07-19,10222.1,84.52,89.98,1.131,47.46,27.02,0,0,0,0.046,4.6,0,LOW
XYZ20T102695,2026-07-19,2837.0,82.49,89.32,-0.0,42.23,38.48,0,0,0,0.0,0.0,0,LOW
XYZ20T102696,2026-07-19,10350.6,79.17,85.13,-0.104,31.24,41.02,0,0,0,0.0,0.0,0,LOW
XYZ20T102701,2026-07-19,9236.6,89.31,93.98,0.112,64.35,39.88,0,0,0,0.0,0.0,0,LOW
XYZ20T102703,2026-07-19,18597.6,95.45,103.28,1.167,52.87,41.41,0,1,0,0.8856,88.6,1,CRITICAL
XYZ20T102704,2026-07-19,9232.3,82.07,88.2,0.3,41.97,26.39,0,0,0,0.0,0.0,0,LOW
XYZ20T102706,2026-07-19,13218.7,81.45,87.81,-0.207,83.94,29.46,0,0,0,0.0,0.0,0,LOW
XYZ20T102709,2026-07-19,601.6,84.79,87.86,-0.193,65.89,29.14,0,0,0,0.0,0.0,0,LOW
XYZ20T102713,2026-07-19,21959.5,81.31,86.09,0.098,68.99,39.13,0,0,0,0.0,0.0,0,LOW
XYZ20T102714,2026-07-19,4453.6,85.94,92.82,-0.464,79.75,39.58,0,0,0,0.0,0.0,0,LOW
XYZ20T102716,2026-07-19,17591.2,84.15,88.63,0.348,69.99,30.19,0,0,0,0.0,0.0,0,LOW
XYZ20T102719,2026-07-19,13367.7,89.59,96.03,0.12,72.55,35.69,0,0,0,0.0066,0.7,0,LOW
XYZ20T102730,2026-07-19,10376.8,84.16,89.88,-0.227,52.2,31.73,0,0,0,0.0033,0.3,0,LOW
XYZ20T102734,2026-07-19,968.1,85.67,91.83,0.063,66.4,37.74,0,0,0,0.0,0.0,0,LOW
XYZ20T102735,2026-07-19,10472.3,86.84,91.84,-1.798,68.99,36.64,0,0,0,0.0,0.0,0,LOW
XYZ20T102745,2026-07-19,20147.0,81.74,88.66,-0.127,76.54,31.87,0,0,0,0.0,0.0,0,LOW
XYZ20T102761,2026-07-19,18405.3,80.65,86.2,-0.101,73.18,31.59,0,0,0,0.0,0.0,0,LOW
XYZ20T102763,2026-07-19,16083.1,85.43,88.75,-0.193,49.57,37.02,0,0,0,0.0,0.0,0,LOW
XYZ20T102764,2026-07-19,17006.2,86.67,92.96,0.201,60.69,42.37,1,0,0,0.0099,1.0,0,LOW
XYZ20T102770,2026-07-19,11835.2,81.06,87.4,-0.871,34.42,21.25,0,0,0,0.0,0.0,0,LOW
XYZ20T102772,2026-07-19,1702.5,81.74,85.76,-0.07,64.63,41.5,0,0,0,0.0,0.0,0,LOW
XYZ20T102784,2026-07-19,11365.5,78.96,83.62,0.345,56.65,28.47,0,0,0,0.0,0.0,0,LOW
XYZ20T102790,2026-07-19,23146.3,83.67,86.75,0.218,67.72,37.89,0,0,0,0.0,0.0,0,LOW
XYZ20T102791,2026-07-19,6744.4,79.43,85.33,-0.691,49.45,25.61,0,0,0,0.0,0.0,0,LOW
XYZ20T102798,2026-07-19,9785.8,89.74,92.83,-2.176,73.35,34.25,0,0,0,0.0,0.0,0,LOW
XYZ20T102805,2026-07-19,8445.2,80.09,84.99,-0.421,64.78,34.8,0,0,0,0.0,0.0,0,LOW
XYZ20T102806,2026-07-19,16311.0,82.36,88.73,0.217,64.19,32.51,0,0,0,0.0,0.0,0,LOW
XYZ20T102814,2026-07-19,3637.2,86.11,90.92,0.765,65.87,36.93,0,0,0,0.0,0.0,0,LOW
XYZ20T102815,2026-07-19,16664.3,85.82,91.62,-1.565,50.37,25.09,0,0,0,0.0,0.0,0,LOW
XYZ20T102820,2026-07-19,2825.8,83.7,90.37,0.173,45.45,33.28,0,0,0,0.0,0.0,0,LOW
XYZ20T102825,2026-07-19,13944.2,88.21,96.07,1.485,68.38,33.76,0,0,0,0.5848,58.5,1,HIGH
XYZ20T102833,2026-07-19,14453.3,91.41,99.52,1.686,58.98,30.85,0,0,1,0.8854,88.5,1,CRITICAL
XYZ20T102834,2026-07-19,505.6,91.43,98.01,0.953,70.26,36.9,0,0,0,0.4406,44.1,1,MODERATE
XYZ20T102841,2026-07-19,2133.0,86.74,91.24,0.609,58.75,36.26,0,0,0,0.0067,0.7,0,LOW
XYZ20T102845,2026-07-19,14227.3,86.33,90.17,0.309,67.85,42.11,0,0,0,0.0,0.0,0,LOW
XYZ20T102855,2026-07-19,1695.5,86.6,90.0,-0.269,71.3,34.14,0,0,0,0.0,0.0,0,LOW
XYZ20T102856,2026-07-19,2601.9,80.73,84.79,-0.251,70.91,25.36,0,0,0,0.0,0.0,0,LOW
XYZ20T102885,2026-07-19,8134.0,82.3,86.71,-0.085,65.46,38.45,0,0,0,0.0,0.0,0,LOW
XYZ20T102891,2026-07-19,7800.6,81.31,84.9,-0.255,50.44,39.1,0,0,0,0.0,0.0,0,LOW
XYZ20T102896,2026-07-19,935.7,91.46,98.38,1.776,74.03,35.08,1,0,1,0.8721,87.2,1,CRITICAL
XYZ20T102903,2026-07-19,1510.2,83.96,90.13,0.369,56.85,42.88,0,0,0,0.0,0.0,0,LOW
XYZ20T102904,2026-07-19,4133.1,77.74,83.18,-0.146,77.63,34.73,0,0,0,0.0,0.0,0,LOW
XYZ20T102907,2026-07-19,4125.3,87.4,93.57,0.157,82.15,29.42,0,0,0,0.0,0.0,0,LOW
XYZ20T102910,2026-07-19,5643.1,85.74,91.72,0.068,60.87,37.76,0,0,0,0.0,0.0,0,LOW
XYZ20T102912,2026-07-19,3843.2,88.57,92.48,0.203,57.1,30.59,0,0,0,0.0,0.0,0,LOW
XYZ20T102919,2026-07-19,10846.3,84.36,89.42,0.099,72.28,46.7,0,0,0,0.0,0.0,0,LOW
XYZ20T102924,2026-07-19,13209.9,85.39,90.95,-0.518,65.43,29.97,0,0,0,0.0,0.0,0,LOW
XYZ20T102929,2026-07-19,7870.2,75.34,80.72,-0.392,42.7,26.72,0,0,0,0.0,0.0,0,LOW
XYZ20T102933,2026-07-19,7974.1,86.54,93.9,0.22,70.56,29.72,0,0,0,0.0,0.0,0,LOW
XYZ20T102934,2026-07-19,5285.5,82.88,87.86,-0.12,68.81,36.9,0,0,0,0.0,0.0,0,LOW
XYZ20T102941,2026-07-19,2459.7,82.74,85.81,0.05,65.62,30.76,0,0,0,0.0,0.0,0,LOW
XYZ20T102944,2026-07-19,5919.5,81.58,85.05,-0.472,35.64,39.4,0,0,0,0.0,0.0,0,LOW
XYZ20T102950,2026-07-19,12083.7,82.43,87.73,0.237,55.48,45.64,0,0,0,0.0,0.0,0,LOW
XYZ20T102956,2026-07-19,12921.6,88.65,94.15,0.739,73.72,39.65,0,0,0,0.0483,4.8,0,LOW
XYZ20T102960,2026-07-19,4004.5,80.61,84.15,-0.26,51.54,21.46,0,0,0,0.0,0.0,0,LOW
XYZ20T102963,2026-07-19,15714.8,80.25,87.06,0.094,53.51,27.32,0,0,0,0.0,0.0,0,LOW
XYZ20T102974,2026-07-19,16344.7,85.73,90.83,0.03,40.32,29.64,0,0,0,0.0,0.0,0,LOW
XYZ20T102998,2026-07-19,1873.4,79.9,84.32,-0.426,54.47,37.71,0,0,0,0.0,0.0,0,LOW
XYZ20T102999,2026-07-19,6587.6,85.1,88.87,0.175,86.07,34.88,0,0,0,0.0,0.0,0,LOW
XYZ20T103000,2026-07-19,1238.1,83.95,89.49,-0.278,44.25,40.21,0,0,0,0.0,0.0,0,LOW
XYZ20T103005,2026-07-19,1865.2,87.19,93.1,-0.199,68.17,27.73,0,0,0,0.0132,1.3,0,LOW
XYZ20T103006,2026-07-19,2517.4,81.78,86.15,-0.038,72.69,29.54,1,0,0,0.0033,0.3,0,LOW
XYZ20T103009,2026-07-19,1523.2,90.44,95.2,0.417,59.93,34.19,0,0,0,0.0,0.0,0,LOW
XYZ20T103011,2026-07-19,3754.6,80.23,86.22,0.088,34.87,39.79,0,0,0,0.0033,0.3,0,LOW
XYZ20T103017,2026-07-19,8109.0,85.68,90.8,-0.091,40.87,36.74,0,0,0,0.0,0.0,0,LOW
XYZ20T103019,2026-07-19,19333.7,80.03,85.07,0.606,52.79,35.65,0,0,0,0.0,0.0,0,LOW
XYZ20T103021,2026-07-19,11365.5,81.36,86.74,0.536,43.74,29.86,0,0,0,0.0,0.0,0,LOW
XYZ20T103031,2026-07-19,6421.4,81.11,87.87,-1.048,47.58,39.01,0,0,0,0.0,0.0,0,LOW
XYZ20T103039,2026-07-19,19119.4,85.15,90.93,-0.017,67.15,31.28,0,0,0,0.0,0.0,0,LOW
XYZ20T103046,2026-07-19,7139.4,78.11,83.22,-0.413,42.55,33.53,0,0,0,0.0,0.0,0,LOW
XYZ20T103050,2026-07-19,1437.8,86.37,92.67,0.764,63.73,48.0,0,0,0,0.0191,1.9,0,LOW
XYZ20T103052,2026-07-19,14756.5,77.65,81.89,-0.127,55.59,30.58,0,0,0,0.0,0.0,0,LOW
XYZ20T103056,2026-07-19,3797.3,83.56,87.78,-0.487,59.84,37.74,0,0,0,0.0,0.0,0,LOW
XYZ20T103059,2026-07-19,15309.1,88.11,91.11,-0.025,68.57,31.82,0,0,0,0.0,0.0,0,LOW
XYZ20T103061,2026-07-19,7203.2,78.58,82.17,-2.407,68.99,34.35,0,0,0,0.0,0.0,0,LOW
XYZ20T103065,2026-07-19,11417.2,88.65,93.03,-0.167,59.56,32.08,0,0,0,0.0,0.0,0,LOW
XYZ20T103073,2026-07-19,6881.1,79.45,86.38,-0.181,60.86,37.32,0,0,0,0.0,0.0,0,LOW
XYZ20T103077,2026-07-19,13352.0,79.41,84.24,-0.277,38.88,30.66,0,0,0,0.0,0.0,0,LOW
XYZ20T103080,2026-07-19,4565.5,78.5,85.04,0.005,49.54,31.97,0,0,0,0.0,0.0,0,LOW
XYZ20T103081,2026-07-19,14305.4,81.7,88.5,-0.285,61.33,39.33,0,0,0,0.0,0.0,0,LOW
XYZ20T103084,2026-07-19,24947.3,82.75,86.38,-0.288,75.96,37.61,0,0,0,0.0,0.0,0,LOW
XYZ20T103090,2026-07-19,4912.6,87.08,91.1,-0.126,83.11,37.23,0,0,0,0.0,0.0,0,LOW
XYZ20T103091,2026-07-19,11018.1,77.46,83.81,-0.007,51.62,35.03,0,0,0,0.0,0.0,0,LOW
XYZ20T103092,2026-07-19,13222.7,81.86,86.41,0.014,79.78,33.91,0,0,0,0.0,0.0,0,LOW
XYZ20T103101,2026-07-19,22639.3,86.36,93.58,0.691,46.55,38.13,0,0,0,0.068,6.8,0,LOW
XYZ20T103103,2026-07-19,962.8,85.0,90.54,-1.423,76.23,35.8,0,0,0,0.0,0.0,0,LOW
XYZ20T103112,2026-07-19,12553.1,81.3,85.05,-0.542,62.91,33.53,0,0,0,0.0,0.0,0,LOW
XYZ20T103115,2026-07-19,5136.3,85.66,92.12,0.795,55.21,31.87,0,0,0,0.0816,8.2,0,LOW
XYZ20T103116,2026-07-19,17257.2,92.94,101.53,1.36,82.55,40.88,0,1,0,0.8197,82.0,1,CRITICAL
XYZ20T103122,2026-07-19,3041.6,90.47,102.84,1.201,65.59,36.04,0,1,0,0.9044,90.4,1,CRITICAL
XYZ20T103123,2026-07-19,5978.0,81.61,86.04,-2.207,39.09,40.93,0,0,0,0.0,0.0,0,LOW
XYZ20T103140,2026-07-19,12617.9,82.03,85.84,-0.198,61.83,29.29,0,0,0,0.0,0.0,0,LOW
XYZ20T103159,2026-07-19,3300.2,84.03,87.37,0.296,70.97,33.37,0,0,0,0.0,0.0,0,LOW
XYZ20T103161,2026-07-19,5045.1,86.44,91.77,-0.108,69.3,28.52,0,0,0,0.0,0.0,0,LOW
XYZ20T103165,2026-07-19,13063.1,82.56,88.64,-1.71,58.31,42.49,0,0,0,0.0,0.0,0,LOW
XYZ20T103166,2026-07-19,4694.0,82.63,88.81,0.218,44.45,41.38,0,0,0,0.0,0.0,0,LOW
XYZ20T103168,2026-07-19,13199.1,84.15,88.49,0.223,56.92,37.83,0,0,0,0.0,0.0,0,LOW
XYZ20T103169,2026-07-19,4648.9,81.48,86.17,-0.114,51.75,40.75,0,0,0,0.0,0.0,0,LOW
XYZ20T103189,2026-07-19,13752.3,83.42,89.57,-0.105,69.85,33.69,0,0,0,0.0,0.0,0,LOW
XYZ20T103192,2026-07-19,14156.6,85.91,89.13,0.021,66.29,41.96,0,0,0,0.0,0.0,0,LOW
XYZ20T103197,2026-07-19,12418.4,80.98,84.61,-0.462,68.13,31.74,0,0,0,0.0,0.0,0,LOW
XYZ20T100001,2026-07-20,15312.5,85.55,90.25,-0.015,63.71,38.65,0,0,0,0.0,0.0,0,LOW
XYZ20T100015,2026-07-20,9003.9,83.31,89.44,0.087,65.78,42.58,0,0,0,0.0,0.0,0,LOW
XYZ20T100025,2026-07-20,2796.1,75.54,81.01,-0.554,44.71,35.44,0,0,0,0.0,0.0,0,LOW
XYZ20T100032,2026-07-20,11035.4,81.19,87.82,-0.42,41.54,28.27,0,0,0,0.0,0.0,0,LOW
XYZ20T100034,2026-07-20,7037.4,87.63,94.27,0.372,64.75,40.28,0,0,0,0.0,0.0,0,LOW
XYZ20T100046,2026-07-20,4801.5,86.38,92.67,0.113,61.47,38.01,0,0,0,0.0,0.0,0,LOW
XYZ20T100047,2026-07-20,2849.0,84.69,91.04,-0.283,40.51,30.14,0,0,0,0.0,0.0,0,LOW
XYZ20T100053,2026-07-20,12984.9,81.52,85.96,-0.389,69.77,29.01,0,0,0,0.0,0.0,0,LOW
XYZ20T100054,2026-07-20,13680.1,78.42,83.24,-0.42,73.44,36.65,0,0,0,0.0,0.0,0,LOW
XYZ20T100056,2026-07-20,15393.8,83.97,90.89,-0.233,50.98,30.51,0,0,0,0.0,0.0,0,LOW
XYZ20T100066,2026-07-20,10038.6,79.48,84.73,0.491,73.38,34.69,0,0,0,0.0,0.0,0,LOW
XYZ20T100070,2026-07-20,12431.4,79.99,83.71,-0.13,55.98,36.14,0,0,0,0.0,0.0,0,LOW
XYZ20T100076,2026-07-20,4596.9,77.32,82.69,0.044,46.42,30.25,0,0,0,0.0,0.0,0,LOW
XYZ20T100083,2026-07-20,8293.3,80.75,84.29,0.354,39.7,28.79,0,0,0,0.0,0.0,0,LOW
XYZ20T100091,2026-07-20,12912.9,78.02,82.71,-0.198,54.94,37.86,0,0,0,0.0,0.0,0,LOW
XYZ20T100096,2026-07-20,2011.4,77.99,82.17,-0.265,52.27,29.51,0,0,0,0.0,0.0,0,LOW
XYZ20T100105,2026-07-20,8022.3,82.59,87.51,0.164,61.89,35.83,0,0,0,0.0,0.0,0,LOW
XYZ20T100110,2026-07-20,7715.9,84.73,91.42,1.283,46.99,31.98,0,0,0,0.0396,4.0,0,LOW
XYZ20T100112,2026-07-20,14456.4,82.91,89.41,-0.12,50.69,32.88,0,0,0,0.0,0.0,0,LOW
XYZ20T100128,2026-07-20,13622.0,81.1,86.12,0.287,52.37,34.89,0,0,0,0.0,0.0,0,LOW
XYZ20T100138,2026-07-20,9680.1,85.62,90.21,0.278,67.61,37.66,0,0,0,0.0,0.0,0,LOW
XYZ20T100143,2026-07-20,3725.7,87.46,94.34,0.106,66.94,34.6,0,0,0,0.0,0.0,0,LOW
XYZ20T100145,2026-07-20,9306.5,80.35,87.21,-0.071,65.38,29.38,0,0,0,0.0,0.0,0,LOW
XYZ20T100148,2026-07-20,3713.8,88.96,95.46,0.049,78.81,34.25,0,0,0,0.0,0.0,0,LOW
XYZ20T100153,2026-07-20,14582.7,79.15,85.59,-0.344,49.76,39.74,0,0,0,0.0,0.0,0,LOW
XYZ20T100156,2026-07-20,4759.0,86.55,93.25,0.071,65.54,35.46,0,0,0,0.0,0.0,0,LOW
XYZ20T100166,2026-07-20,2889.7,75.09,80.44,-0.48,49.95,24.5,0,0,0,0.0,0.0,0,LOW
XYZ20T100174,2026-07-20,23538.6,82.26,88.75,0.288,67.13,21.83,0,0,0,0.0,0.0,0,LOW
XYZ20T100177,2026-07-20,1182.8,83.55,87.23,-0.09,66.98,40.93,0,0,0,0.0,0.0,0,LOW
XYZ20T100178,2026-07-20,20694.2,85.42,91.76,0.049,70.58,36.07,0,0,0,0.0,0.0,0,LOW
XYZ20T100179,2026-07-20,1363.9,84.55,88.62,-0.844,48.02,35.72,0,0,0,0.0,0.0,0,LOW
XYZ20T100181,2026-07-20,19318.8,87.54,91.09,0.133,85.14,36.5,0,0,0,0.0,0.0,0,LOW
XYZ20T100182,2026-07-20,18626.7,86.96,93.0,0.428,67.89,33.29,0,0,0,0.0,0.0,0,LOW
XYZ20T100187,2026-07-20,14975.5,82.64,87.45,0.331,71.09,29.41,0,0,0,0.0,0.0,0,LOW
XYZ20T100188,2026-07-20,16427.8,81.86,85.17,-0.198,74.72,33.64,0,0,0,0.0,0.0,0,LOW
XYZ20T100192,2026-07-20,21474.0,89.78,95.86,0.259,85.4,34.21,0,0,0,0.0,0.0,0,LOW
XYZ20T100196,2026-07-20,3826.1,80.45,83.66,0.523,54.26,34.79,0,0,0,0.0,0.0,0,LOW
XYZ20T100198,2026-07-20,1870.7,79.99,86.52,-0.058,64.5,33.43,0,0,0,0.0,0.0,0,LOW
XYZ20T100200,2026-07-20,4132.2,82.8,87.25,0.277,48.5,29.67,0,0,0,0.0,0.0,0,LOW
XYZ20T100207,2026-07-20,6899.9,76.31,81.16,-0.066,56.15,38.4,0,0,0,0.0,0.0,0,LOW
XYZ20T100215,2026-07-20,7301.5,83.97,87.24,0.037,51.71,43.03,0,0,0,0.0,0.0,0,LOW
XYZ20T100243,2026-07-20,8591.3,77.16,82.13,-0.143,67.87,30.18,0,0,0,0.0,0.0,0,LOW
XYZ20T100244,2026-07-20,3380.3,81.09,86.67,-0.023,63.18,31.64,0,0,0,0.0,0.0,0,LOW
XYZ20T100250,2026-07-20,7136.7,79.56,85.79,-0.202,84.0,35.11,0,0,0,0.0,0.0,0,LOW
XYZ20T100255,2026-07-20,4750.6,82.66,89.06,-0.032,62.09,33.48,0,0,0,0.0,0.0,0,LOW
XYZ20T100258,2026-07-20,9478.4,81.16,86.72,-0.395,66.54,32.87,0,0,0,0.0,0.0,0,LOW
XYZ20T100260,2026-07-20,15809.2,85.54,90.04,0.071,70.23,23.16,0,0,0,0.0,0.0,0,LOW
XYZ20T100261,2026-07-20,16369.2,81.92,86.44,-0.317,62.76,29.27,0,0,0,0.0,0.0,0,LOW
XYZ20T100270,2026-07-20,6079.7,83.65,87.29,-0.063,65.8,30.9,0,0,0,0.0,0.0,0,LOW
XYZ20T100274,2026-07-20,7496.4,79.5,84.18,-0.2,54.26,37.38,0,0,0,0.0,0.0,0,LOW
XYZ20T100293,2026-07-20,4523.6,81.24,84.41,0.277,63.28,36.93,0,0,0,0.0,0.0,0,LOW
XYZ20T100295,2026-07-20,805.8,81.53,88.3,0.056,88.22,20.0,0,0,0,0.0,0.0,0,LOW
XYZ20T100299,2026-07-20,19894.4,87.87,91.13,-0.731,73.78,38.35,0,0,0,0.0,0.0,0,LOW
XYZ20T100301,2026-07-20,18758.3,78.72,84.54,-0.278,48.26,35.12,0,0,0,0.0,0.0,0,LOW
XYZ20T100303,2026-07-20,24934.9,78.79,82.59,-0.0,53.38,23.97,0,0,0,0.0,0.0,0,LOW
XYZ20T100304,2026-07-20,11042.5,86.0,92.64,0.204,73.55,27.76,0,0,0,0.0,0.0,0,LOW
XYZ20T100306,2026-07-20,12506.0,87.57,93.64,0.056,82.47,33.43,0,0,0,0.0,0.0,0,LOW
XYZ20T100320,2026-07-20,812.0,80.01,85.65,0.141,48.17,31.7,0,0,0,0.0,0.0,0,LOW
XYZ20T100324,2026-07-20,13006.3,86.71,92.3,-0.077,75.25,35.01,0,0,0,0.0,0.0,0,LOW
XYZ20T100327,2026-07-20,1699.9,76.96,84.14,-0.261,25.0,36.9,0,0,0,0.0,0.0,0,LOW
XYZ20T100328,2026-07-20,17281.7,85.8,91.96,-0.073,64.94,35.46,0,0,0,0.0,0.0,0,LOW
XYZ20T100329,2026-07-20,3377.2,82.98,89.87,0.038,67.74,28.2,0,0,0,0.0,0.0,0,LOW
XYZ20T100331,2026-07-20,24888.3,83.74,87.81,-0.118,61.16,34.53,0,0,0,0.0,0.0,0,LOW
XYZ20T100332,2026-07-20,24914.1,86.21,92.01,0.626,75.93,35.45,0,0,0,0.0065,0.7,0,LOW
XYZ20T100338,2026-07-20,6534.1,76.38,80.59,-0.222,42.61,31.42,0,0,0,0.0,0.0,0,LOW
XYZ20T100339,2026-07-20,2957.6,85.83,91.85,-0.174,64.42,39.67,0,0,0,0.0,0.0,0,LOW
XYZ20T100350,2026-07-20,10901.2,83.24,87.29,-0.587,81.5,26.48,0,0,0,0.0,0.0,0,LOW
XYZ20T100361,2026-07-20,17456.5,80.65,87.42,-0.153,53.29,23.4,0,0,0,0.0,0.0,0,LOW
XYZ20T100371,2026-07-20,10149.0,91.56,101.21,0.863,58.21,32.28,0,1,0,0.3629,36.3,1,MODERATE
XYZ20T100373,2026-07-20,13727.4,85.79,91.4,0.826,58.16,44.35,0,0,0,0.0065,0.6,0,LOW
XYZ20T100377,2026-07-20,12314.5,83.07,87.34,-0.607,66.4,29.79,0,0,0,0.0,0.0,0,LOW
XYZ20T100379,2026-07-20,8495.2,80.14,83.83,-0.667,67.68,33.05,0,0,0,0.0,0.0,0,LOW
XYZ20T100380,2026-07-20,7546.6,80.91,83.97,0.025,50.83,42.15,0,0,0,0.0,0.0,0,LOW
XYZ20T100382,2026-07-20,12271.7,93.93,102.59,1.15,82.75,34.59,1,1,0,0.7497,75.0,1,HIGH
XYZ20T100392,2026-07-20,15086.4,89.0,96.41,0.191,58.3,27.18,0,1,0,0.0131,1.3,0,LOW
XYZ20T100399,2026-07-20,4691.8,80.29,84.67,-0.12,68.18,31.09,0,0,0,0.0,0.0,0,LOW
XYZ20T100401,2026-07-20,10737.6,97.39,106.78,1.073,73.63,30.94,0,1,0,0.6113,61.1,1,HIGH
XYZ20T100412,2026-07-20,2014.2,82.27,90.5,1.112,34.65,36.83,0,0,0,0.0265,2.7,0,LOW
XYZ20T100416,2026-07-20,2925.3,79.71,84.78,0.369,59.05,40.05,0,0,0,0.0,0.0,0,LOW
XYZ20T100418,2026-07-20,7485.8,90.23,98.65,1.671,66.71,31.29,0,0,1,0.9448,94.5,1,CRITICAL
XYZ20T100419,2026-07-20,7506.7,99.92,109.7,1.702,68.61,36.14,0,0,1,0.7744,77.4,1,CRITICAL
XYZ20T100424,2026-07-20,16349.7,80.41,85.33,0.116,76.99,24.78,0,0,0,0.0,0.0,0,LOW
XYZ20T100427,2026-07-20,1707.3,85.78,90.03,0.034,54.01,27.69,0,0,0,0.0,0.0,0,LOW
XYZ20T100430,2026-07-20,13578.9,82.31,86.66,0.365,63.07,39.95,0,0,0,0.0,0.0,0,LOW
XYZ20T100432,2026-07-20,699.5,86.26,91.58,-0.115,62.58,30.67,0,0,0,0.0,0.0,0,LOW
XYZ20T100436,2026-07-20,3835.6,94.19,101.95,1.668,50.33,48.0,0,0,0,0.3776,37.8,1,MODERATE
XYZ20T100440,2026-07-20,15410.7,79.89,86.83,-0.103,64.0,33.08,0,0,0,0.0,0.0,0,LOW
XYZ20T100447,2026-07-20,7019.3,86.26,91.13,-0.383,58.64,29.81,0,0,0,0.0,0.0,0,LOW
XYZ20T100449,2026-07-20,12499.1,82.55,89.25,0.348,57.76,36.98,0,0,0,0.0,0.0,0,LOW
XYZ20T100450,2026-07-20,6570.5,83.66,90.23,-0.241,65.43,39.9,0,0,0,0.0,0.0,0,LOW
XYZ20T100452,2026-07-20,10003.5,97.59,105.25,1.305,58.81,35.91,0,0,1,0.8926,89.3,1,CRITICAL
XYZ20T100457,2026-07-20,4955.6,78.92,85.57,0.29,64.58,36.8,0,0,0,0.0,0.0,0,LOW
XYZ20T100458,2026-07-20,4116.2,79.76,85.19,0.081,58.16,38.63,0,0,0,0.0,0.0,0,LOW
XYZ20T100462,2026-07-20,4258.5,86.01,92.57,-0.388,58.59,35.42,0,0,0,0.0,0.0,0,LOW
XYZ20T100468,2026-07-20,7038.5,85.8,90.73,-0.349,43.64,33.45,0,0,0,0.0,0.0,0,LOW
XYZ20T100469,2026-07-20,8288.8,82.6,86.69,0.474,65.45,29.32,0,0,0,0.0,0.0,0,LOW
XYZ20T100475,2026-07-20,14602.7,89.51,94.68,0.083,38.66,34.94,0,0,0,0.0033,0.3,0,LOW
XYZ20T100477,2026-07-20,5582.9,79.79,83.21,0.055,57.97,33.21,0,0,0,0.0,0.0,0,LOW
XYZ20T100483,2026-07-20,22505.3,84.15,87.51,0.385,51.92,32.13,0,0,0,0.0,0.0,0,LOW
XYZ20T100491,2026-07-20,8875.5,78.85,84.0,0.184,59.01,37.83,0,0,0,0.0,0.0,0,LOW
XYZ20T100498,2026-07-20,24932.0,86.91,90.69,0.25,54.91,29.08,0,0,0,0.0,0.0,0,LOW
XYZ20T100499,2026-07-20,15770.2,76.79,80.92,-0.575,44.69,31.03,0,0,0,0.0,0.0,0,LOW
XYZ20T100500,2026-07-20,1456.4,83.74,90.73,-1.634,43.99,36.61,0,0,0,0.0,0.0,0,LOW
XYZ20T100503,2026-07-20,11180.2,80.52,87.09,-1.379,62.82,35.14,0,0,0,0.0,0.0,0,LOW
XYZ20T100507,2026-07-20,5532.9,83.3,89.49,0.399,65.0,37.02,0,0,0,0.0,0.0,0,LOW
XYZ20T100517,2026-07-20,7927.7,81.8,85.23,-0.251,52.45,37.49,0,0,0,0.0,0.0,0,LOW
XYZ20T100528,2026-07-20,15090.5,83.0,87.07,0.227,75.15,37.85,0,0,0,0.0,0.0,0,LOW
XYZ20T100529,2026-07-20,16294.7,82.92,89.06,0.072,73.76,20.7,0,0,0,0.0,0.0,0,LOW
XYZ20T100533,2026-07-20,1910.2,85.36,91.62,0.019,67.52,33.37,0,0,0,0.0,0.0,0,LOW
XYZ20T100537,2026-07-20,23198.8,81.91,89.0,1.034,55.23,30.11,0,0,0,0.0199,2.0,0,LOW
XYZ20T100541,2026-07-20,13040.6,79.87,85.91,0.248,78.66,37.86,0,0,0,0.0,0.0,0,LOW
XYZ20T100551,2026-07-20,12995.7,76.22,83.19,-0.128,54.29,29.63,0,0,0,0.0,0.0,0,LOW
XYZ20T100552,2026-07-20,3431.3,79.28,85.04,-0.385,66.82,29.8,0,0,0,0.0,0.0,0,LOW
XYZ20T100556,2026-07-20,11075.6,80.43,84.85,0.003,81.86,29.34,0,0,0,0.0,0.0,0,LOW
XYZ20T100557,2026-07-20,8850.1,88.82,95.11,-1.086,63.53,38.22,0,0,0,0.0,0.0,0,LOW
XYZ20T100560,2026-07-20,792.5,78.15,84.13,-0.08,54.45,35.82,0,0,0,0.0,0.0,0,LOW
XYZ20T100569,2026-07-20,9658.9,81.15,86.15,0.067,62.2,36.64,0,0,0,0.0,0.0,0,LOW
XYZ20T100573,2026-07-20,2632.8,85.01,91.1,-0.391,73.57,38.55,0,0,0,0.0,0.0,0,LOW
XYZ20T100580,2026-07-20,6966.4,86.43,91.23,0.075,72.79,30.23,0,0,0,0.0,0.0,0,LOW
XYZ20T100581,2026-07-20,11300.1,82.72,86.55,-0.128,55.17,27.7,0,0,0,0.0,0.0,0,LOW
XYZ20T100583,2026-07-20,14360.4,88.09,92.47,-0.23,60.3,35.7,0,0,0,0.0,0.0,0,LOW
XYZ20T100586,2026-07-20,11206.5,83.1,86.32,0.14,59.42,33.5,0,0,0,0.0,0.0,0,LOW
XYZ20T100591,2026-07-20,14012.8,87.33,91.0,0.087,44.99,31.72,0,0,0,0.0,0.0,0,LOW
XYZ20T100592,2026-07-20,24109.8,89.24,96.06,0.535,57.4,36.17,0,0,0,0.0522,5.2,0,LOW
XYZ20T100594,2026-07-20,12392.9,83.1,87.13,-0.433,70.0,36.69,0,0,0,0.0,0.0,0,LOW
XYZ20T100595,2026-07-20,7951.9,81.89,87.09,-0.024,36.16,29.26,0,0,0,0.0,0.0,0,LOW
XYZ20T100597,2026-07-20,2482.0,87.68,94.63,1.243,64.79,36.55,0,0,0,0.1773,17.7,0,LOW
XYZ20T100600,2026-07-20,19857.0,78.26,83.22,-0.293,59.74,31.67,0,0,0,0.0,0.0,0,LOW
XYZ20T100604,2026-07-20,4230.4,80.9,87.72,0.404,50.41,26.1,0,0,0,0.0,0.0,0,LOW
XYZ20T100610,2026-07-20,18813.2,81.47,86.44,0.128,88.65,33.0,0,0,0,0.0,0.0,0,LOW
XYZ20T100621,2026-07-20,8394.2,87.53,92.41,-2.35,59.14,30.44,0,0,0,0.0,0.0,0,LOW
XYZ20T100624,2026-07-20,5287.0,80.74,87.44,0.026,52.97,34.16,0,0,0,0.0,0.0,0,LOW
XYZ20T100625,2026-07-20,7005.3,91.86,100.32,0.829,55.52,33.48,0,0,0,0.3502,35.0,1,MODERATE
XYZ20T100630,2026-07-20,6197.9,85.58,91.1,0.232,88.86,36.26,0,0,0,0.0,0.0,0,LOW
XYZ20T100633,2026-07-20,2780.2,78.64,82.04,0.062,62.47,44.28,0,0,0,0.0,0.0,0,LOW
XYZ20T100636,2026-07-20,13042.1,84.06,89.53,0.654,79.8,43.6,0,0,0,0.0,0.0,0,LOW
XYZ20T100641,2026-07-20,14868.5,88.08,92.24,0.028,71.33,35.28,0,0,0,0.0,0.0,0,LOW
XYZ20T100643,2026-07-20,4218.9,82.99,86.88,0.039,56.02,36.3,0,0,0,0.0,0.0,0,LOW
XYZ20T100652,2026-07-20,562.9,86.55,92.15,-0.024,71.0,30.84,0,0,0,0.0,0.0,0,LOW
XYZ20T100656,2026-07-20,15880.4,82.4,88.2,0.073,51.58,29.36,0,0,0,0.0,0.0,0,LOW
XYZ20T100662,2026-07-20,17134.5,86.57,91.54,-0.51,53.0,39.92,0,0,0,0.0,0.0,0,LOW
XYZ20T100675,2026-07-20,10016.9,83.68,91.28,-0.825,47.59,34.92,0,0,0,0.0,0.0,0,LOW
XYZ20T100676,2026-07-20,18262.8,83.27,87.29,0.001,52.31,20.84,0,0,0,0.0,0.0,0,LOW
XYZ20T100684,2026-07-20,5643.5,79.02,84.34,-0.109,65.65,35.35,0,0,0,0.0,0.0,0,LOW
XYZ20T100685,2026-07-20,1606.6,80.93,84.09,-0.033,59.85,28.15,0,0,0,0.0,0.0,0,LOW
XYZ20T100704,2026-07-20,8760.0,79.13,83.72,0.306,59.22,46.43,0,0,0,0.0,0.0,0,LOW
XYZ20T100712,2026-07-20,483.2,84.69,87.71,0.146,38.91,36.38,0,0,0,0.0,0.0,0,LOW
XYZ20T100714,2026-07-20,19052.2,83.17,86.76,-0.1,48.9,35.36,0,0,0,0.0,0.0,0,LOW
XYZ20T100716,2026-07-20,6030.2,81.99,85.67,-0.061,62.2,40.26,0,0,0,0.0,0.0,0,LOW
XYZ20T100724,2026-07-20,4545.8,80.3,84.61,0.539,52.64,35.06,0,0,0,0.0,0.0,0,LOW
XYZ20T100726,2026-07-20,6318.6,82.36,86.74,0.127,44.0,34.95,0,0,0,0.0,0.0,0,LOW
XYZ20T100730,2026-07-20,5752.9,82.1,86.11,-0.199,47.6,34.45,0,0,0,0.0,0.0,0,LOW
XYZ20T100740,2026-07-20,12404.0,82.35,85.74,0.019,46.56,36.36,0,0,0,0.0,0.0,0,LOW
XYZ20T100747,2026-07-20,1614.8,82.87,89.55,-0.143,77.88,31.29,0,0,0,0.0,0.0,0,LOW
XYZ20T100759,2026-07-20,11428.7,89.2,94.26,0.266,64.74,31.92,0,0,0,0.0,0.0,0,LOW
XYZ20T100764,2026-07-20,19202.5,85.23,89.61,-0.006,43.13,38.76,0,0,0,0.0,0.0,0,LOW
XYZ20T100766,2026-07-20,19727.4,82.11,85.48,-0.404,73.6,41.85,0,0,0,0.0,0.0,0,LOW
XYZ20T100773,2026-07-20,16916.6,75.35,80.72,-0.423,65.49,32.85,0,0,0,0.0,0.0,0,LOW
XYZ20T100778,2026-07-20,851.1,81.9,86.92,0.039,45.08,34.35,0,0,0,0.0,0.0,0,LOW
XYZ20T100781,2026-07-20,15793.3,78.87,84.55,-0.372,49.57,33.26,0,0,0,0.0,0.0,0,LOW
XYZ20T100793,2026-07-20,24849.0,73.94,77.05,-0.674,25.13,32.31,0,0,0,0.0,0.0,0,LOW
XYZ20T100796,2026-07-20,9673.4,85.26,89.36,0.154,50.42,37.94,0,0,0,0.0,0.0,0,LOW
XYZ20T100809,2026-07-20,6272.1,85.13,88.23,0.199,79.78,36.22,0,0,0,0.0,0.0,0,LOW
XYZ20T100826,2026-07-20,17582.7,81.77,87.53,0.196,69.07,31.03,0,0,0,0.0,0.0,0,LOW
XYZ20T100827,2026-07-20,9919.7,85.53,91.27,-0.055,70.19,27.13,0,0,0,0.0,0.0,0,LOW
XYZ20T100829,2026-07-20,15031.3,91.94,101.34,0.529,55.82,34.52,0,1,0,0.0756,7.6,0,LOW
XYZ20T100832,2026-07-20,16742.8,80.89,85.43,-0.193,40.28,34.1,0,0,0,0.0,0.0,0,LOW
XYZ20T100833,2026-07-20,3799.3,89.68,96.24,0.689,81.11,32.66,0,0,0,0.2312,23.1,0,LOW
XYZ20T100840,2026-07-20,10981.2,87.52,94.38,-0.032,79.55,32.34,0,0,0,0.0,0.0,0,LOW
XYZ20T100844,2026-07-20,2929.2,83.94,89.04,0.13,70.71,33.54,0,0,0,0.0,0.0,0,LOW
XYZ20T100848,2026-07-20,12913.6,79.56,85.22,0.279,58.76,37.77,0,0,0,0.0,0.0,0,LOW
XYZ20T100849,2026-07-20,10592.5,79.77,83.59,0.085,61.03,31.21,0,0,0,0.0,0.0,0,LOW
XYZ20T100851,2026-07-20,22347.3,80.0,83.19,0.321,62.63,30.9,0,0,0,0.0,0.0,0,LOW
XYZ20T100856,2026-07-20,20114.4,81.89,86.68,0.13,75.5,32.1,0,0,0,0.0,0.0,0,LOW
XYZ20T100858,2026-07-20,2951.2,87.25,91.38,-0.339,72.91,31.51,0,0,0,0.0,0.0,0,LOW
XYZ20T100868,2026-07-20,21174.5,88.06,97.15,1.021,60.89,43.74,0,0,0,0.4682,46.8,1,MODERATE
XYZ20T100869,2026-07-20,4268.8,89.22,94.05,0.211,61.95,35.5,0,0,0,0.0,0.0,0,LOW
XYZ20T100871,2026-07-20,8843.6,79.37,84.2,-0.084,38.68,35.56,0,0,0,0.0,0.0,0,LOW
XYZ20T100877,2026-07-20,17839.0,84.3,87.63,-1.727,79.71,32.4,0,0,0,0.0,0.0,0,LOW
XYZ20T100879,2026-07-20,9804.3,87.01,93.53,1.085,67.35,24.43,0,0,0,0.0164,1.6,0,LOW
XYZ20T100881,2026-07-20,11844.0,85.97,91.88,-0.077,50.71,34.37,0,0,0,0.0,0.0,0,LOW
XYZ20T100884,2026-07-20,5701.9,86.99,93.51,0.42,68.99,33.98,0,0,0,0.0,0.0,0,LOW
XYZ20T100899,2026-07-20,10250.9,80.29,86.17,0.221,49.88,32.02,0,0,0,0.0,0.0,0,LOW
XYZ20T100901,2026-07-20,6471.7,88.62,97.68,1.641,93.73,37.53,1,0,0,0.4919,49.2,1,MODERATE
XYZ20T100902,2026-07-20,22394.8,77.42,83.1,0.109,47.94,37.78,0,0,0,0.0,0.0,0,LOW
XYZ20T100907,2026-07-20,14862.1,81.06,85.81,-0.222,49.29,33.5,0,0,0,0.0,0.0,0,LOW
XYZ20T100908,2026-07-20,1917.3,83.45,90.59,0.161,61.58,27.93,0,0,0,0.0,0.0,0,LOW
XYZ20T100911,2026-07-20,2906.1,87.21,91.99,0.346,72.11,31.57,0,0,0,0.0,0.0,0,LOW
XYZ20T100915,2026-07-20,7614.2,86.76,95.09,0.606,54.32,36.29,0,0,0,0.1119,11.2,0,LOW
XYZ20T100919,2026-07-20,9508.6,79.88,83.39,0.32,71.91,33.6,0,0,0,0.0,0.0,0,LOW
XYZ20T100924,2026-07-20,13711.5,85.76,90.55,0.043,75.27,33.4,0,0,0,0.0,0.0,0,LOW
XYZ20T100926,2026-07-20,18274.1,82.35,88.23,-0.069,77.59,32.3,1,0,0,0.0,0.0,0,LOW
XYZ20T100934,2026-07-20,4616.1,78.31,82.27,0.106,57.08,33.4,0,0,0,0.0,0.0,0,LOW
XYZ20T100947,2026-07-20,3888.6,91.26,97.97,1.033,64.8,25.26,0,1,0,0.1978,19.8,0,LOW
XYZ20T100976,2026-07-20,2081.7,81.08,85.18,0.022,60.51,34.92,0,0,0,0.0,0.0,0,LOW
XYZ20T100978,2026-07-20,17548.2,83.24,90.1,-0.126,51.67,38.08,0,0,0,0.0,0.0,0,LOW
XYZ20T100986,2026-07-20,5207.3,81.08,86.51,-0.556,54.4,23.03,0,0,0,0.0,0.0,0,LOW
XYZ20T100988,2026-07-20,12892.4,80.23,86.24,-0.465,68.57,33.72,0,0,0,0.0,0.0,0,LOW
XYZ20T100989,2026-07-20,4839.1,85.9,89.43,-0.751,56.18,37.09,0,0,0,0.0,0.0,0,LOW
XYZ20T100991,2026-07-20,4649.2,85.97,91.28,-0.231,57.8,32.37,0,0,0,0.0,0.0,0,LOW
XYZ20T100992,2026-07-20,3427.7,83.1,89.47,-1.025,60.23,30.41,0,0,0,0.0,0.0,0,LOW
XYZ20T100993,2026-07-20,2971.7,79.85,83.35,-0.044,63.15,28.23,0,0,0,0.0,0.0,0,LOW
XYZ20T100999,2026-07-20,5723.3,78.04,81.81,-2.114,37.31,28.31,0,0,0,0.0,0.0,0,LOW
XYZ20T101011,2026-07-20,3994.8,88.3,93.82,-0.037,73.76,36.03,0,0,0,0.0,0.0,0,LOW
XYZ20T101013,2026-07-20,8695.8,82.43,86.15,0.188,44.28,34.9,0,0,0,0.0,0.0,0,LOW
XYZ20T101017,2026-07-20,15768.0,82.78,89.55,-1.03,75.42,36.02,0,0,0,0.0,0.0,0,LOW
XYZ20T101030,2026-07-20,14438.3,86.97,94.93,1.399,41.96,30.76,1,0,0,0.2688,26.9,0,LOW
XYZ20T101041,2026-07-20,11079.5,88.4,94.94,0.157,60.17,35.28,0,0,0,0.0,0.0,0,LOW
XYZ20T101067,2026-07-20,4365.9,84.87,89.22,0.966,52.84,36.23,0,0,0,0.0164,1.6,0,LOW
XYZ20T101069,2026-07-20,20652.1,86.98,90.29,0.173,66.12,43.71,0,0,0,0.0,0.0,0,LOW
XYZ20T101070,2026-07-20,796.6,86.54,92.2,0.488,59.7,30.51,0,0,0,0.0,0.0,0,LOW
XYZ20T101080,2026-07-20,2782.5,80.28,85.79,-0.158,79.29,37.07,0,0,0,0.0,0.0,0,LOW
XYZ20T101090,2026-07-20,915.1,84.76,90.83,0.28,36.5,40.91,0,0,0,0.0,0.0,0,LOW
XYZ20T101094,2026-07-20,13401.2,82.84,88.31,0.06,62.54,41.68,0,0,0,0.0,0.0,0,LOW
XYZ20T101096,2026-07-20,2466.9,85.66,92.48,-1.532,70.0,28.0,0,0,0,0.0,0.0,0,LOW
XYZ20T101100,2026-07-20,5619.0,88.76,94.88,-0.693,57.08,34.83,0,0,0,0.0,0.0,0,LOW
XYZ20T101102,2026-07-20,24891.8,82.72,89.01,0.487,66.5,36.07,0,0,0,0.0,0.0,0,LOW
XYZ20T101107,2026-07-20,15846.8,78.76,85.53,0.096,61.87,34.29,0,0,0,0.0,0.0,0,LOW
XYZ20T101112,2026-07-20,5871.5,84.43,91.19,0.226,54.71,21.88,0,0,0,0.0,0.0,0,LOW
XYZ20T101117,2026-07-20,3091.0,84.18,88.03,-0.378,46.35,30.34,0,0,0,0.0,0.0,0,LOW
XYZ20T101120,2026-07-20,12921.6,84.35,89.44,-0.271,45.32,24.19,0,0,0,0.0,0.0,0,LOW
XYZ20T101122,2026-07-20,10746.9,82.42,87.24,-1.563,64.66,39.88,0,0,0,0.0,0.0,0,LOW
XYZ20T101132,2026-07-20,3618.9,79.91,83.35,-0.162,48.59,33.28,0,0,0,0.0,0.0,0,LOW
XYZ20T101134,2026-07-20,21185.9,90.85,97.37,0.675,54.28,31.55,0,0,0,0.2445,24.5,0,LOW
XYZ20T101142,2026-07-20,5024.6,81.88,87.27,0.103,38.12,27.11,0,0,0,0.0,0.0,0,LOW
XYZ20T101147,2026-07-20,24450.2,83.59,89.86,0.262,67.0,38.74,0,0,0,0.0,0.0,0,LOW
XYZ20T101149,2026-07-20,12470.9,77.98,83.78,-0.768,49.15,28.83,0,0,0,0.0,0.0,0,LOW
XYZ20T101150,2026-07-20,16899.3,79.5,85.66,0.164,64.91,37.94,0,0,0,0.0,0.0,0,LOW
XYZ20T101153,2026-07-20,4016.8,88.39,94.87,0.324,59.59,42.89,0,0,0,0.0,0.0,0,LOW
XYZ20T101156,2026-07-20,10560.7,79.6,82.69,-0.124,59.57,28.7,0,0,0,0.0,0.0,0,LOW
XYZ20T101158,2026-07-20,5764.6,88.76,95.23,0.193,73.32,35.17,0,0,0,0.0,0.0,0,LOW
XYZ20T101165,2026-07-20,18389.6,76.56,80.06,-0.216,59.96,30.59,0,0,0,0.0,0.0,0,LOW
XYZ20T101169,2026-07-20,11332.1,82.66,89.37,-0.069,60.79,41.41,0,0,0,0.0,0.0,0,LOW
XYZ20T101173,2026-07-20,339.4,85.91,89.85,-0.004,69.13,34.54,0,0,0,0.0,0.0,0,LOW
XYZ20T101175,2026-07-20,4960.2,86.65,91.48,-0.381,75.07,32.93,0,0,0,0.0,0.0,0,LOW
XYZ20T101192,2026-07-20,5492.1,86.04,91.43,0.022,64.2,32.52,0,0,0,0.0,0.0,0,LOW
XYZ20T101205,2026-07-20,8657.6,79.25,82.7,-0.05,64.57,34.27,0,0,0,0.0,0.0,0,LOW
XYZ20T101208,2026-07-20,10460.2,81.89,88.79,-0.376,39.46,30.43,0,0,0,0.0,0.0,0,LOW
XYZ20T101210,2026-07-20,7262.6,86.99,92.66,-0.032,61.8,44.55,0,0,0,0.0,0.0,0,LOW
XYZ20T101215,2026-07-20,13662.4,92.01,101.16,0.798,51.12,43.06,0,0,0,0.2389,23.9,0,LOW
XYZ20T101216,2026-07-20,1203.6,78.66,84.13,-0.742,50.25,35.47,0,0,0,0.0,0.0,0,LOW
XYZ20T101220,2026-07-20,17280.3,86.41,92.1,0.085,56.62,36.5,0,0,0,0.0,0.0,0,LOW
XYZ20T101222,2026-07-20,24719.8,80.89,84.76,-0.053,70.29,37.48,0,0,0,0.0,0.0,0,LOW
XYZ20T101227,2026-07-20,688.9,95.26,105.01,1.236,45.74,32.82,1,0,1,0.7166,71.7,1,HIGH
XYZ20T101233,2026-07-20,10706.6,92.36,97.67,1.161,45.28,36.44,0,0,0,0.8844,88.4,1,CRITICAL
XYZ20T101236,2026-07-20,10205.8,90.78,93.92,-0.224,82.12,32.46,0,0,0,0.0,0.0,0,LOW
XYZ20T101237,2026-07-20,1041.2,82.36,86.52,-0.379,50.69,38.21,0,0,0,0.0,0.0,0,LOW
XYZ20T101240,2026-07-20,2636.5,79.94,86.44,0.074,67.47,33.68,0,0,0,0.0,0.0,0,LOW
XYZ20T101242,2026-07-20,13378.9,84.53,88.85,0.048,61.12,39.68,0,0,0,0.0,0.0,0,LOW
XYZ20T101273,2026-07-20,14616.1,84.02,89.49,-0.167,48.54,35.39,0,0,0,0.0,0.0,0,LOW
XYZ20T101274,2026-07-20,3245.9,81.01,84.86,0.177,61.26,23.19,0,0,0,0.0,0.0,0,LOW
XYZ20T101275,2026-07-20,6633.8,77.28,80.71,-0.381,39.99,38.53,0,0,0,0.0,0.0,0,LOW
XYZ20T101277,2026-07-20,14870.3,82.85,87.53,-0.121,56.63,39.65,0,0,0,0.0,0.0,0,LOW
XYZ20T101280,2026-07-20,1071.1,84.51,87.97,0.128,49.74,33.67,0,0,0,0.0,0.0,0,LOW
XYZ20T101286,2026-07-20,2231.2,81.93,87.02,0.063,86.33,28.94,0,0,0,0.0,0.0,0,LOW
XYZ20T101290,2026-07-20,14021.2,82.2,85.79,0.118,51.05,33.81,0,0,0,0.0,0.0,0,LOW
XYZ20T101298,2026-07-20,21985.5,87.81,91.85,0.074,69.44,27.83,0,0,0,0.0,0.0,0,LOW
XYZ20T101299,2026-07-20,6279.2,85.37,88.82,-0.142,69.14,32.82,0,0,0,0.0,0.0,0,LOW
XYZ20T101301,2026-07-20,18537.5,78.0,82.51,-0.001,42.15,36.1,0,0,0,0.0,0.0,0,LOW
XYZ20T101306,2026-07-20,1056.8,83.43,90.38,0.205,68.35,36.05,0,0,0,0.0,0.0,0,LOW
XYZ20T101308,2026-07-20,8552.3,86.79,93.26,0.107,55.42,37.94,0,0,0,0.0,0.0,0,LOW
XYZ20T101317,2026-07-20,590.2,85.19,91.38,-0.33,50.54,32.74,0,0,0,0.0,0.0,0,LOW
XYZ20T101318,2026-07-20,7626.0,86.97,93.5,-0.727,66.81,31.75,0,0,0,0.0033,0.3,0,LOW
XYZ20T101319,2026-07-20,20901.0,88.32,95.11,-0.2,75.94,20.3,0,0,0,0.0033,0.3,0,LOW
XYZ20T101326,2026-07-20,4087.2,88.9,95.72,0.559,71.65,40.67,0,0,0,0.052,5.2,0,LOW
XYZ20T101334,2026-07-20,6032.9,85.82,91.62,-0.062,57.61,28.72,0,0,0,0.0,0.0,0,LOW
XYZ20T101349,2026-07-20,13196.1,76.09,79.2,-0.252,37.31,23.72,0,0,0,0.0,0.0,0,LOW
XYZ20T101361,2026-07-20,2906.6,86.0,89.12,-0.089,59.58,32.58,0,0,0,0.0,0.0,0,LOW
XYZ20T101369,2026-07-20,10316.1,94.04,104.29,1.011,25.0,42.58,1,1,0,0.7728,77.3,1,CRITICAL
XYZ20T101374,2026-07-20,13259.1,81.34,87.85,-1.853,50.37,41.17,0,0,0,0.0,0.0,0,LOW
XYZ20T101384,2026-07-20,14864.0,80.68,85.42,-2.148,44.71,31.31,0,0,0,0.0,0.0,0,LOW
XYZ20T101385,2026-07-20,13538.2,85.24,93.08,0.83,60.72,27.79,0,0,0,0.0948,9.5,0,LOW
XYZ20T101393,2026-07-20,17426.8,89.24,95.7,0.122,85.86,31.12,0,0,0,0.0033,0.3,0,LOW
XYZ20T101406,2026-07-20,16610.4,79.57,83.73,-0.728,64.4,36.08,0,0,0,0.0,0.0,0,LOW
XYZ20T101413,2026-07-20,14068.1,84.98,91.97,-0.289,61.46,24.71,0,0,0,0.0,0.0,0,LOW
XYZ20T101419,2026-07-20,12348.8,87.61,92.94,0.852,81.52,38.76,0,0,0,0.0,0.0,0,LOW
XYZ20T101423,2026-07-20,19013.6,103.4,114.56,1.839,76.39,31.75,0,1,0,0.704,70.4,1,HIGH
XYZ20T101428,2026-07-20,6216.3,85.83,91.29,0.264,55.08,33.76,0,0,0,0.0,0.0,0,LOW
XYZ20T101431,2026-07-20,24931.1,86.0,92.56,-1.519,51.35,33.37,0,0,0,0.0,0.0,0,LOW
XYZ20T101434,2026-07-20,11414.6,86.71,92.6,-0.186,80.77,22.58,0,0,0,0.0033,0.3,0,LOW
XYZ20T101435,2026-07-20,12899.4,80.21,87.0,-0.33,56.16,34.84,0,0,0,0.0,0.0,0,LOW
XYZ20T101437,2026-07-20,3267.6,84.38,89.73,-0.507,71.81,27.64,0,0,0,0.0,0.0,0,LOW
XYZ20T101446,2026-07-20,9223.1,79.75,83.14,0.061,74.83,34.03,0,0,0,0.0,0.0,0,LOW
XYZ20T101468,2026-07-20,8285.1,85.8,92.11,-0.198,74.17,48.0,0,0,0,0.0,0.0,0,LOW
XYZ20T101479,2026-07-20,1385.3,87.24,94.69,1.674,40.64,33.98,0,0,0,0.2074,20.7,0,LOW
XYZ20T101484,2026-07-20,14373.6,75.48,80.67,-0.265,38.22,27.59,0,0,0,0.0,0.0,0,LOW
XYZ20T101491,2026-07-20,13780.8,83.64,87.26,-0.988,66.36,35.86,0,0,0,0.0,0.0,0,LOW
XYZ20T101498,2026-07-20,13443.4,77.5,84.44,-0.169,53.37,33.05,0,0,0,0.0,0.0,0,LOW
XYZ20T101500,2026-07-20,4237.4,79.44,86.05,-0.098,39.93,39.1,0,0,0,0.0,0.0,0,LOW
XYZ20T101501,2026-07-20,16231.0,88.62,93.14,0.173,77.23,37.68,0,0,0,0.0,0.0,0,LOW
XYZ20T101502,2026-07-20,10676.5,77.41,84.38,-0.076,49.24,33.81,0,0,0,0.0,0.0,0,LOW
XYZ20T101504,2026-07-20,7224.8,78.95,85.32,0.231,62.55,31.38,0,0,0,0.0,0.0,0,LOW
XYZ20T101511,2026-07-20,579.2,80.55,85.49,-0.028,48.54,30.69,0,0,0,0.0,0.0,0,LOW
XYZ20T101519,2026-07-20,13830.0,79.41,84.53,-0.073,57.78,31.57,0,0,0,0.0,0.0,0,LOW
XYZ20T101525,2026-07-20,8197.5,87.37,92.56,-0.006,40.22,38.63,0,0,0,0.0,0.0,0,LOW
XYZ20T101526,2026-07-20,1201.9,77.41,81.54,-0.167,56.67,34.89,0,0,0,0.0,0.0,0,LOW
XYZ20T101530,2026-07-20,20166.9,84.87,88.59,-0.201,53.09,34.87,0,0,0,0.0,0.0,0,LOW
XYZ20T101534,2026-07-20,5835.4,77.45,82.92,0.094,53.15,20.25,0,0,0,0.0,0.0,0,LOW
XYZ20T101549,2026-07-20,1990.5,78.03,82.04,-0.201,50.62,36.36,0,0,0,0.0,0.0,0,LOW
XYZ20T101550,2026-07-20,4999.8,77.78,84.11,-0.051,73.02,31.47,0,0,0,0.0,0.0,0,LOW
XYZ20T101551,2026-07-20,558.6,80.07,86.62,-0.096,52.26,23.03,0,0,0,0.0,0.0,0,LOW
XYZ20T101555,2026-07-20,12484.8,86.55,92.7,0.038,60.87,34.34,0,0,0,0.0,0.0,0,LOW
XYZ20T101558,2026-07-20,6105.3,80.81,87.17,0.525,67.54,33.73,0,0,0,0.0,0.0,0,LOW
XYZ20T101562,2026-07-20,14164.8,83.07,86.13,-1.414,78.08,33.7,0,0,0,0.0,0.0,0,LOW
XYZ20T101567,2026-07-20,17156.1,82.58,89.4,-0.224,41.55,30.4,0,0,0,0.0,0.0,0,LOW
XYZ20T101573,2026-07-20,1882.5,85.96,90.41,0.257,56.95,38.73,0,0,0,0.0,0.0,0,LOW
XYZ20T101582,2026-07-20,15460.5,79.75,85.77,-0.336,68.16,33.62,0,0,0,0.0,0.0,0,LOW
XYZ20T101586,2026-07-20,16348.9,85.2,91.88,-0.011,44.01,37.42,0,0,0,0.0,0.0,0,LOW
XYZ20T101593,2026-07-20,344.1,79.38,84.84,0.265,54.2,40.46,0,0,0,0.0,0.0,0,LOW
XYZ20T101594,2026-07-20,12700.2,78.98,85.42,-0.269,47.04,38.86,0,0,0,0.0,0.0,0,LOW
XYZ20T101629,2026-07-20,5864.8,78.91,84.44,0.193,56.07,33.11,0,0,0,0.0,0.0,0,LOW
XYZ20T101633,2026-07-20,13088.6,80.17,86.12,-0.115,47.23,33.58,0,0,0,0.0,0.0,0,LOW
XYZ20T101659,2026-07-20,6187.7,84.03,88.97,-0.166,77.51,33.14,0,0,0,0.0,0.0,0,LOW
XYZ20T101662,2026-07-20,11490.3,78.32,84.36,0.126,75.54,34.09,0,0,0,0.0,0.0,0,LOW
XYZ20T101663,2026-07-20,20795.3,80.93,84.22,0.223,58.19,33.37,0,0,0,0.0,0.0,0,LOW
XYZ20T101669,2026-07-20,4313.6,79.44,86.04,-0.146,62.22,31.88,0,0,0,0.0,0.0,0,LOW
XYZ20T101677,2026-07-20,4088.5,85.93,92.15,0.414,77.09,41.05,0,0,0,0.0,0.0,0,LOW
XYZ20T101678,2026-07-20,5450.8,76.37,81.43,0.055,54.47,29.16,0,0,0,0.0,0.0,0,LOW
XYZ20T101685,2026-07-20,11637.2,76.93,83.76,-0.201,56.07,31.17,0,0,0,0.0,0.0,0,LOW
XYZ20T101692,2026-07-20,411.6,80.49,86.74,-0.139,60.23,29.92,0,0,0,0.0,0.0,0,LOW
XYZ20T101693,2026-07-20,22541.4,86.1,93.66,-0.155,85.06,34.78,0,0,0,0.0,0.0,0,LOW
XYZ20T101696,2026-07-20,15586.9,88.88,93.96,-0.71,69.31,27.72,0,0,0,0.0,0.0,0,LOW
XYZ20T101698,2026-07-20,4726.8,83.5,89.5,-0.044,56.64,30.38,0,0,0,0.0,0.0,0,LOW
XYZ20T101699,2026-07-20,24909.4,80.16,84.89,0.658,46.13,28.5,0,0,0,0.0132,1.3,0,LOW
XYZ20T101702,2026-07-20,2260.8,81.58,86.02,-0.041,78.63,30.52,0,0,0,0.0,0.0,0,LOW
XYZ20T101718,2026-07-20,2563.0,82.65,89.33,-0.083,63.61,29.13,0,0,0,0.0,0.0,0,LOW
XYZ20T101728,2026-07-20,517.4,87.05,92.01,-0.31,46.17,37.79,0,0,0,0.0,0.0,0,LOW
XYZ20T101733,2026-07-20,9289.4,87.87,91.7,-0.206,80.08,35.28,0,0,0,0.0,0.0,0,LOW
XYZ20T101735,2026-07-20,12555.6,77.36,82.94,-0.215,26.34,34.47,0,0,0,0.0,0.0,0,LOW
XYZ20T101740,2026-07-20,16729.9,80.27,84.82,-0.169,63.79,33.9,0,0,0,0.0,0.0,0,LOW
XYZ20T101764,2026-07-20,6329.6,82.91,87.0,0.019,57.68,34.62,0,0,0,0.0,0.0,0,LOW
XYZ20T101767,2026-07-20,1717.4,85.13,91.18,-0.098,53.54,34.65,0,0,0,0.0,0.0,0,LOW
XYZ20T101768,2026-07-20,3685.2,82.54,86.63,-0.43,66.85,36.89,0,0,0,0.0,0.0,0,LOW
XYZ20T101773,2026-07-20,11657.0,80.35,85.49,0.385,66.92,33.59,0,0,0,0.0,0.0,0,LOW
XYZ20T101782,2026-07-20,4185.7,80.36,84.16,-0.155,54.58,30.12,0,0,0,0.0,0.0,0,LOW
XYZ20T101789,2026-07-20,8706.5,79.24,85.6,0.196,72.2,24.88,0,0,0,0.0,0.0,0,LOW
XYZ20T101790,2026-07-20,4221.0,86.9,94.67,0.369,42.47,33.17,0,0,0,0.0,0.0,0,LOW
XYZ20T101791,2026-07-20,16748.4,87.22,92.88,0.023,69.49,37.81,0,0,0,0.0,0.0,0,LOW
XYZ20T101792,2026-07-20,1416.2,84.41,91.27,-0.628,53.84,22.41,0,0,0,0.0,0.0,0,LOW
XYZ20T101794,2026-07-20,10760.0,87.61,91.52,0.206,60.05,31.55,0,0,0,0.0,0.0,0,LOW
XYZ20T101805,2026-07-20,13011.8,83.93,90.59,0.089,60.91,24.01,0,0,0,0.0,0.0,0,LOW
XYZ20T101807,2026-07-20,9948.4,85.24,92.03,-0.028,51.77,29.87,0,0,0,0.0,0.0,0,LOW
XYZ20T101809,2026-07-20,11910.7,83.22,88.34,-0.144,63.56,38.03,0,0,0,0.0,0.0,0,LOW
XYZ20T101820,2026-07-20,8481.7,84.1,88.96,-0.118,63.31,35.88,0,0,0,0.0,0.0,0,LOW
XYZ20T101825,2026-07-20,10289.4,83.47,88.96,-0.054,61.74,29.98,0,0,0,0.0,0.0,0,LOW
XYZ20T101832,2026-07-20,13273.4,82.0,85.05,-0.559,68.18,35.6,0,0,0,0.0,0.0,0,LOW
XYZ20T101838,2026-07-20,12900.3,83.74,91.54,-0.341,57.9,36.4,0,0,0,0.0,0.0,0,LOW
XYZ20T101842,2026-07-20,6860.2,80.09,83.19,0.369,62.84,36.1,0,0,0,0.0,0.0,0,LOW
XYZ20T101848,2026-07-20,22147.3,78.15,84.54,0.086,52.48,20.49,0,0,0,0.0,0.0,0,LOW
XYZ20T101861,2026-07-20,9757.9,78.76,81.82,0.003,49.92,30.85,0,0,0,0.0,0.0,0,LOW
XYZ20T101862,2026-07-20,7570.0,85.06,91.45,-0.03,66.39,39.4,0,0,0,0.0,0.0,0,LOW
XYZ20T101866,2026-07-20,5486.1,78.41,85.25,-0.147,38.47,42.92,0,0,0,0.0,0.0,0,LOW
XYZ20T101868,2026-07-20,6598.9,82.0,88.55,-1.804,60.96,31.96,0,0,0,0.0,0.0,0,LOW
XYZ20T101869,2026-07-20,4169.8,79.39,85.27,0.107,46.27,38.23,0,0,0,0.0,0.0,0,LOW
XYZ20T101884,2026-07-20,24876.5,84.67,90.21,-0.081,74.38,36.46,0,0,0,0.0,0.0,0,LOW
XYZ20T101886,2026-07-20,2635.3,87.32,92.73,0.063,86.36,33.71,0,0,0,0.0,0.0,0,LOW
XYZ20T101892,2026-07-20,8844.6,81.92,85.36,0.302,46.69,38.04,0,0,0,0.0,0.0,0,LOW
XYZ20T101897,2026-07-20,20048.7,81.75,88.52,0.174,54.74,41.65,0,0,0,0.0,0.0,0,LOW
XYZ20T101898,2026-07-20,11893.5,85.57,89.22,-0.126,49.17,36.25,1,0,0,0.0033,0.3,0,LOW
XYZ20T101900,2026-07-20,24894.7,83.86,87.9,0.137,42.84,34.99,0,0,0,0.0,0.0,0,LOW
XYZ20T101905,2026-07-20,18265.5,79.07,83.79,-0.307,43.33,32.58,0,0,0,0.0,0.0,0,LOW
XYZ20T101912,2026-07-20,6742.5,77.62,81.81,-0.364,52.57,31.53,0,0,0,0.0,0.0,0,LOW
XYZ20T101915,2026-07-20,584.3,89.47,95.96,-0.12,68.73,34.36,0,0,0,0.0,0.0,0,LOW
XYZ20T101917,2026-07-20,13516.2,83.41,89.67,0.066,76.19,32.58,0,0,0,0.0,0.0,0,LOW
XYZ20T101921,2026-07-20,15044.1,81.31,86.61,0.252,46.22,35.13,0,0,0,0.0,0.0,0,LOW
XYZ20T101922,2026-07-20,1213.6,93.06,100.55,1.729,73.35,46.41,1,0,1,0.2758,27.6,0,LOW
XYZ20T101924,2026-07-20,14642.1,77.8,82.65,0.014,52.07,32.13,0,0,0,0.0,0.0,0,LOW
XYZ20T101928,2026-07-20,14398.3,81.88,85.7,-1.628,59.49,40.42,0,0,0,0.0,0.0,0,LOW
XYZ20T101935,2026-07-20,3589.3,87.44,91.31,0.428,43.25,40.22,0,0,0,0.0,0.0,0,LOW
XYZ20T101946,2026-07-20,9743.7,87.28,93.79,-0.397,54.15,33.29,0,0,0,0.0033,0.3,0,LOW
XYZ20T101957,2026-07-20,14664.2,79.02,85.63,0.014,58.96,42.1,0,0,0,0.0,0.0,0,LOW
XYZ20T101958,2026-07-20,24949.5,82.4,88.66,-0.68,30.89,27.93,0,0,0,0.0,0.0,0,LOW
XYZ20T101959,2026-07-20,12714.1,75.35,81.79,-0.69,40.99,32.36,0,0,0,0.0,0.0,0,LOW
XYZ20T101960,2026-07-20,11721.3,79.96,86.92,-1.238,58.39,31.93,0,0,0,0.0,0.0,0,LOW
XYZ20T101964,2026-07-20,3373.1,88.34,95.05,-0.207,80.16,27.9,0,0,0,0.0033,0.3,0,LOW
XYZ20T101965,2026-07-20,6502.3,81.55,86.98,-0.0,42.46,36.1,0,0,0,0.0,0.0,0,LOW
XYZ20T101978,2026-07-20,18210.8,79.64,84.46,-0.253,62.03,33.7,0,0,0,0.0,0.0,0,LOW
XYZ20T101983,2026-07-20,454.4,84.84,90.2,0.155,56.94,25.03,0,0,0,0.0,0.0,0,LOW
XYZ20T101996,2026-07-20,11383.9,84.08,87.77,0.014,61.76,27.22,0,0,0,0.0,0.0,0,LOW
XYZ20T102000,2026-07-20,582.6,84.34,90.37,-0.305,59.33,30.21,0,0,0,0.0,0.0,0,LOW
XYZ20T102004,2026-07-20,717.3,81.89,88.79,-1.509,62.1,39.01,0,0,0,0.0,0.0,0,LOW
XYZ20T102009,2026-07-20,23372.2,85.65,89.27,-0.403,46.23,34.06,0,0,0,0.0,0.0,0,LOW
XYZ20T102012,2026-07-20,3649.3,80.93,84.51,-0.032,50.55,41.44,0,0,0,0.0,0.0,0,LOW
XYZ20T102025,2026-07-20,14553.2,81.92,87.23,0.375,73.03,38.22,0,0,0,0.0,0.0,0,LOW
XYZ20T102026,2026-07-20,2703.1,88.34,94.2,0.382,88.27,31.79,0,0,0,0.0,0.0,0,LOW
XYZ20T102029,2026-07-20,17029.5,94.4,104.4,1.551,52.84,33.35,1,0,0,0.2991,29.9,0,LOW
XYZ20T102030,2026-07-20,3056.1,87.66,93.39,-2.007,66.67,32.32,0,0,0,0.0,0.0,0,LOW
XYZ20T102031,2026-07-20,2796.0,90.4,99.88,1.024,52.32,31.39,1,1,0,0.8251,82.5,1,CRITICAL
XYZ20T102038,2026-07-20,10740.0,78.07,81.75,-0.221,47.18,34.5,0,0,0,0.0,0.0,0,LOW
XYZ20T102041,2026-07-20,7864.9,81.37,86.96,-1.419,42.58,29.06,0,0,0,0.0,0.0,0,LOW
XYZ20T102046,2026-07-20,5952.5,77.22,83.6,-0.265,36.5,38.67,0,0,0,0.0,0.0,0,LOW
XYZ20T102048,2026-07-20,9245.1,90.3,97.57,1.584,60.11,25.43,1,0,1,0.3389,33.9,1,MODERATE
XYZ20T102053,2026-07-20,12540.1,78.27,84.82,-1.026,62.67,34.0,0,0,0,0.0,0.0,0,LOW
XYZ20T102054,2026-07-20,14012.7,89.38,95.0,-0.468,67.92,38.76,0,0,0,0.0033,0.3,0,LOW
XYZ20T102055,2026-07-20,4314.1,79.21,82.35,0.057,59.15,29.59,0,0,0,0.0,0.0,0,LOW
XYZ20T102060,2026-07-20,9899.1,85.23,91.83,0.385,46.08,28.98,0,0,0,0.0,0.0,0,LOW
XYZ20T102065,2026-07-20,8932.7,82.62,86.44,0.242,47.39,31.46,0,0,0,0.0,0.0,0,LOW
XYZ20T102073,2026-07-20,1909.2,87.23,91.48,0.831,62.59,39.27,0,0,0,0.0032,0.3,0,LOW
XYZ20T102090,2026-07-20,9953.5,84.87,90.4,-1.539,59.06,34.68,0,0,0,0.0,0.0,0,LOW
XYZ20T102097,2026-07-20,553.1,89.03,95.0,0.127,53.69,40.31,0,0,0,0.0099,1.0,0,LOW
XYZ20T102102,2026-07-20,11816.9,81.24,86.27,-0.271,78.15,35.6,0,0,0,0.0,0.0,0,LOW
XYZ20T102103,2026-07-20,4800.1,83.74,88.5,-0.775,69.53,38.2,0,0,0,0.0,0.0,0,LOW
XYZ20T102108,2026-07-20,18227.9,85.85,92.47,0.023,68.15,28.92,0,0,0,0.0,0.0,0,LOW
XYZ20T102121,2026-07-20,4016.2,75.12,78.71,-2.323,53.21,23.41,0,0,0,0.0,0.0,0,LOW
XYZ20T102127,2026-07-20,5551.1,81.81,88.46,-0.039,68.89,33.2,0,0,0,0.0,0.0,0,LOW
XYZ20T102132,2026-07-20,5909.8,82.64,88.2,0.33,66.12,26.71,0,0,0,0.0,0.0,0,LOW
XYZ20T102138,2026-07-20,1984.7,83.42,89.85,-0.033,83.12,27.86,0,0,0,0.0,0.0,0,LOW
XYZ20T102169,2026-07-20,4313.7,80.04,84.68,-0.023,52.21,40.93,0,0,0,0.0,0.0,0,LOW
XYZ20T102176,2026-07-20,1859.6,80.31,86.75,-1.716,71.96,27.23,0,0,0,0.0,0.0,0,LOW
XYZ20T102178,2026-07-20,24901.4,81.58,86.31,0.483,83.18,35.03,0,0,0,0.0,0.0,0,LOW
XYZ20T102182,2026-07-20,18731.2,81.98,86.11,-0.359,55.07,40.97,0,0,0,0.0,0.0,0,LOW
XYZ20T102191,2026-07-20,8437.7,79.78,86.18,0.061,48.28,40.0,0,0,0,0.0,0.0,0,LOW
XYZ20T102196,2026-07-20,13825.0,82.73,86.77,-0.16,60.5,32.91,0,0,0,0.0,0.0,0,LOW
XYZ20T102203,2026-07-20,12101.1,80.82,87.2,-0.183,55.77,38.72,0,0,0,0.0,0.0,0,LOW
XYZ20T102212,2026-07-20,2675.4,86.38,89.55,0.074,50.78,35.35,0,0,0,0.0,0.0,0,LOW
XYZ20T102214,2026-07-20,19718.9,81.17,87.18,-0.549,55.65,28.63,0,0,0,0.0,0.0,0,LOW
XYZ20T102217,2026-07-20,5616.1,79.06,82.27,-0.421,47.07,31.14,0,0,0,0.0,0.0,0,LOW
XYZ20T102223,2026-07-20,11948.4,82.93,86.12,-0.133,62.9,29.87,0,0,0,0.0,0.0,0,LOW
XYZ20T102226,2026-07-20,3084.7,84.94,90.57,-0.036,46.99,38.9,0,0,0,0.0,0.0,0,LOW
XYZ20T102230,2026-07-20,11687.6,77.75,81.63,-0.221,62.65,32.13,0,0,0,0.0,0.0,0,LOW
XYZ20T102240,2026-07-20,11237.3,92.98,97.12,0.606,63.58,31.91,0,0,0,0.0821,8.2,0,LOW
XYZ20T102251,2026-07-20,12514.5,83.11,89.21,-0.027,66.13,37.2,0,0,0,0.0,0.0,0,LOW
XYZ20T102259,2026-07-20,17018.1,78.34,81.62,-0.488,61.79,34.19,0,0,0,0.0,0.0,0,LOW
XYZ20T102267,2026-07-20,11762.3,83.46,89.26,0.169,58.2,36.84,0,0,0,0.0,0.0,0,LOW
XYZ20T102268,2026-07-20,12487.3,84.01,89.5,-0.051,67.49,32.96,0,0,0,0.0,0.0,0,LOW
XYZ20T102285,2026-07-20,19871.3,92.16,99.15,0.951,74.26,30.62,0,0,0,0.5964,59.6,1,HIGH
XYZ20T102287,2026-07-20,2773.4,87.09,93.65,0.088,73.33,45.2,0,0,0,0.0,0.0,0,LOW
XYZ20T102291,2026-07-20,14662.1,79.34,83.33,-0.519,61.25,39.35,0,0,0,0.0,0.0,0,LOW
XYZ20T102294,2026-07-20,1521.3,85.2,91.28,-0.716,42.57,36.23,0,0,0,0.0,0.0,0,LOW
XYZ20T102325,2026-07-20,13960.3,81.24,87.8,0.12,53.33,28.58,0,0,0,0.0,0.0,0,LOW
XYZ20T102327,2026-07-20,12127.4,80.09,83.78,-0.154,47.78,29.52,0,0,0,0.0,0.0,0,LOW
XYZ20T102330,2026-07-20,16365.2,82.47,86.68,-0.325,62.51,31.02,0,0,0,0.0,0.0,0,LOW
XYZ20T102345,2026-07-20,20194.4,89.05,94.62,-1.285,55.38,36.23,0,0,0,0.0,0.0,0,LOW
XYZ20T102348,2026-07-20,15360.5,85.12,90.49,-1.679,60.52,38.54,0,0,0,0.0,0.0,0,LOW
XYZ20T102358,2026-07-20,6588.5,82.53,86.4,0.148,83.4,31.64,0,0,0,0.0,0.0,0,LOW
XYZ20T102367,2026-07-20,3273.1,81.08,86.66,0.23,31.71,36.17,0,0,0,0.0,0.0,0,LOW
XYZ20T102369,2026-07-20,7627.3,89.57,95.09,0.464,53.69,37.93,0,0,0,0.0066,0.7,0,LOW
XYZ20T102373,2026-07-20,4395.4,81.35,87.69,-0.265,62.32,32.02,0,0,0,0.0,0.0,0,LOW
XYZ20T102375,2026-07-20,6139.2,80.28,86.74,-0.055,66.06,33.39,0,0,0,0.0,0.0,0,LOW
XYZ20T102376,2026-07-20,19608.7,87.47,94.24,0.338,60.99,28.6,0,0,0,0.0,0.0,0,LOW
XYZ20T102389,2026-07-20,6962.1,93.81,101.31,1.609,51.49,36.15,1,0,0,0.8423,84.2,1,CRITICAL
XYZ20T102391,2026-07-20,1631.4,85.57,89.36,-0.218,60.13,35.22,0,0,0,0.0,0.0,0,LOW
XYZ20T102392,2026-07-20,14438.6,79.48,85.26,-0.349,60.02,29.72,0,0,0,0.0,0.0,0,LOW
XYZ20T102403,2026-07-20,13607.9,82.55,86.75,0.003,58.1,28.71,0,0,0,0.0,0.0,0,LOW
XYZ20T102405,2026-07-20,8319.6,79.81,83.81,0.211,63.5,32.18,0,0,0,0.0,0.0,0,LOW
XYZ20T102413,2026-07-20,10534.2,78.65,84.43,-0.329,35.16,39.48,0,0,0,0.0,0.0,0,LOW
XYZ20T102420,2026-07-20,9551.4,82.57,87.23,0.196,54.47,35.08,0,0,0,0.0,0.0,0,LOW
XYZ20T102424,2026-07-20,13269.2,84.1,93.22,0.634,60.51,42.03,0,0,0,0.0857,8.6,0,LOW
XYZ20T102428,2026-07-20,10363.0,82.99,87.88,0.149,45.31,26.1,0,0,0,0.0,0.0,0,LOW
XYZ20T102429,2026-07-20,2973.2,86.16,89.71,-0.318,44.17,30.67,0,0,0,0.0,0.0,0,LOW
XYZ20T102432,2026-07-20,24919.7,95.72,104.19,1.713,78.33,42.45,1,1,0,0.8101,81.0,1,CRITICAL
XYZ20T102436,2026-07-20,1167.7,79.98,85.49,0.012,60.88,30.43,0,0,0,0.0,0.0,0,LOW
XYZ20T102450,2026-07-20,12058.1,78.92,82.22,-0.082,57.21,34.42,0,0,0,0.0,0.0,0,LOW
XYZ20T102452,2026-07-20,17182.1,88.13,92.88,0.332,72.36,29.53,0,0,0,0.0,0.0,0,LOW
XYZ20T102453,2026-07-20,6959.5,90.6,99.69,0.678,68.22,40.8,0,0,0,0.2291,22.9,0,LOW
XYZ20T102454,2026-07-20,3213.0,76.9,80.14,-0.334,48.65,28.59,0,0,0,0.0,0.0,0,LOW
XYZ20T102457,2026-07-20,7558.7,85.36,89.22,0.279,72.66,37.87,0,0,0,0.0,0.0,0,LOW
XYZ20T102462,2026-07-20,5715.0,77.65,81.08,-2.19,61.53,29.14,0,0,0,0.0,0.0,0,LOW
XYZ20T102463,2026-07-20,24848.6,84.88,91.16,0.407,53.21,33.89,0,0,0,0.0,0.0,0,LOW
XYZ20T102471,2026-07-20,4027.6,81.75,89.26,-0.768,70.41,24.4,0,0,0,0.0,0.0,0,LOW
XYZ20T102479,2026-07-20,2678.7,91.17,100.15,1.746,47.48,26.34,1,1,0,0.5045,50.4,1,HIGH
XYZ20T102482,2026-07-20,14597.3,85.67,91.26,-0.028,59.02,30.95,0,0,0,0.0,0.0,0,LOW
XYZ20T102488,2026-07-20,12379.9,80.8,85.62,0.134,65.52,29.77,0,0,0,0.0,0.0,0,LOW
XYZ20T102491,2026-07-20,6023.4,85.86,89.78,-1.704,54.14,23.99,0,0,0,0.0,0.0,0,LOW
XYZ20T102501,2026-07-20,829.7,84.64,89.03,-0.289,54.08,29.24,0,0,0,0.0,0.0,0,LOW
XYZ20T102510,2026-07-20,10571.4,87.56,91.77,0.166,74.11,32.85,0,0,0,0.0,0.0,0,LOW
XYZ20T102517,2026-07-20,11057.8,80.32,86.08,-0.102,58.19,33.73,0,0,0,0.0,0.0,0,LOW
XYZ20T102524,2026-07-20,1155.3,83.94,89.66,0.1,86.99,45.58,0,0,0,0.0,0.0,0,LOW
XYZ20T102527,2026-07-20,20263.5,89.27,92.44,0.253,64.41,30.71,0,0,0,0.0,0.0,0,LOW
XYZ20T102528,2026-07-20,14339.2,82.07,85.97,-0.133,71.86,33.19,0,0,0,0.0,0.0,0,LOW
XYZ20T102545,2026-07-20,24209.7,79.59,85.35,0.083,76.21,29.54,0,0,0,0.0,0.0,0,LOW
XYZ20T102555,2026-07-20,11196.9,85.61,89.4,0.193,90.67,34.8,0,0,0,0.0,0.0,0,LOW
XYZ20T102557,2026-07-20,22263.1,79.02,82.57,-0.588,41.4,36.3,0,0,0,0.0,0.0,0,LOW
XYZ20T102561,2026-07-20,4576.7,86.03,89.31,0.45,41.36,29.61,0,0,0,0.0,0.0,0,LOW
XYZ20T102562,2026-07-20,328.8,81.53,85.69,0.441,54.93,34.17,0,0,0,0.0,0.0,0,LOW
XYZ20T102568,2026-07-20,17583.0,94.82,103.2,1.147,45.21,29.87,0,1,0,0.8552,85.5,1,CRITICAL
XYZ20T102572,2026-07-20,8560.8,81.61,85.56,0.142,80.34,38.18,0,0,0,0.0,0.0,0,LOW
XYZ20T102578,2026-07-20,3689.7,81.74,87.33,-0.044,54.8,31.8,0,0,0,0.0,0.0,0,LOW
XYZ20T102582,2026-07-20,11909.2,78.29,83.18,-0.234,61.12,40.95,0,0,0,0.0,0.0,0,LOW
XYZ20T102587,2026-07-20,1459.0,85.78,92.62,-0.087,46.31,31.77,0,0,0,0.0,0.0,0,LOW
XYZ20T102591,2026-07-20,17915.9,86.51,92.03,0.022,56.17,27.86,0,0,0,0.0,0.0,0,LOW
XYZ20T102597,2026-07-20,6692.9,81.61,85.58,-0.032,65.77,38.97,0,0,0,0.0,0.0,0,LOW
XYZ20T102600,2026-07-20,1036.3,81.59,86.88,0.263,70.35,35.71,0,0,0,0.0,0.0,0,LOW
XYZ20T102605,2026-07-20,23202.7,77.11,83.82,-0.715,34.83,38.42,0,0,0,0.0033,0.3,0,LOW
XYZ20T102622,2026-07-20,1134.8,83.73,87.38,0.167,62.13,31.65,0,0,0,0.0,0.0,0,LOW
XYZ20T102626,2026-07-20,15326.7,87.51,91.19,0.069,39.29,37.18,0,0,0,0.0,0.0,0,LOW
XYZ20T102629,2026-07-20,11321.9,77.89,82.56,-0.054,54.96,25.5,0,0,0,0.0,0.0,0,LOW
XYZ20T102634,2026-07-20,17778.4,86.44,92.89,-0.382,68.8,31.83,0,0,0,0.0,0.0,0,LOW
XYZ20T102639,2026-07-20,17165.0,77.89,84.27,-0.073,59.56,39.17,0,0,0,0.0,0.0,0,LOW
XYZ20T102640,2026-07-20,5859.4,84.39,88.95,-0.465,50.27,33.52,0,0,0,0.0,0.0,0,LOW
XYZ20T102642,2026-07-20,17080.8,77.25,82.47,0.019,55.42,31.61,0,0,0,0.0,0.0,0,LOW
XYZ20T102643,2026-07-20,13594.7,85.91,93.27,-0.315,66.43,32.25,0,0,0,0.0033,0.3,0,LOW
XYZ20T102649,2026-07-20,16166.9,85.85,91.45,0.029,33.52,42.14,0,0,0,0.0232,2.3,0,LOW
XYZ20T102652,2026-07-20,10913.6,82.4,89.56,0.404,62.39,28.1,0,0,0,0.0,0.0,0,LOW
XYZ20T102669,2026-07-20,9789.8,85.84,91.36,0.115,47.12,34.19,0,0,0,0.0,0.0,0,LOW
XYZ20T102674,2026-07-20,5709.6,83.98,90.76,-0.002,69.35,32.93,0,0,0,0.0,0.0,0,LOW
XYZ20T102675,2026-07-20,4005.7,86.1,89.86,0.071,58.28,42.44,0,0,0,0.0,0.0,0,LOW
XYZ20T102688,2026-07-20,23333.8,83.26,87.69,-0.089,84.9,27.59,0,0,0,0.0,0.0,0,LOW
XYZ20T102691,2026-07-20,3458.3,79.65,86.41,0.38,64.96,36.11,0,0,0,0.0,0.0,0,LOW
XYZ20T102694,2026-07-20,10228.1,88.39,96.8,1.396,63.63,29.71,0,0,0,0.8356,83.6,1,CRITICAL
XYZ20T102695,2026-07-20,2846.2,82.72,87.02,0.137,37.69,37.54,0,0,0,0.0,0.0,0,LOW
XYZ20T102696,2026-07-20,10359.2,78.24,83.75,-0.157,54.94,36.12,0,0,0,0.0,0.0,0,LOW
XYZ20T102701,2026-07-20,9246.8,95.66,103.09,0.65,67.11,32.85,0,0,0,0.1613,16.1,0,LOW
XYZ20T102703,2026-07-20,18606.0,86.17,97.25,0.473,38.39,28.31,0,1,0,0.0396,4.0,0,LOW
XYZ20T102704,2026-07-20,9244.2,81.69,85.92,0.046,53.51,36.57,1,0,0,0.0,0.0,0,LOW
XYZ20T102706,2026-07-20,13227.0,81.33,87.81,-0.31,74.81,34.62,0,0,0,0.0,0.0,0,LOW
XYZ20T102709,2026-07-20,611.0,83.77,88.06,-0.377,63.85,27.87,0,0,0,0.0,0.0,0,LOW
XYZ20T102713,2026-07-20,21970.4,85.19,91.09,-0.134,67.54,34.17,0,0,0,0.0,0.0,0,LOW
XYZ20T102714,2026-07-20,4462.6,83.02,86.09,-1.166,75.16,42.89,0,0,0,0.0,0.0,0,LOW
XYZ20T102716,2026-07-20,17598.5,83.96,89.84,0.096,80.7,37.88,0,0,0,0.0,0.0,0,LOW
XYZ20T102719,2026-07-20,13373.9,88.67,94.54,0.286,72.76,34.21,0,0,0,0.0,0.0,0,LOW
XYZ20T102730,2026-07-20,10379.2,83.79,90.01,-0.043,47.34,27.69,0,0,0,0.0,0.0,0,LOW
XYZ20T102734,2026-07-20,972.4,85.34,89.96,-0.011,62.29,34.26,0,0,0,0.0,0.0,0,LOW
XYZ20T102735,2026-07-20,10482.0,86.86,90.24,-1.376,70.59,34.72,0,0,0,0.0,0.0,0,LOW
XYZ20T102745,2026-07-20,20154.2,80.15,85.3,-0.4,71.79,41.15,0,0,0,0.0,0.0,0,LOW
XYZ20T102761,2026-07-20,18412.7,78.97,84.13,0.252,65.54,33.19,0,0,0,0.0,0.0,0,LOW
XYZ20T102763,2026-07-20,16090.1,90.55,95.04,0.315,66.2,40.47,0,0,0,0.0,0.0,0,LOW
XYZ20T102764,2026-07-20,17012.8,88.53,91.99,0.378,73.21,41.6,0,0,0,0.0033,0.3,0,LOW
XYZ20T102770,2026-07-20,11843.0,84.77,89.22,-0.465,46.18,40.57,0,0,0,0.0,0.0,0,LOW
XYZ20T102772,2026-07-20,1716.1,80.22,83.84,-0.199,56.97,30.73,0,0,0,0.0,0.0,0,LOW
XYZ20T102784,2026-07-20,11370.8,79.99,83.57,0.327,58.48,27.3,0,0,0,0.0,0.0,0,LOW
XYZ20T102790,2026-07-20,23157.1,82.32,87.97,-0.165,68.22,32.61,0,0,0,0.0,0.0,0,LOW
XYZ20T102791,2026-07-20,6754.8,83.91,88.35,-0.053,57.74,34.35,0,0,0,0.0,0.0,0,LOW
XYZ20T102798,2026-07-20,9794.2,91.06,96.63,-1.35,79.92,31.49,0,0,0,0.026,2.6,0,LOW
XYZ20T102805,2026-07-20,8457.3,84.6,89.36,-0.079,85.21,41.51,0,0,0,0.0,0.0,0,LOW
XYZ20T102806,2026-07-20,16318.1,80.9,87.09,-0.367,76.53,28.51,0,0,0,0.0,0.0,0,LOW
XYZ20T102814,2026-07-20,3645.2,82.11,86.19,0.592,65.94,37.23,0,0,0,0.0,0.0,0,LOW
XYZ20T102815,2026-07-20,16670.2,86.45,89.87,-0.95,63.12,33.5,0,0,0,0.0,0.0,0,LOW
XYZ20T102820,2026-07-20,2836.4,83.74,87.13,0.113,44.2,24.97,0,0,0,0.0,0.0,0,LOW
XYZ20T102825,2026-07-20,13951.0,89.98,96.55,1.192,56.08,22.68,0,0,0,0.3069,30.7,1,MODERATE
XYZ20T102833,2026-07-20,14460.9,93.56,103.98,1.986,48.9,33.93,1,1,0,0.903,90.3,1,CRITICAL
XYZ20T102834,2026-07-20,514.3,94.65,99.42,1.702,66.03,38.35,0,0,0,0.6915,69.1,1,HIGH
XYZ20T102841,2026-07-20,2146.3,84.75,88.6,-0.05,51.07,28.44,0,0,0,0.0,0.0,0,LOW
XYZ20T102845,2026-07-20,14233.7,82.87,87.17,0.129,34.9,41.59,0,0,0,0.0,0.0,0,LOW
XYZ20T102855,2026-07-20,1703.4,84.1,90.46,-0.314,53.59,30.01,0,0,0,0.0,0.0,0,LOW
XYZ20T102856,2026-07-20,2612.0,81.29,87.86,-0.42,59.91,24.55,0,0,0,0.0,0.0,0,LOW
XYZ20T102885,2026-07-20,8141.0,83.89,87.47,0.117,56.4,28.9,0,0,0,0.0,0.0,0,LOW
XYZ20T102891,2026-07-20,7811.0,83.35,86.68,0.127,48.68,35.3,0,0,0,0.0,0.0,0,LOW
XYZ20T102896,2026-07-20,942.2,90.48,98.27,1.206,44.81,31.46,1,1,0,0.7654,76.5,1,CRITICAL
XYZ20T102903,2026-07-20,1521.7,83.21,89.87,0.266,47.94,35.25,0,0,0,0.0,0.0,0,LOW
XYZ20T102904,2026-07-20,4138.4,79.93,84.14,-0.267,70.01,34.26,0,0,0,0.0,0.0,0,LOW
XYZ20T102907,2026-07-20,4135.2,89.42,96.38,0.558,75.31,35.64,0,0,0,0.1861,18.6,0,LOW
XYZ20T102910,2026-07-20,5649.2,85.56,91.79,0.077,73.4,30.79,0,0,0,0.0,0.0,0,LOW
XYZ20T102912,2026-07-20,3852.3,90.97,96.6,0.311,42.48,36.22,0,0,0,0.0358,3.6,0,LOW
XYZ20T102919,2026-07-20,10857.8,80.91,87.01,-0.004,77.0,27.84,0,0,0,0.0,0.0,0,LOW
XYZ20T102924,2026-07-20,13221.3,86.13,92.97,-0.481,52.37,31.54,0,0,0,0.0,0.0,0,LOW
XYZ20T102929,2026-07-20,7881.1,79.45,86.02,-0.374,51.19,33.06,0,0,0,0.0,0.0,0,LOW
XYZ20T102933,2026-07-20,7985.9,83.8,88.99,-0.54,59.77,31.61,0,0,0,0.0,0.0,0,LOW
XYZ20T102934,2026-07-20,5298.6,83.48,88.05,0.13,73.17,23.07,0,0,0,0.0,0.0,0,LOW
XYZ20T102941,2026-07-20,2465.6,83.89,88.65,0.36,60.58,40.05,0,0,0,0.0,0.0,0,LOW
XYZ20T102944,2026-07-20,5929.6,84.18,88.13,-0.055,57.03,35.44,0,0,0,0.0,0.0,0,LOW
XYZ20T102950,2026-07-20,12087.9,79.76,84.4,0.074,65.31,26.54,0,0,0,0.0,0.0,0,LOW
XYZ20T102956,2026-07-20,12928.3,85.51,90.58,0.839,79.57,35.2,0,0,0,0.0,0.0,0,LOW
XYZ20T102960,2026-07-20,4012.3,82.81,89.73,-0.335,62.27,27.29,0,0,0,0.0,0.0,0,LOW
XYZ20T102963,2026-07-20,15727.2,79.15,84.57,0.112,35.69,40.73,0,0,0,0.0,0.0,0,LOW
XYZ20T102974,2026-07-20,16352.6,87.56,93.42,0.164,54.72,35.99,0,0,0,0.0,0.0,0,LOW
XYZ20T102998,2026-07-20,1878.6,80.6,84.94,-0.11,57.95,40.58,0,0,0,0.0,0.0,0,LOW
XYZ20T102999,2026-07-20,6598.4,82.82,87.86,-0.189,67.29,40.18,0,0,0,0.0,0.0,0,LOW
XYZ20T103000,2026-07-20,1241.4,85.24,91.22,0.131,44.8,28.58,0,0,0,0.0,0.0,0,LOW
XYZ20T103005,2026-07-20,1875.3,86.8,91.44,-0.365,76.2,26.72,0,0,0,0.0,0.0,0,LOW
XYZ20T103006,2026-07-20,2530.6,81.89,85.77,-0.088,53.31,24.57,0,0,0,0.0,0.0,0,LOW
XYZ20T103009,2026-07-20,1534.3,90.46,95.76,0.631,66.09,31.28,0,0,0,0.0292,2.9,0,LOW
XYZ20T103011,2026-07-20,3758.3,80.45,83.66,0.038,52.99,32.02,0,0,0,0.0,0.0,0,LOW
XYZ20T103017,2026-07-20,8120.0,87.39,93.93,-0.206,67.41,31.21,0,0,0,0.0032,0.3,0,LOW
XYZ20T103019,2026-07-20,19347.3,80.88,84.63,0.44,74.8,26.8,0,0,0,0.0,0.0,0,LOW
XYZ20T103021,2026-07-20,11376.7,82.79,89.56,0.399,47.04,21.94,0,0,0,0.0,0.0,0,LOW
XYZ20T103031,2026-07-20,6432.2,80.13,84.0,-0.913,57.5,30.04,0,0,0,0.0,0.0,0,LOW
XYZ20T103039,2026-07-20,19128.1,87.09,91.43,0.274,77.73,36.73,0,0,0,0.0,0.0,0,LOW
XYZ20T103046,2026-07-20,7147.2,80.52,86.68,-0.092,54.44,31.0,0,0,0,0.0,0.0,0,LOW
XYZ20T103050,2026-07-20,1447.1,84.21,87.79,0.439,63.09,42.08,0,0,0,0.0,0.0,0,LOW
XYZ20T103052,2026-07-20,14766.6,78.87,84.8,0.063,52.93,32.39,0,0,0,0.0,0.0,0,LOW
XYZ20T103056,2026-07-20,3804.5,82.81,89.2,-0.688,62.39,33.42,0,0,0,0.0,0.0,0,LOW
XYZ20T103059,2026-07-20,15320.4,89.02,93.18,0.373,81.21,30.67,0,0,0,0.0,0.0,0,LOW
XYZ20T103061,2026-07-20,7210.6,77.83,80.85,-1.859,69.75,35.13,0,0,0,0.0,0.0,0,LOW
XYZ20T103065,2026-07-20,11425.1,88.8,94.53,-0.141,65.4,30.96,0,0,0,0.0,0.0,0,LOW
XYZ20T103073,2026-07-20,6888.9,78.56,81.84,-0.14,53.15,40.69,0,0,0,0.0,0.0,0,LOW
XYZ20T103077,2026-07-20,13361.3,81.1,84.16,-0.262,45.56,32.35,0,0,0,0.0,0.0,0,LOW
XYZ20T103080,2026-07-20,4573.5,80.35,85.6,0.154,59.98,39.67,0,0,0,0.0,0.0,0,LOW
XYZ20T103081,2026-07-20,14316.9,81.22,84.73,-0.359,62.96,35.28,0,0,0,0.0,0.0,0,LOW
XYZ20T103084,2026-07-20,24953.8,83.48,86.83,-0.032,80.8,28.55,0,0,0,0.0,0.0,0,LOW
XYZ20T103090,2026-07-20,4922.2,85.31,88.5,-0.437,71.78,27.46,0,0,0,0.0,0.0,0,LOW
XYZ20T103091,2026-07-20,11026.8,78.68,85.66,0.278,44.9,36.91,0,0,0,0.0,0.0,0,LOW
XYZ20T103092,2026-07-20,13231.8,80.59,87.46,0.321,53.56,44.61,0,0,0,0.0,0.0,0,LOW
XYZ20T103101,2026-07-20,22644.4,90.92,99.19,1.236,38.17,33.6,0,0,0,0.6428,64.3,1,HIGH
XYZ20T103103,2026-07-20,972.1,82.81,89.17,-0.55,66.84,36.88,0,0,0,0.0,0.0,0,LOW
XYZ20T103112,2026-07-20,12560.6,84.16,88.48,-0.093,68.62,36.91,0,0,0,0.0,0.0,0,LOW
XYZ20T103115,2026-07-20,5144.4,85.65,94.86,1.19,63.22,29.7,0,0,0,0.2237,22.4,0,LOW
XYZ20T103116,2026-07-20,17268.5,88.44,97.13,0.882,73.37,36.41,0,1,0,0.2417,24.2,0,LOW
XYZ20T103122,2026-07-20,3054.2,94.4,101.8,1.093,51.76,36.95,0,1,0,0.334,33.4,1,MODERATE
XYZ20T103123,2026-07-20,5989.2,83.74,88.63,-2.517,55.22,30.64,0,0,0,0.0,0.0,0,LOW
XYZ20T103140,2026-07-20,12623.6,77.0,83.0,-0.258,41.02,29.17,0,0,0,0.0,0.0,0,LOW
XYZ20T103159,2026-07-20,3311.0,82.83,89.08,0.258,52.49,38.59,0,0,0,0.0,0.0,0,LOW
XYZ20T103161,2026-07-20,5049.1,89.03,95.69,0.133,75.52,33.39,0,0,0,0.0033,0.3,0,LOW
XYZ20T103165,2026-07-20,13073.6,84.82,90.69,-0.447,57.23,37.78,0,0,0,0.0,0.0,0,LOW
XYZ20T103166,2026-07-20,4705.0,83.06,88.21,0.191,51.18,27.42,0,0,0,0.0,0.0,0,LOW
XYZ20T103168,2026-07-20,13209.9,83.93,87.79,0.075,55.75,20.0,0,0,0,0.0,0.0,0,LOW
XYZ20T103169,2026-07-20,4652.4,81.39,84.98,-0.012,74.89,25.37,0,0,0,0.0,0.0,0,LOW
XYZ20T103189,2026-07-20,13760.8,84.24,90.47,-0.075,57.45,37.04,0,0,0,0.0,0.0,0,LOW
XYZ20T103192,2026-07-20,14169.8,85.83,89.58,-0.041,47.41,44.37,0,0,0,0.0,0.0,0,LOW
XYZ20T103197,2026-07-20,12424.6,81.54,86.72,0.012,71.25,35.08,0,0,0,0.0,0.0,0,LOW
XYZ20T100001,2026-07-21,15322.7,87.56,94.54,-0.085,63.77,35.12,0,0,0,0.0,0.0,0,LOW
XYZ20T100015,2026-07-21,9011.3,80.77,84.76,-0.123,63.07,33.62,0,0,0,0.0,0.0,0,LOW
XYZ20T100025,2026-07-21,2804.8,78.03,81.86,-0.17,51.28,36.39,0,0,0,0.0,0.0,0,LOW
XYZ20T100032,2026-07-21,11045.9,82.43,88.92,-0.363,52.9,31.75,0,0,0,0.0,0.0,0,LOW
XYZ20T100034,2026-07-21,7048.8,86.36,90.17,0.572,48.16,43.63,0,0,0,0.0033,0.3,0,LOW
XYZ20T100046,2026-07-21,4808.1,90.03,95.08,0.567,75.31,39.72,0,0,0,0.0588,5.9,0,LOW
XYZ20T100047,2026-07-21,2855.2,85.27,91.14,-0.126,39.1,39.64,1,0,0,0.0033,0.3,0,LOW
XYZ20T100053,2026-07-21,12990.1,82.12,86.37,-0.225,56.86,29.94,0,0,0,0.0,0.0,0,LOW
XYZ20T100054,2026-07-21,13690.4,82.47,87.19,0.041,77.71,30.98,0,0,0,0.0,0.0,0,LOW
XYZ20T100056,2026-07-21,15402.2,80.18,83.31,-1.26,58.65,31.31,0,0,0,0.0,0.0,0,LOW
XYZ20T100066,2026-07-21,10044.5,78.81,85.37,0.258,63.8,27.59,0,0,0,0.0,0.0,0,LOW
XYZ20T100070,2026-07-21,12440.5,78.92,85.54,0.026,51.74,33.54,0,0,0,0.0,0.0,0,LOW
XYZ20T100076,2026-07-21,4604.6,77.43,81.98,-0.052,50.53,33.45,0,0,0,0.0,0.0,0,LOW
XYZ20T100083,2026-07-21,8301.3,84.17,89.38,0.43,62.03,40.58,0,0,0,0.0,0.0,0,LOW
XYZ20T100091,2026-07-21,12921.4,79.69,83.03,-0.197,58.78,35.25,0,0,0,0.0,0.0,0,LOW
XYZ20T100096,2026-07-21,2018.6,78.61,84.53,-0.42,58.11,29.31,0,0,0,0.0,0.0,0,LOW
XYZ20T100105,2026-07-21,8027.5,81.01,87.76,-0.271,45.31,33.65,0,0,0,0.0,0.0,0,LOW
XYZ20T100110,2026-07-21,7721.4,86.99,96.03,1.431,50.08,30.49,0,0,0,0.534,53.4,1,HIGH
XYZ20T100112,2026-07-21,14466.9,83.53,87.74,-0.096,77.72,28.76,0,0,0,0.0033,0.3,0,LOW
XYZ20T100128,2026-07-21,13633.4,82.82,86.9,0.438,61.19,27.26,0,0,0,0.0,0.0,0,LOW
XYZ20T100138,2026-07-21,9686.3,84.1,88.2,0.193,65.45,39.04,0,0,0,0.0,0.0,0,LOW
XYZ20T100143,2026-07-21,3731.7,86.75,92.22,0.251,69.39,38.68,0,0,0,0.0,0.0,0,LOW
XYZ20T100145,2026-07-21,9313.1,79.35,82.89,-0.199,68.77,37.84,0,0,0,0.0,0.0,0,LOW
XYZ20T100148,2026-07-21,3718.8,87.74,91.15,0.374,75.6,31.1,0,0,0,0.0,0.0,0,LOW
XYZ20T100153,2026-07-21,14593.3,79.44,83.08,-0.004,44.21,26.28,0,0,0,0.0,0.0,0,LOW
XYZ20T100156,2026-07-21,4765.2,84.72,90.48,-0.153,63.29,23.98,0,0,0,0.0,0.0,0,LOW
XYZ20T100166,2026-07-21,2905.1,79.1,83.46,-0.162,55.71,45.13,0,0,0,0.0,0.0,0,LOW
XYZ20T100174,2026-07-21,23545.9,80.46,86.97,-0.019,54.07,35.19,0,0,0,0.0,0.0,0,LOW
XYZ20T100177,2026-07-21,1191.1,83.81,90.58,-0.04,68.56,40.41,0,0,0,0.0,0.0,0,LOW
XYZ20T100178,2026-07-21,20699.5,82.92,89.61,-0.336,51.71,27.71,0,0,0,0.0,0.0,0,LOW
XYZ20T100179,2026-07-21,1368.4,86.78,89.85,-0.283,67.34,35.33,0,0,0,0.0,0.0,0,LOW
XYZ20T100181,2026-07-21,19326.6,84.92,88.01,0.155,67.84,39.96,0,0,0,0.0,0.0,0,LOW
XYZ20T100182,2026-07-21,18636.6,84.37,89.51,0.008,73.99,31.03,0,0,0,0.0,0.0,0,LOW
XYZ20T100187,2026-07-21,14984.9,80.98,84.62,-0.006,62.96,47.34,0,0,0,0.0,0.0,0,LOW
XYZ20T100188,2026-07-21,16435.8,83.07,86.9,-0.297,65.19,32.9,0,0,0,0.0,0.0,0,LOW
XYZ20T100192,2026-07-21,21485.7,85.61,89.88,0.255,64.4,27.55,0,0,0,0.0,0.0,0,LOW
XYZ20T100196,2026-07-21,3832.9,78.76,84.95,0.056,54.48,34.48,0,0,0,0.0,0.0,0,LOW
XYZ20T100198,2026-07-21,1882.0,80.35,83.84,0.039,54.91,36.56,0,0,0,0.0,0.0,0,LOW
XYZ20T100200,2026-07-21,4140.5,84.08,87.12,0.354,57.28,41.21,0,0,0,0.0,0.0,0,LOW
XYZ20T100207,2026-07-21,6905.2,76.36,81.03,-0.308,47.89,37.95,0,0,0,0.0,0.0,0,LOW
XYZ20T100215,2026-07-21,7312.7,81.41,87.9,0.125,69.3,29.12,0,0,0,0.0,0.0,0,LOW
XYZ20T100243,2026-07-21,8599.8,79.95,83.91,0.074,51.15,33.88,0,0,0,0.0,0.0,0,LOW
XYZ20T100244,2026-07-21,3385.5,80.28,84.68,0.009,64.25,30.09,0,0,0,0.0,0.0,0,LOW
XYZ20T100250,2026-07-21,7148.4,80.19,85.52,-0.151,81.72,30.65,0,0,0,0.0,0.0,0,LOW
XYZ20T100255,2026-07-21,4764.8,81.47,84.91,-0.14,57.59,33.98,0,0,0,0.0,0.0,0,LOW
XYZ20T100258,2026-07-21,9488.7,79.38,83.99,-0.534,68.48,26.95,0,0,0,0.0,0.0,0,LOW
XYZ20T100260,2026-07-21,15819.8,86.95,92.9,0.342,71.87,38.52,1,0,0,0.01,1.0,0,LOW
XYZ20T100261,2026-07-21,16374.4,87.92,93.67,-0.056,69.28,42.83,0,0,0,0.0,0.0,0,LOW
XYZ20T100270,2026-07-21,6088.1,82.09,86.54,0.11,61.57,39.34,0,0,0,0.0,0.0,0,LOW
XYZ20T100274,2026-07-21,7501.4,81.79,86.52,-0.002,58.3,37.7,0,0,0,0.0,0.0,0,LOW
XYZ20T100293,2026-07-21,4529.7,80.83,84.46,0.659,67.59,34.3,0,0,0,0.0,0.0,0,LOW
XYZ20T100295,2026-07-21,812.8,81.72,88.65,0.053,74.55,33.75,0,0,0,0.0,0.0,0,LOW
XYZ20T100299,2026-07-21,19900.6,87.71,92.74,-0.371,76.4,29.78,0,0,0,0.0,0.0,0,LOW
XYZ20T100301,2026-07-21,18771.1,78.36,83.18,-0.504,49.34,32.0,0,0,0,0.0,0.0,0,LOW
XYZ20T100303,2026-07-21,24938.9,78.49,85.42,0.003,68.57,32.54,0,0,0,0.0,0.0,0,LOW
XYZ20T100304,2026-07-21,11047.0,84.47,88.84,0.097,61.39,29.73,0,0,0,0.0,0.0,0,LOW
XYZ20T100306,2026-07-21,12511.5,86.84,91.75,-0.074,64.93,33.16,0,0,0,0.0,0.0,0,LOW
XYZ20T100320,2026-07-21,817.8,78.48,83.06,-0.12,36.23,31.42,0,0,0,0.0,0.0,0,LOW
XYZ20T100324,2026-07-21,13013.2,86.33,92.24,-0.022,65.28,37.8,0,0,0,0.0,0.0,0,LOW
XYZ20T100327,2026-07-21,1712.1,81.47,88.13,0.496,43.42,33.93,0,0,0,0.0,0.0,0,LOW
XYZ20T100328,2026-07-21,17286.5,84.68,90.65,-0.123,61.47,34.28,0,0,0,0.0,0.0,0,LOW
XYZ20T100329,2026-07-21,3382.4,82.71,86.61,0.131,78.38,30.2,0,0,0,0.0,0.0,0,LOW
XYZ20T100331,2026-07-21,24899.8,84.96,91.65,0.013,53.85,32.3,0,0,0,0.0,0.0,0,LOW
XYZ20T100332,2026-07-21,24921.0,82.65,88.04,0.373,59.5,42.28,0,0,0,0.0,0.0,0,LOW
XYZ20T100338,2026-07-21,6538.8,78.95,85.01,-0.023,55.41,36.56,0,0,0,0.0,0.0,0,LOW
XYZ20T100339,2026-07-21,2963.1,84.95,88.78,-0.424,57.12,39.74,0,0,0,0.0,0.0,0,LOW
XYZ20T100350,2026-07-21,10906.0,84.68,91.59,-0.007,76.0,37.16,0,0,0,0.0,0.0,0,LOW
XYZ20T100361,2026-07-21,17463.3,83.76,88.98,0.389,57.83,44.19,0,0,0,0.0,0.0,0,LOW
XYZ20T100371,2026-07-21,10159.9,85.83,94.79,-0.027,48.73,31.24,0,0,0,0.0066,0.7,0,LOW
XYZ20T100373,2026-07-21,13738.0,85.04,91.18,1.221,59.4,31.38,0,0,0,0.0198,2.0,0,LOW
XYZ20T100377,2026-07-21,12321.0,82.17,86.34,-0.879,59.45,24.86,0,0,0,0.0,0.0,0,LOW
XYZ20T100379,2026-07-21,8503.2,83.78,88.35,-0.004,75.02,31.8,0,0,0,0.0,0.0,0,LOW
XYZ20T100380,2026-07-21,7559.1,78.51,82.31,-0.093,57.79,33.17,0,0,0,0.0,0.0,0,LOW
XYZ20T100382,2026-07-21,12275.4,93.72,101.93,1.109,71.78,31.31,0,1,0,0.7561,75.6,1,CRITICAL
XYZ20T100392,2026-07-21,15092.9,85.59,94.51,-0.37,62.09,39.89,0,0,0,0.0,0.0,0,LOW
XYZ20T100399,2026-07-21,4700.2,78.58,83.66,-0.35,75.99,39.97,0,0,0,0.0,0.0,0,LOW
XYZ20T100401,2026-07-21,10747.6,93.21,99.88,0.493,70.6,25.57,0,0,0,0.0296,3.0,0,LOW
XYZ20T100412,2026-07-21,2023.7,85.26,93.68,1.176,60.35,32.6,0,0,0,0.1643,16.4,0,LOW
XYZ20T100416,2026-07-21,2934.3,79.26,82.66,0.209,34.2,35.63,0,0,0,0.0,0.0,0,LOW
XYZ20T100418,2026-07-21,7492.9,95.79,102.75,1.714,58.14,26.73,0,1,0,0.5719,57.2,1,HIGH
XYZ20T100419,2026-07-21,7515.1,100.56,108.5,1.647,69.25,33.5,0,1,0,0.9363,93.6,1,CRITICAL
XYZ20T100424,2026-07-21,16355.1,79.24,83.4,-0.157,74.48,32.81,0,0,0,0.0,0.0,0,LOW
XYZ20T100427,2026-07-21,1712.1,82.29,87.24,-0.254,45.29,32.59,0,0,0,0.0,0.0,0,LOW
XYZ20T100430,2026-07-21,13586.5,81.67,86.47,0.078,63.01,25.97,0,0,0,0.0,0.0,0,LOW
XYZ20T100432,2026-07-21,706.2,88.79,94.97,0.062,57.25,32.89,0,0,0,0.0,0.0,0,LOW
XYZ20T100436,2026-07-21,3846.5,94.7,102.81,1.783,68.93,30.03,1,0,1,0.8934,89.3,1,CRITICAL
XYZ20T100440,2026-07-21,15417.6,81.09,87.94,0.246,58.21,40.74,0,0,0,0.0,0.0,0,LOW
XYZ20T100447,2026-07-21,7025.1,88.52,92.7,-0.115,56.53,38.08,0,0,0,0.0,0.0,0,LOW
XYZ20T100449,2026-07-21,12510.2,82.02,85.41,-0.012,59.17,35.96,0,0,0,0.0,0.0,0,LOW
XYZ20T100450,2026-07-21,6581.7,84.41,90.07,0.059,67.58,34.38,0,0,0,0.0,0.0,0,LOW
XYZ20T100452,2026-07-21,10009.3,92.72,102.24,0.73,33.58,22.84,1,1,0,0.1128,11.3,0,LOW
XYZ20T100457,2026-07-21,4966.6,78.43,84.3,0.295,58.27,26.32,0,0,0,0.0,0.0,0,LOW
XYZ20T100458,2026-07-21,4122.3,81.34,85.54,0.46,56.12,36.54,0,0,0,0.0,0.0,0,LOW
XYZ20T100462,2026-07-21,4266.4,87.14,90.35,-0.395,44.05,31.01,0,0,0,0.0,0.0,0,LOW
XYZ20T100468,2026-07-21,7044.9,84.85,91.28,-0.531,51.89,31.03,0,0,0,0.0,0.0,0,LOW
XYZ20T100469,2026-07-21,8297.8,82.91,86.04,0.13,77.34,39.49,0,0,0,0.0,0.0,0,LOW
XYZ20T100475,2026-07-21,14606.7,91.5,96.8,0.479,47.95,39.25,0,0,0,0.0229,2.3,0,LOW
XYZ20T100477,2026-07-21,5591.4,78.13,82.45,0.039,38.78,34.71,0,0,0,0.0,0.0,0,LOW
XYZ20T100483,2026-07-21,22513.3,85.75,89.01,0.419,55.07,42.27,0,0,0,0.0,0.0,0,LOW
XYZ20T100491,2026-07-21,8884.6,76.1,82.95,0.033,40.81,24.21,0,0,0,0.0,0.0,0,LOW
XYZ20T100498,2026-07-21,24938.6,86.87,91.09,0.361,55.34,27.54,0,0,0,0.0,0.0,0,LOW
XYZ20T100499,2026-07-21,15780.4,79.33,82.52,-0.495,50.83,32.06,0,0,0,0.0,0.0,0,LOW
XYZ20T100500,2026-07-21,1466.7,84.4,87.51,-1.124,43.15,38.39,0,0,0,0.0,0.0,0,LOW
XYZ20T100503,2026-07-21,11186.6,77.49,81.15,-1.374,65.17,29.97,0,0,0,0.0,0.0,0,LOW
XYZ20T100507,2026-07-21,5541.9,80.0,84.22,0.19,68.6,31.26,0,0,0,0.0,0.0,0,LOW
XYZ20T100517,2026-07-21,7935.9,84.32,90.41,-0.236,67.26,31.5,0,0,0,0.0,0.0,0,LOW
XYZ20T100528,2026-07-21,15096.8,82.53,88.26,0.391,71.79,43.61,0,0,0,0.0,0.0,0,LOW
XYZ20T100529,2026-07-21,16301.1,83.25,87.29,0.149,55.38,34.9,0,0,0,0.0,0.0,0,LOW
XYZ20T100533,2026-07-21,1923.7,86.51,91.67,0.253,68.46,33.79,0,0,0,0.0,0.0,0,LOW
XYZ20T100537,2026-07-21,23208.2,87.13,94.22,1.34,36.7,34.68,0,0,0,0.1453,14.5,0,LOW
XYZ20T100541,2026-07-21,13052.7,80.64,86.44,0.215,67.89,33.7,0,0,0,0.0,0.0,0,LOW
XYZ20T100551,2026-07-21,13004.2,79.4,82.62,-0.455,52.81,33.82,0,0,0,0.0,0.0,0,LOW
XYZ20T100552,2026-07-21,3443.0,79.09,85.97,-0.297,57.32,33.53,0,0,0,0.0,0.0,0,LOW
XYZ20T100556,2026-07-21,11081.1,80.18,86.24,0.105,65.61,39.16,0,0,0,0.0,0.0,0,LOW
XYZ20T100557,2026-07-21,8860.0,86.61,93.46,-0.331,52.67,28.64,0,0,0,0.0,0.0,0,LOW
XYZ20T100560,2026-07-21,801.3,77.71,81.74,0.024,65.07,36.47,0,0,0,0.0,0.0,0,LOW
XYZ20T100569,2026-07-21,9663.2,77.96,82.19,-0.125,50.85,32.92,0,0,0,0.0,0.0,0,LOW
XYZ20T100573,2026-07-21,2638.2,83.09,89.51,-0.699,88.98,38.53,0,0,0,0.0,0.0,0,LOW
XYZ20T100580,2026-07-21,6973.4,84.38,87.97,0.122,74.35,38.55,0,0,0,0.0,0.0,0,LOW
XYZ20T100581,2026-07-21,11306.6,84.66,90.74,0.146,52.51,32.51,0,0,0,0.0,0.0,0,LOW
XYZ20T100583,2026-07-21,14366.7,87.63,92.46,-0.158,62.65,37.11,0,0,0,0.0,0.0,0,LOW
XYZ20T100586,2026-07-21,11215.1,80.66,84.41,0.283,41.17,36.16,0,0,0,0.0,0.0,0,LOW
XYZ20T100591,2026-07-21,14020.0,88.2,93.39,0.251,51.63,37.3,0,0,0,0.0,0.0,0,LOW
XYZ20T100592,2026-07-21,24121.7,86.95,90.54,0.502,68.33,36.72,0,0,0,0.0,0.0,0,LOW
XYZ20T100594,2026-07-21,12401.8,84.45,90.41,0.02,77.86,28.29,0,0,0,0.0,0.0,0,LOW
XYZ20T100595,2026-07-21,7963.4,83.67,89.22,0.165,68.23,28.79,0,0,0,0.0,0.0,0,LOW
XYZ20T100597,2026-07-21,2490.7,86.35,94.19,1.536,66.29,27.09,0,0,0,0.1415,14.2,0,LOW
XYZ20T100600,2026-07-21,19862.3,78.89,82.9,-0.431,72.12,22.0,0,0,0,0.0,0.0,0,LOW
XYZ20T100604,2026-07-21,4240.2,84.63,91.6,0.709,51.94,39.04,0,0,0,0.0032,0.3,0,LOW
XYZ20T100610,2026-07-21,18822.9,81.41,85.17,0.347,52.3,33.52,0,0,0,0.0,0.0,0,LOW
XYZ20T100621,2026-07-21,8407.1,88.03,93.9,-1.585,54.43,31.29,0,0,0,0.0,0.0,0,LOW
XYZ20T100624,2026-07-21,5299.9,81.42,87.6,-0.238,60.95,31.39,0,0,0,0.0,0.0,0,LOW
XYZ20T100625,2026-07-21,7010.3,93.93,102.46,1.115,57.0,31.57,0,0,1,0.8518,85.2,1,CRITICAL
XYZ20T100630,2026-07-21,6205.5,82.33,88.72,-0.193,77.06,27.72,0,0,0,0.0,0.0,0,LOW
XYZ20T100633,2026-07-21,2784.3,81.62,84.74,-0.04,66.48,41.7,0,0,0,0.0,0.0,0,LOW
XYZ20T100636,2026-07-21,13047.5,78.05,84.25,0.176,68.81,33.44,0,0,0,0.0,0.0,0,LOW
XYZ20T100641,2026-07-21,14873.2,86.73,92.89,0.123,70.88,35.81,0,0,0,0.0,0.0,0,LOW
XYZ20T100643,2026-07-21,4226.4,80.11,83.33,-0.011,58.33,26.36,0,0,0,0.0,0.0,0,LOW
XYZ20T100652,2026-07-21,574.8,86.02,92.21,-0.299,78.55,29.35,0,0,0,0.0,0.0,0,LOW
XYZ20T100656,2026-07-21,15885.9,84.33,90.33,-0.148,61.13,31.88,0,0,0,0.0,0.0,0,LOW
XYZ20T100662,2026-07-21,17146.4,87.2,91.93,0.214,60.33,31.24,0,0,0,0.0,0.0,0,LOW
XYZ20T100675,2026-07-21,10026.0,81.83,85.81,-1.722,44.41,35.14,0,0,0,0.0,0.0,0,LOW
XYZ20T100676,2026-07-21,18269.7,81.73,87.2,-0.414,51.41,41.42,0,0,0,0.0,0.0,0,LOW
XYZ20T100684,2026-07-21,5651.3,80.17,84.84,0.124,57.63,34.94,0,0,0,0.0,0.0,0,LOW
XYZ20T100685,2026-07-21,1612.4,83.1,88.78,0.214,65.4,44.3,0,0,0,0.0,0.0,0,LOW
XYZ20T100704,2026-07-21,8770.5,77.42,82.94,-0.179,40.75,29.98,0,0,0,0.0,0.0,0,LOW
XYZ20T100712,2026-07-21,490.3,84.37,89.07,0.114,49.74,31.33,0,0,0,0.0,0.0,0,LOW
XYZ20T100714,2026-07-21,19059.1,82.75,88.94,-0.395,53.39,28.93,0,0,0,0.0,0.0,0,LOW
XYZ20T100716,2026-07-21,6037.0,80.57,84.85,0.261,65.39,30.89,0,0,0,0.0,0.0,0,LOW
XYZ20T100724,2026-07-21,4555.6,77.21,81.0,0.151,43.72,30.72,0,0,0,0.0,0.0,0,LOW
XYZ20T100726,2026-07-21,6329.0,83.12,86.59,0.019,51.4,36.29,0,0,0,0.0,0.0,0,LOW
XYZ20T100730,2026-07-21,5757.8,83.91,89.91,-0.193,66.12,29.09,0,0,0,0.0,0.0,0,LOW
XYZ20T100740,2026-07-21,12406.6,83.39,90.11,0.194,64.25,36.26,0,0,0,0.0,0.0,0,LOW
XYZ20T100747,2026-07-21,1622.1,80.94,84.3,-0.122,69.87,29.07,0,0,0,0.0,0.0,0,LOW
XYZ20T100759,2026-07-21,11438.0,86.91,91.43,0.333,47.19,33.21,0,0,0,0.0,0.0,0,LOW
XYZ20T100764,2026-07-21,19210.7,81.38,84.6,-0.343,44.14,32.85,0,0,0,0.0,0.0,0,LOW
XYZ20T100766,2026-07-21,19734.9,84.76,90.0,0.271,71.07,35.93,0,0,0,0.0,0.0,0,LOW
XYZ20T100773,2026-07-21,16922.9,80.69,85.98,-0.214,61.17,38.7,0,0,0,0.0,0.0,0,LOW
XYZ20T100778,2026-07-21,859.1,81.42,88.39,0.091,59.31,33.2,0,0,0,0.0,0.0,0,LOW
XYZ20T100781,2026-07-21,15804.2,81.45,87.2,-0.413,64.66,34.87,0,0,0,0.0,0.0,0,LOW
XYZ20T100793,2026-07-21,24858.3,80.63,83.88,-0.101,59.33,32.03,0,0,0,0.0,0.0,0,LOW
XYZ20T100796,2026-07-21,9684.4,84.31,89.65,-0.041,54.49,33.54,0,0,0,0.0,0.0,0,LOW
XYZ20T100809,2026-07-21,6276.7,81.86,88.15,0.216,63.5,40.55,0,0,0,0.0,0.0,0,LOW
XYZ20T100826,2026-07-21,17591.8,80.73,85.59,0.508,66.01,36.68,0,0,0,0.0,0.0,0,LOW
XYZ20T100827,2026-07-21,9930.4,86.82,93.3,0.035,76.33,28.25,0,0,0,0.0,0.0,0,LOW
XYZ20T100829,2026-07-21,15044.5,95.59,104.18,0.108,66.91,34.11,0,0,0,0.0232,2.3,0,LOW
XYZ20T100832,2026-07-21,16752.5,84.19,89.46,0.067,54.43,42.22,0,0,0,0.0,0.0,0,LOW
XYZ20T100833,2026-07-21,3807.8,91.98,96.96,0.691,62.87,29.26,0,0,0,0.1864,18.6,0,LOW
XYZ20T100840,2026-07-21,10989.8,86.63,90.95,0.16,72.12,33.36,0,0,0,0.0,0.0,0,LOW
XYZ20T100844,2026-07-21,2940.6,82.59,86.98,0.208,64.82,38.41,0,0,0,0.0,0.0,0,LOW
XYZ20T100848,2026-07-21,12922.1,77.6,82.7,0.424,51.79,39.19,0,0,0,0.0,0.0,0,LOW
XYZ20T100849,2026-07-21,10601.4,81.27,84.84,0.238,66.89,33.99,0,0,0,0.0,0.0,0,LOW
XYZ20T100851,2026-07-21,22355.9,78.03,84.69,0.096,55.72,34.83,0,0,0,0.0,0.0,0,LOW
XYZ20T100856,2026-07-21,20124.2,82.95,87.67,0.105,86.46,38.05,0,0,0,0.0,0.0,0,LOW
XYZ20T100858,2026-07-21,2959.6,86.17,92.37,-0.482,62.17,34.54,0,0,0,0.0,0.0,0,LOW
XYZ20T100868,2026-07-21,21187.1,87.12,94.06,1.015,56.66,34.8,0,0,0,0.1616,16.2,0,LOW
XYZ20T100869,2026-07-21,4276.1,87.99,91.42,0.036,58.26,37.78,0,0,0,0.0,0.0,0,LOW
XYZ20T100871,2026-07-21,8851.0,78.01,83.71,-0.179,48.15,26.62,0,0,0,0.0,0.0,0,LOW
XYZ20T100877,2026-07-21,17846.1,83.78,90.77,-2.023,58.72,31.39,0,0,0,0.0,0.0,0,LOW
XYZ20T100879,2026-07-21,9811.4,85.99,96.17,1.127,42.43,31.13,1,0,0,0.6429,64.3,1,HIGH
XYZ20T100881,2026-07-21,11850.8,86.74,92.21,-0.182,68.96,37.24,0,0,0,0.0,0.0,0,LOW
XYZ20T100884,2026-07-21,5707.9,87.86,92.85,0.306,63.1,34.73,0,0,0,0.0,0.0,0,LOW
XYZ20T100899,2026-07-21,10257.6,79.31,85.9,-0.062,44.04,31.32,0,0,0,0.0,0.0,0,LOW
XYZ20T100901,2026-07-21,6479.7,84.24,91.25,1.271,53.37,26.46,0,0,1,0.0462,4.6,0,LOW
XYZ20T100902,2026-07-21,22404.9,79.89,86.17,0.064,48.95,28.39,0,0,0,0.0,0.0,0,LOW
XYZ20T100907,2026-07-21,14866.9,80.56,86.9,-0.301,48.41,34.67,1,0,0,0.0,0.0,0,LOW
XYZ20T100908,2026-07-21,1924.0,86.35,92.47,0.272,60.34,36.11,0,0,0,0.0,0.0,0,LOW
XYZ20T100911,2026-07-21,2912.4,85.82,89.65,0.001,62.33,25.6,0,0,0,0.0,0.0,0,LOW
XYZ20T100915,2026-07-21,7622.8,83.74,89.57,-0.49,52.17,38.77,0,0,0,0.0,0.0,0,LOW
XYZ20T100919,2026-07-21,9519.8,77.28,83.28,-0.069,63.18,30.19,0,0,0,0.0,0.0,0,LOW
XYZ20T100924,2026-07-21,13723.4,85.1,90.43,-0.002,64.9,34.5,0,0,0,0.0,0.0,0,LOW
XYZ20T100926,2026-07-21,18284.0,84.25,89.79,0.019,75.14,24.01,0,0,0,0.0,0.0,0,LOW
XYZ20T100934,2026-07-21,4624.0,77.52,83.94,0.108,54.52,33.81,0,0,0,0.0,0.0,0,LOW
XYZ20T100947,2026-07-21,3896.4,90.37,98.45,0.182,58.74,36.88,0,0,0,0.0097,1.0,0,LOW
XYZ20T100976,2026-07-21,2092.2,79.04,83.13,0.407,50.13,30.61,0,0,0,0.0,0.0,0,LOW
XYZ20T100978,2026-07-21,17554.4,86.99,92.22,0.449,75.67,35.57,0,0,0,0.0,0.0,0,LOW
XYZ20T100986,2026-07-21,5212.8,83.4,89.61,-0.258,67.39,34.58,0,0,0,0.0,0.0,0,LOW
XYZ20T100988,2026-07-21,12901.2,81.69,87.47,-0.284,71.79,30.07,0,0,0,0.0,0.0,0,LOW
XYZ20T100989,2026-07-21,4843.0,84.96,91.31,-0.093,59.84,35.9,0,0,0,0.0,0.0,0,LOW
XYZ20T100991,2026-07-21,4659.0,87.16,91.14,0.052,60.83,38.07,0,0,0,0.0,0.0,0,LOW
XYZ20T100992,2026-07-21,3438.3,81.12,85.72,-1.35,53.4,40.4,0,0,0,0.0,0.0,0,LOW
XYZ20T100993,2026-07-21,2984.6,80.75,87.75,-0.063,62.03,29.35,0,0,0,0.0,0.0,0,LOW
XYZ20T100999,2026-07-21,5733.0,80.82,86.93,-1.406,52.18,38.2,0,0,0,0.0,0.0,0,LOW
XYZ20T101011,2026-07-21,4004.8,86.96,93.75,0.019,64.22,29.2,0,0,0,0.0,0.0,0,LOW
XYZ20T101013,2026-07-21,8706.3,83.16,88.18,0.232,61.04,28.97,0,0,0,0.0,0.0,0,LOW
XYZ20T101017,2026-07-21,15772.3,81.29,86.18,-1.461,66.33,33.57,0,0,0,0.0,0.0,0,LOW
XYZ20T101030,2026-07-21,14447.2,86.81,93.83,0.925,40.18,25.16,0,0,1,0.179,17.9,0,LOW
XYZ20T101041,2026-07-21,11091.7,87.31,92.99,0.029,72.39,27.19,0,0,0,0.0,0.0,0,LOW
XYZ20T101067,2026-07-21,4377.7,83.31,90.51,0.78,54.17,29.56,0,0,0,0.0,0.0,0,LOW
XYZ20T101069,2026-07-21,20662.4,85.55,89.46,0.227,58.47,36.86,0,0,0,0.0,0.0,0,LOW
XYZ20T101070,2026-07-21,807.0,85.47,91.84,0.332,69.52,27.72,0,0,0,0.0,0.0,0,LOW
XYZ20T101080,2026-07-21,2787.0,80.74,84.06,0.073,79.28,34.89,0,0,0,0.0,0.0,0,LOW
XYZ20T101090,2026-07-21,922.4,85.01,89.71,0.275,50.4,36.73,0,0,0,0.0,0.0,0,LOW
XYZ20T101094,2026-07-21,13406.2,78.45,83.56,0.026,54.17,29.5,0,0,0,0.0,0.0,0,LOW
XYZ20T101096,2026-07-21,2476.8,83.96,88.3,-1.94,60.14,33.05,0,0,0,0.0,0.0,0,LOW
XYZ20T101100,2026-07-21,5625.8,87.57,92.81,-1.621,50.83,38.31,0,0,0,0.0,0.0,0,LOW
XYZ20T101102,2026-07-21,24902.9,81.69,87.6,0.253,69.48,30.93,0,0,0,0.0,0.0,0,LOW
XYZ20T101107,2026-07-21,15856.3,79.21,82.45,0.022,72.0,37.14,0,0,0,0.0,0.0,0,LOW
XYZ20T101112,2026-07-21,5880.7,83.54,88.65,-0.643,56.95,33.11,0,0,0,0.0,0.0,0,LOW
XYZ20T101117,2026-07-21,3099.9,84.97,89.24,-0.056,46.32,39.97,0,0,0,0.0,0.0,0,LOW
XYZ20T101120,2026-07-21,12928.6,84.32,89.05,-0.437,35.71,26.27,0,0,0,0.0,0.0,0,LOW
XYZ20T101122,2026-07-21,10753.0,79.84,83.78,-1.764,76.96,40.48,0,0,0,0.0,0.0,0,LOW
XYZ20T101132,2026-07-21,3628.9,80.47,84.39,-0.066,61.38,35.87,0,0,0,0.0,0.0,0,LOW
XYZ20T101134,2026-07-21,21195.1,91.49,96.94,0.945,52.56,27.48,0,0,0,0.2889,28.9,0,LOW
XYZ20T101142,2026-07-21,5034.5,80.38,84.67,-0.351,41.6,33.11,0,0,0,0.0,0.0,0,LOW
XYZ20T101147,2026-07-21,24459.3,85.46,89.71,0.336,69.71,31.72,0,0,0,0.0,0.0,0,LOW
XYZ20T101149,2026-07-21,12476.7,80.57,84.87,-0.289,67.22,34.42,0,0,0,0.0,0.0,0,LOW
XYZ20T101150,2026-07-21,16909.5,77.76,82.24,0.059,58.25,31.51,0,0,0,0.0,0.0,0,LOW
XYZ20T101153,2026-07-21,4022.1,85.68,91.3,0.29,42.67,29.21,0,0,0,0.0,0.0,0,LOW
XYZ20T101156,2026-07-21,10566.3,78.59,84.81,0.029,58.25,28.96,0,0,0,0.0,0.0,0,LOW
XYZ20T101158,2026-07-21,5772.5,89.53,92.88,-0.026,81.98,26.14,0,0,0,0.0,0.0,0,LOW
XYZ20T101165,2026-07-21,18395.7,80.06,85.38,-0.057,61.62,35.18,0,0,0,0.0,0.0,0,LOW
XYZ20T101169,2026-07-21,11341.4,80.39,86.11,0.16,60.1,33.74,0,0,0,0.0,0.0,0,LOW
XYZ20T101173,2026-07-21,346.3,83.4,87.33,-0.255,71.13,29.61,0,0,0,0.0,0.0,0,LOW
XYZ20T101175,2026-07-21,4971.0,88.64,92.52,0.043,81.15,38.55,0,0,0,0.0,0.0,0,LOW
XYZ20T101192,2026-07-21,5499.5,86.82,90.31,0.339,61.72,38.15,0,0,0,0.0,0.0,0,LOW
XYZ20T101205,2026-07-21,8665.3,76.3,81.73,-0.245,56.4,33.17,0,0,0,0.0,0.0,0,LOW
XYZ20T101208,2026-07-21,10469.7,83.28,86.54,-0.452,38.0,38.21,0,0,0,0.0,0.0,0,LOW
XYZ20T101210,2026-07-21,7275.9,87.45,91.25,0.303,69.74,36.42,0,0,0,0.0,0.0,0,LOW
XYZ20T101215,2026-07-21,13669.3,94.96,104.56,0.925,74.24,39.13,1,0,0,0.8725,87.3,1,CRITICAL
XYZ20T101216,2026-07-21,1212.8,81.32,87.09,-0.11,44.32,35.37,0,0,0,0.0,0.0,0,LOW
XYZ20T101220,2026-07-21,17286.5,84.93,90.24,-0.248,45.91,27.02,0,0,0,0.0,0.0,0,LOW
XYZ20T101222,2026-07-21,24729.8,78.31,85.29,-0.402,67.93,27.41,0,0,0,0.0,0.0,0,LOW
XYZ20T101227,2026-07-21,696.3,101.18,113.63,1.549,67.3,31.65,1,1,0,0.9005,90.0,1,CRITICAL
XYZ20T101233,2026-07-21,10712.2,93.0,100.24,0.852,66.8,32.42,0,0,0,0.3142,31.4,1,MODERATE
XYZ20T101236,2026-07-21,10215.6,88.08,91.49,-0.177,73.98,38.86,0,0,0,0.0,0.0,0,LOW
XYZ20T101237,2026-07-21,1047.5,83.05,89.98,-0.55,40.63,31.21,0,0,0,0.0,0.0,0,LOW
XYZ20T101240,2026-07-21,2648.3,80.17,86.1,0.036,62.14,36.05,0,0,0,0.0,0.0,0,LOW
XYZ20T101242,2026-07-21,13383.4,84.74,91.43,0.082,77.33,36.71,0,0,0,0.0,0.0,0,LOW
XYZ20T101273,2026-07-21,14622.3,84.1,88.15,-0.281,57.43,34.45,0,0,0,0.0,0.0,0,LOW
XYZ20T101274,2026-07-21,3251.4,81.69,84.99,0.309,63.44,39.45,0,0,0,0.0,0.0,0,LOW
XYZ20T101275,2026-07-21,6644.1,80.49,84.45,0.141,74.42,38.77,0,0,0,0.0,0.0,0,LOW
XYZ20T101277,2026-07-21,14881.0,80.91,87.3,0.111,53.91,31.77,0,0,0,0.0,0.0,0,LOW
XYZ20T101280,2026-07-21,1077.3,83.55,89.67,-0.007,49.15,36.85,0,0,0,0.0,0.0,0,LOW
XYZ20T101286,2026-07-21,2238.3,81.72,86.22,0.086,55.74,32.65,0,0,0,0.0,0.0,0,LOW
XYZ20T101290,2026-07-21,14031.0,81.58,84.77,-0.124,57.75,38.63,1,0,0,0.0,0.0,0,LOW
XYZ20T101298,2026-07-21,21994.8,88.74,92.35,0.141,80.85,33.59,0,0,0,0.0,0.0,0,LOW
XYZ20T101299,2026-07-21,6291.4,85.06,88.13,-0.132,55.58,30.59,0,0,0,0.0,0.0,0,LOW
XYZ20T101301,2026-07-21,18546.6,77.11,84.0,-0.211,59.57,29.38,0,0,0,0.0,0.0,0,LOW
XYZ20T101306,2026-07-21,1068.6,84.7,90.16,0.191,52.62,37.45,0,0,0,0.0,0.0,0,LOW
XYZ20T101308,2026-07-21,8565.3,84.95,90.83,-0.086,55.51,30.06,1,0,0,0.0033,0.3,0,LOW
XYZ20T101317,2026-07-21,604.7,85.38,89.56,-0.304,51.7,33.21,0,0,0,0.0,0.0,0,LOW
XYZ20T101318,2026-07-21,7635.5,84.42,88.18,-0.665,54.9,31.7,0,0,0,0.0,0.0,0,LOW
XYZ20T101319,2026-07-21,20910.2,88.31,94.26,-1.255,68.5,37.51,0,0,0,0.0,0.0,0,LOW
XYZ20T101326,2026-07-21,4097.0,89.09,94.2,0.61,73.57,30.62,0,0,0,0.033,3.3,0,LOW
XYZ20T101334,2026-07-21,6039.4,85.97,89.4,0.026,53.28,28.48,0,0,0,0.0,0.0,0,LOW
XYZ20T101349,2026-07-21,13202.7,76.03,79.57,-0.562,37.74,31.82,0,0,0,0.0,0.0,0,LOW
XYZ20T101361,2026-07-21,2914.2,86.02,91.56,-0.153,45.43,39.87,0,0,0,0.0,0.0,0,LOW
XYZ20T101369,2026-07-21,10322.5,89.69,98.34,0.275,39.52,40.19,0,1,0,0.0392,3.9,0,LOW
XYZ20T101374,2026-07-21,13272.3,80.16,86.88,-2.306,37.22,38.63,0,0,0,0.0,0.0,0,LOW
XYZ20T101384,2026-07-21,14870.1,82.95,88.9,-1.29,47.85,36.58,0,0,0,0.0,0.0,0,LOW
XYZ20T101385,2026-07-21,13543.5,92.82,99.51,1.829,68.9,36.56,0,0,0,0.688,68.8,1,HIGH
XYZ20T101393,2026-07-21,17434.8,89.87,93.18,0.109,54.83,39.37,0,0,0,0.0033,0.3,0,LOW
XYZ20T101406,2026-07-21,16619.2,78.98,84.52,-0.362,65.33,42.5,0,0,0,0.0,0.0,0,LOW
XYZ20T101413,2026-07-21,14073.1,82.94,89.05,-0.681,56.66,33.49,0,0,0,0.0,0.0,0,LOW
XYZ20T101419,2026-07-21,12360.3,89.57,97.74,1.291,67.36,38.03,0,0,0,0.8719,87.2,1,CRITICAL
XYZ20T101423,2026-07-21,19023.4,96.55,102.49,1.534,69.84,28.57,0,1,0,0.8434,84.3,1,CRITICAL
XYZ20T101428,2026-07-21,6222.7,85.35,92.09,0.077,48.51,38.42,0,0,0,0.0,0.0,0,LOW
XYZ20T101431,2026-07-21,24937.4,89.99,94.25,-0.533,88.94,35.15,0,0,0,0.0033,0.3,0,LOW
XYZ20T101434,2026-07-21,11422.7,87.96,92.03,-0.079,80.58,33.29,0,0,0,0.0,0.0,0,LOW
XYZ20T101435,2026-07-21,12906.1,79.66,86.12,-0.396,59.1,35.12,0,0,0,0.0,0.0,0,LOW
XYZ20T101437,2026-07-21,3276.3,88.12,93.5,-0.157,79.61,31.16,0,0,0,0.0,0.0,0,LOW
XYZ20T101446,2026-07-21,9229.5,78.16,84.16,-0.43,58.08,22.36,0,0,0,0.0,0.0,0,LOW
XYZ20T101468,2026-07-21,8293.2,86.16,92.88,0.216,74.3,41.85,0,0,0,0.0,0.0,0,LOW
XYZ20T101479,2026-07-21,1392.3,85.01,93.3,1.528,42.18,30.76,0,0,0,0.2209,22.1,0,LOW
XYZ20T101484,2026-07-21,14382.4,79.44,85.85,-0.169,33.91,33.97,0,0,0,0.0033,0.3,0,LOW
XYZ20T101491,2026-07-21,13787.9,82.34,86.18,-0.165,50.05,38.15,0,0,0,0.0,0.0,0,LOW
XYZ20T101498,2026-07-21,13450.6,74.53,78.43,-0.736,29.46,26.28,0,0,0,0.0,0.0,0,LOW
XYZ20T101500,2026-07-21,4247.9,79.97,83.63,0.174,47.43,36.76,0,0,0,0.0,0.0,0,LOW
XYZ20T101501,2026-07-21,16243.2,87.56,91.27,0.257,55.33,34.65,0,0,0,0.0,0.0,0,LOW
XYZ20T101502,2026-07-21,10687.2,79.17,84.64,-0.029,59.77,39.62,0,0,0,0.0,0.0,0,LOW
XYZ20T101504,2026-07-21,7236.1,78.35,82.94,0.068,50.67,40.1,0,0,0,0.0,0.0,0,LOW
XYZ20T101511,2026-07-21,588.0,78.01,82.01,-0.721,48.33,28.35,0,0,0,0.0,0.0,0,LOW
XYZ20T101519,2026-07-21,13839.3,77.48,80.61,-0.261,41.97,31.01,0,0,0,0.0,0.0,0,LOW
XYZ20T101525,2026-07-21,8209.8,86.88,90.23,0.075,51.98,28.83,1,0,0,0.0,0.0,0,LOW
XYZ20T101526,2026-07-21,1208.8,77.86,81.96,-0.354,64.17,29.63,0,0,0,0.0,0.0,0,LOW
XYZ20T101530,2026-07-21,20173.7,80.98,87.09,-0.44,43.75,35.89,0,0,0,0.0,0.0,0,LOW
XYZ20T101534,2026-07-21,5846.5,77.18,81.34,0.134,55.66,29.7,1,0,0,0.0,0.0,0,LOW
XYZ20T101549,2026-07-21,1996.7,79.19,84.88,0.088,51.15,37.16,0,0,0,0.0,0.0,0,LOW
XYZ20T101550,2026-07-21,5012.2,77.57,82.14,-0.292,72.99,32.81,0,0,0,0.0,0.0,0,LOW
XYZ20T101551,2026-07-21,565.6,80.57,86.3,-0.014,61.98,36.37,0,0,0,0.0,0.0,0,LOW
XYZ20T101555,2026-07-21,12493.6,84.38,90.33,-0.048,61.51,26.04,0,0,0,0.0,0.0,0,LOW
XYZ20T101558,2026-07-21,6112.9,79.5,84.35,0.284,69.58,31.13,0,0,0,0.0,0.0,0,LOW
XYZ20T101562,2026-07-21,14173.4,82.88,87.16,-2.218,61.29,36.38,0,0,0,0.0,0.0,0,LOW
XYZ20T101567,2026-07-21,17168.1,81.73,86.19,-0.04,43.66,33.25,0,0,0,0.0,0.0,0,LOW
XYZ20T101573,2026-07-21,1896.8,87.23,91.14,0.397,54.2,30.07,0,0,0,0.0,0.0,0,LOW
XYZ20T101582,2026-07-21,15467.7,77.07,83.39,-0.816,54.18,26.77,0,0,0,0.0,0.0,0,LOW
XYZ20T101586,2026-07-21,16358.8,86.42,90.21,0.219,50.66,36.19,0,0,0,0.0,0.0,0,LOW
XYZ20T101593,2026-07-21,351.3,78.96,82.24,0.051,58.8,37.33,0,0,0,0.0,0.0,0,LOW
XYZ20T101594,2026-07-21,12709.5,80.15,84.97,-0.19,52.47,28.69,0,0,0,0.0,0.0,0,LOW
XYZ20T101629,2026-07-21,5872.1,80.79,84.25,0.159,59.8,31.47,0,0,0,0.0,0.0,0,LOW
XYZ20T101633,2026-07-21,13096.2,79.8,83.24,-0.206,39.94,32.89,0,0,0,0.0,0.0,0,LOW
XYZ20T101659,2026-07-21,6198.0,85.98,91.43,-0.092,69.96,38.81,0,0,0,0.0,0.0,0,LOW
XYZ20T101662,2026-07-21,11498.5,78.11,82.01,-0.185,66.22,33.88,0,0,0,0.0,0.0,0,LOW
XYZ20T101663,2026-07-21,20804.5,81.93,86.46,0.442,71.08,28.53,0,0,0,0.0,0.0,0,LOW
XYZ20T101669,2026-07-21,4324.8,82.65,89.15,-0.285,73.49,36.91,0,0,0,0.0,0.0,0,LOW
XYZ20T101677,2026-07-21,4100.1,83.29,89.88,0.386,75.19,35.49,0,0,0,0.0,0.0,0,LOW
XYZ20T101678,2026-07-21,5461.2,76.09,79.52,-0.326,42.57,37.63,0,0,0,0.0033,0.3,0,LOW
XYZ20T101685,2026-07-21,11641.6,77.66,84.28,-0.143,47.83,32.95,0,0,0,0.0,0.0,0,LOW
XYZ20T101692,2026-07-21,419.4,79.98,83.28,-0.19,66.63,26.92,0,0,0,0.0,0.0,0,LOW
XYZ20T101693,2026-07-21,22549.9,80.67,87.33,-1.469,71.41,24.27,0,0,0,0.0,0.0,0,LOW
XYZ20T101696,2026-07-21,15596.1,85.06,89.37,-1.813,68.41,42.41,0,0,0,0.0,0.0,0,LOW
XYZ20T101698,2026-07-21,4738.1,79.91,83.64,-0.272,51.62,30.17,0,0,0,0.0,0.0,0,LOW
XYZ20T101699,2026-07-21,24918.9,81.44,87.29,0.496,48.83,37.71,0,0,0,0.0,0.0,0,LOW
XYZ20T101702,2026-07-21,2266.8,81.38,87.08,-0.084,73.78,37.88,0,0,0,0.0,0.0,0,LOW
XYZ20T101718,2026-07-21,2572.3,85.18,92.05,0.388,55.74,40.11,0,0,0,0.0,0.0,0,LOW
XYZ20T101728,2026-07-21,529.9,87.2,94.08,-0.124,73.82,25.58,0,0,0,0.0,0.0,0,LOW
XYZ20T101733,2026-07-21,9295.6,86.55,92.56,-0.388,65.45,31.5,0,0,0,0.0,0.0,0,LOW
XYZ20T101735,2026-07-21,12561.8,78.44,83.92,-0.159,49.09,22.56,0,0,0,0.0,0.0,0,LOW
XYZ20T101740,2026-07-21,16734.3,80.15,86.0,-0.155,56.92,35.15,0,0,0,0.0,0.0,0,LOW
XYZ20T101764,2026-07-21,6336.2,82.6,88.13,0.02,67.78,34.63,0,0,0,0.0,0.0,0,LOW
XYZ20T101767,2026-07-21,1723.9,82.85,88.01,-0.184,44.12,40.62,0,0,0,0.0,0.0,0,LOW
XYZ20T101768,2026-07-21,3695.4,82.81,87.19,-0.397,57.59,33.3,0,0,0,0.0,0.0,0,LOW
XYZ20T101773,2026-07-21,11665.8,80.07,83.26,-0.034,71.27,28.68,0,0,0,0.0,0.0,0,LOW
XYZ20T101782,2026-07-21,4196.6,79.47,83.05,-0.316,55.36,31.98,0,0,0,0.0,0.0,0,LOW
XYZ20T101789,2026-07-21,8713.8,78.08,84.21,0.008,56.93,37.36,0,0,0,0.0,0.0,0,LOW
XYZ20T101790,2026-07-21,4231.5,90.89,97.97,0.976,49.13,34.7,0,0,0,0.7491,74.9,1,HIGH
XYZ20T101791,2026-07-21,16758.8,82.68,86.14,-0.282,47.87,28.27,0,0,0,0.0,0.0,0,LOW
XYZ20T101792,2026-07-21,1429.3,86.64,93.27,-0.154,64.57,32.04,0,0,0,0.0,0.0,0,LOW
XYZ20T101794,2026-07-21,10770.3,85.51,88.53,0.308,52.11,30.94,0,0,0,0.0,0.0,0,LOW
XYZ20T101805,2026-07-21,13020.9,84.33,88.56,0.066,44.99,34.14,0,0,0,0.0,0.0,0,LOW
XYZ20T101807,2026-07-21,9957.3,84.11,87.37,-0.192,47.29,32.44,0,0,0,0.0,0.0,0,LOW
XYZ20T101809,2026-07-21,11920.0,80.56,85.82,-0.622,48.92,26.84,0,0,0,0.0,0.0,0,LOW
XYZ20T101820,2026-07-21,8487.9,83.94,88.51,-0.392,75.08,37.48,0,0,0,0.0,0.0,0,LOW
XYZ20T101825,2026-07-21,10298.4,85.37,88.65,-0.365,76.65,26.13,0,0,0,0.0,0.0,0,LOW
XYZ20T101832,2026-07-21,13280.4,79.98,84.85,-0.347,56.92,26.37,0,0,0,0.0,0.0,0,LOW
XYZ20T101838,2026-07-21,12906.6,78.66,85.52,-1.399,63.89,25.08,0,0,0,0.0,0.0,0,LOW
XYZ20T101842,2026-07-21,6871.9,78.14,82.42,0.076,64.06,38.16,0,0,0,0.0,0.0,0,LOW
XYZ20T101848,2026-07-21,22153.6,78.04,81.72,-0.203,57.52,29.16,1,0,0,0.0,0.0,0,LOW
XYZ20T101861,2026-07-21,9771.4,77.17,83.01,-0.279,39.14,33.42,0,0,0,0.0,0.0,0,LOW
XYZ20T101862,2026-07-21,7580.7,89.32,93.44,0.134,56.8,48.0,0,0,0,0.0,0.0,0,LOW
XYZ20T101866,2026-07-21,5493.5,77.9,82.15,-0.28,54.77,35.04,0,0,0,0.0,0.0,0,LOW
XYZ20T101868,2026-07-21,6604.3,81.52,87.06,-1.199,65.11,37.79,0,0,0,0.0,0.0,0,LOW
XYZ20T101869,2026-07-21,4183.2,78.64,85.37,0.035,60.88,29.29,0,0,0,0.0,0.0,0,LOW
XYZ20T101884,2026-07-21,24885.2,83.15,89.66,-0.366,71.21,33.4,0,0,0,0.0,0.0,0,LOW
XYZ20T101886,2026-07-21,2641.0,85.34,88.95,-0.017,71.05,36.62,0,0,0,0.0,0.0,0,LOW
XYZ20T101892,2026-07-21,8851.3,82.76,88.85,0.154,48.1,35.06,0,0,0,0.0,0.0,0,LOW
XYZ20T101897,2026-07-21,20054.4,81.04,84.25,0.158,52.43,40.89,0,0,0,0.0,0.0,0,LOW
XYZ20T101898,2026-07-21,11900.7,84.51,88.55,-0.001,40.31,34.82,0,0,0,0.0,0.0,0,LOW
XYZ20T101900,2026-07-21,24905.7,84.14,87.41,0.035,38.64,34.09,0,0,0,0.0,0.0,0,LOW
XYZ20T101905,2026-07-21,18273.4,80.81,85.53,-0.251,51.16,33.35,0,0,0,0.0,0.0,0,LOW
XYZ20T101912,2026-07-21,6749.0,78.66,83.87,-0.299,43.49,35.05,0,0,0,0.0,0.0,0,LOW
XYZ20T101915,2026-07-21,593.3,88.28,94.93,-0.075,55.72,31.46,0,0,0,0.0,0.0,0,LOW
XYZ20T101917,2026-07-21,13527.4,82.66,87.17,0.149,71.22,27.1,0,0,0,0.0,0.0,0,LOW
XYZ20T101921,2026-07-21,15053.5,80.17,85.17,0.403,47.08,44.78,0,0,0,0.0,0.0,0,LOW
XYZ20T101922,2026-07-21,1225.4,95.2,104.83,1.52,52.1,30.91,0,1,0,0.9363,93.6,1,CRITICAL
XYZ20T101924,2026-07-21,14651.7,80.12,85.41,-0.045,54.36,32.74,0,0,0,0.0,0.0,0,LOW
XYZ20T101928,2026-07-21,14407.3,83.61,90.4,-1.714,64.04,34.77,0,0,0,0.0,0.0,0,LOW
XYZ20T101935,2026-07-21,3598.7,87.95,94.22,0.064,48.04,36.94,0,0,0,0.0,0.0,0,LOW
XYZ20T101946,2026-07-21,9754.8,90.23,94.89,0.199,77.1,38.28,0,0,0,0.0,0.0,0,LOW
XYZ20T101957,2026-07-21,14671.3,77.87,81.04,-0.188,48.6,30.52,0,0,0,0.0,0.0,0,LOW
XYZ20T101958,2026-07-21,24954.4,85.96,90.09,-0.529,52.31,37.45,0,0,0,0.0,0.0,0,LOW
XYZ20T101959,2026-07-21,12725.6,77.41,80.79,-0.452,49.94,34.24,0,0,0,0.0,0.0,0,LOW
XYZ20T101960,2026-07-21,11729.9,80.75,84.93,-1.656,62.03,34.16,0,0,0,0.0,0.0,0,LOW
XYZ20T101964,2026-07-21,3379.0,89.17,93.17,0.167,68.62,34.81,0,0,0,0.0,0.0,0,LOW
XYZ20T101965,2026-07-21,6513.0,83.24,90.09,0.112,38.18,33.23,0,0,0,0.0,0.0,0,LOW
XYZ20T101978,2026-07-21,18218.4,82.67,88.7,-0.348,59.34,36.53,0,0,0,0.0,0.0,0,LOW
XYZ20T101983,2026-07-21,460.7,83.65,90.1,0.025,54.31,25.56,0,0,0,0.0,0.0,0,LOW
XYZ20T101996,2026-07-21,11390.7,82.25,85.55,-0.215,58.53,32.73,0,0,0,0.0,0.0,0,LOW
XYZ20T102000,2026-07-21,595.6,83.35,87.61,-0.015,51.71,31.62,0,0,0,0.0,0.0,0,LOW
XYZ20T102004,2026-07-21,727.1,80.26,84.92,-2.07,78.08,34.46,0,0,0,0.0,0.0,0,LOW
XYZ20T102009,2026-07-21,23378.3,87.58,93.91,0.218,61.65,41.73,0,0,0,0.0,0.0,0,LOW
XYZ20T102012,2026-07-21,3657.5,80.43,83.6,0.22,55.05,38.65,0,0,0,0.0,0.0,0,LOW
XYZ20T102025,2026-07-21,14559.8,80.53,83.7,0.037,48.83,35.63,0,0,0,0.0,0.0,0,LOW
XYZ20T102026,2026-07-21,2713.9,85.47,90.24,0.122,73.32,28.33,0,0,0,0.0,0.0,0,LOW
XYZ20T102029,2026-07-21,17039.4,90.64,97.37,1.209,46.74,35.36,0,0,1,0.66,66.0,1,HIGH
XYZ20T102030,2026-07-21,3063.8,87.44,90.86,-1.054,69.57,29.84,0,0,0,0.0,0.0,0,LOW
XYZ20T102031,2026-07-21,2804.9,94.62,104.1,1.27,58.95,44.42,0,1,0,0.9221,92.2,1,CRITICAL
XYZ20T102038,2026-07-21,10745.9,78.53,83.38,-0.223,61.4,34.99,0,0,0,0.0,0.0,0,LOW
XYZ20T102041,2026-07-21,7871.1,82.01,87.55,-1.23,54.12,36.81,0,0,0,0.0,0.0,0,LOW
XYZ20T102046,2026-07-21,5963.0,78.63,84.41,-0.256,43.65,28.75,0,0,0,0.0,0.0,0,LOW
XYZ20T102048,2026-07-21,9258.7,91.14,97.94,1.253,57.38,27.93,1,1,0,0.2026,20.3,0,LOW
XYZ20T102053,2026-07-21,12548.7,81.13,87.83,-0.229,71.33,38.49,0,0,0,0.0,0.0,0,LOW
XYZ20T102054,2026-07-21,14021.3,87.36,92.32,-0.332,68.56,39.88,0,0,0,0.0,0.0,0,LOW
XYZ20T102055,2026-07-21,4323.0,81.33,86.39,0.04,46.47,44.92,0,0,0,0.0,0.0,0,LOW
XYZ20T102060,2026-07-21,9909.9,87.74,92.67,0.344,58.92,26.36,0,0,0,0.0,0.0,0,LOW
XYZ20T102065,2026-07-21,8945.1,83.25,89.39,0.351,46.99,38.91,0,0,0,0.0,0.0,0,LOW
XYZ20T102073,2026-07-21,1913.4,84.65,90.16,0.592,58.08,32.4,0,0,0,0.0033,0.3,0,LOW
XYZ20T102090,2026-07-21,9963.5,83.39,90.05,-1.215,38.18,33.64,0,0,0,0.0,0.0,0,LOW
XYZ20T102097,2026-07-21,564.2,87.37,91.34,0.101,70.76,27.15,0,0,0,0.0,0.0,0,LOW
XYZ20T102102,2026-07-21,11829.8,81.51,85.53,-0.078,67.76,29.37,0,0,0,0.0,0.0,0,LOW
XYZ20T102103,2026-07-21,4807.9,83.97,89.23,-0.108,81.68,35.36,0,0,0,0.0,0.0,0,LOW
XYZ20T102108,2026-07-21,18235.2,88.53,94.55,0.116,76.4,37.46,0,0,0,0.0,0.0,0,LOW
XYZ20T102121,2026-07-21,4023.0,77.58,83.67,-1.385,54.54,29.9,0,0,0,0.0,0.0,0,LOW
XYZ20T102127,2026-07-21,5560.5,80.44,85.34,0.035,60.95,36.25,0,0,0,0.0,0.0,0,LOW
XYZ20T102132,2026-07-21,5921.0,88.29,95.61,1.068,60.57,30.95,0,0,0,0.471,47.1,1,MODERATE
XYZ20T102138,2026-07-21,1995.5,80.32,87.29,-0.03,82.54,31.77,0,0,0,0.0,0.0,0,LOW
XYZ20T102169,2026-07-21,4325.6,79.71,84.68,0.109,54.76,36.02,0,0,0,0.0,0.0,0,LOW
XYZ20T102176,2026-07-21,1869.9,83.05,88.76,-1.483,79.66,41.41,0,0,0,0.0,0.0,0,LOW
XYZ20T102178,2026-07-21,24909.7,79.42,83.22,-0.15,62.86,28.28,0,0,0,0.0,0.0,0,LOW
XYZ20T102182,2026-07-21,18739.3,83.97,88.82,-0.269,55.18,29.96,0,0,0,0.0,0.0,0,LOW
XYZ20T102191,2026-07-21,8450.1,79.54,85.2,-0.187,56.93,36.11,0,0,0,0.0,0.0,0,LOW
XYZ20T102196,2026-07-21,13836.1,83.65,90.45,0.592,69.19,37.31,0,0,0,0.0,0.0,0,LOW
XYZ20T102203,2026-07-21,12108.2,78.57,81.78,-0.127,51.12,29.11,0,0,0,0.0,0.0,0,LOW
XYZ20T102212,2026-07-21,2684.6,86.99,93.72,0.096,53.76,33.99,0,0,0,0.0,0.0,0,LOW
XYZ20T102214,2026-07-21,19723.7,85.32,91.86,-0.435,51.61,40.91,0,0,0,0.0,0.0,0,LOW
XYZ20T102217,2026-07-21,5626.9,82.42,88.33,0.11,49.73,38.07,0,0,0,0.0,0.0,0,LOW
XYZ20T102223,2026-07-21,11961.1,84.24,87.28,-0.014,61.51,37.34,0,0,0,0.0,0.0,0,LOW
XYZ20T102226,2026-07-21,3092.5,84.39,88.84,-0.073,57.51,31.53,0,0,0,0.0,0.0,0,LOW
XYZ20T102230,2026-07-21,11696.6,84.29,88.3,0.199,60.68,40.51,0,0,0,0.0,0.0,0,LOW
XYZ20T102240,2026-07-21,11247.7,92.19,99.83,0.974,72.67,31.84,0,0,0,0.713,71.3,1,HIGH
XYZ20T102251,2026-07-21,12523.2,81.97,86.58,-0.173,53.0,29.84,0,0,0,0.0,0.0,0,LOW
XYZ20T102259,2026-07-21,17024.8,78.4,83.78,-0.305,44.04,22.87,0,0,0,0.0,0.0,0,LOW
XYZ20T102267,2026-07-21,11769.6,83.9,89.7,0.332,65.19,35.69,0,0,0,0.0,0.0,0,LOW
XYZ20T102268,2026-07-21,12496.8,81.14,84.46,0.198,32.42,36.67,0,0,0,0.0,0.0,0,LOW
XYZ20T102285,2026-07-21,19877.1,92.39,100.03,1.216,73.63,31.48,0,0,0,0.7896,79.0,1,CRITICAL
XYZ20T102287,2026-07-21,2783.3,85.45,92.14,0.17,62.42,29.34,0,0,0,0.0,0.0,0,LOW
XYZ20T102291,2026-07-21,14670.8,79.82,84.06,-0.546,67.4,35.23,0,0,0,0.0,0.0,0,LOW
XYZ20T102294,2026-07-21,1531.7,81.86,87.19,-1.637,49.63,37.94,0,0,0,0.0,0.0,0,LOW
XYZ20T102325,2026-07-21,13970.1,83.46,86.89,-0.133,63.41,35.29,0,0,0,0.0,0.0,0,LOW
XYZ20T102327,2026-07-21,12136.3,82.23,89.04,-0.061,42.01,32.09,0,0,0,0.0,0.0,0,LOW
XYZ20T102330,2026-07-21,16371.2,82.04,87.16,-0.243,66.58,28.11,0,0,0,0.0,0.0,0,LOW
XYZ20T102345,2026-07-21,20200.5,86.97,91.8,-1.133,44.75,34.71,0,0,0,0.0,0.0,0,LOW
XYZ20T102348,2026-07-21,15367.6,84.98,88.68,-1.162,80.68,28.1,0,0,0,0.0,0.0,0,LOW
XYZ20T102358,2026-07-21,6594.5,82.98,87.93,0.263,81.02,32.25,0,0,0,0.0,0.0,0,LOW
XYZ20T102367,2026-07-21,3278.9,82.19,86.15,-0.019,47.43,45.36,0,0,0,0.0,0.0,0,LOW
XYZ20T102369,2026-07-21,7635.6,92.71,100.38,1.174,62.93,31.25,0,0,0,0.9349,93.5,1,CRITICAL
XYZ20T102373,2026-07-21,4404.2,84.28,90.31,0.106,70.29,40.14,0,0,0,0.0,0.0,0,LOW
XYZ20T102375,2026-07-21,6149.5,78.12,84.58,-0.225,46.86,34.79,0,0,0,0.0,0.0,0,LOW
XYZ20T102376,2026-07-21,19616.6,90.18,96.56,0.244,76.61,22.3,0,0,0,0.0,0.0,0,LOW
XYZ20T102389,2026-07-21,6968.9,91.24,100.59,1.045,41.49,33.06,1,0,1,0.7825,78.3,1,CRITICAL
XYZ20T102391,2026-07-21,1637.0,83.67,87.02,-0.235,45.6,29.11,0,0,0,0.0,0.0,0,LOW
XYZ20T102392,2026-07-21,14446.9,82.55,88.45,-0.105,69.62,32.55,0,0,0,0.0,0.0,0,LOW
XYZ20T102403,2026-07-21,13618.6,82.76,89.6,-0.142,54.53,35.36,0,0,0,0.0,0.0,0,LOW
XYZ20T102405,2026-07-21,8325.0,82.43,85.69,0.373,71.73,43.93,0,0,0,0.0,0.0,0,LOW
XYZ20T102413,2026-07-21,10544.4,81.61,88.13,-0.006,52.36,34.11,0,0,0,0.0,0.0,0,LOW
XYZ20T102420,2026-07-21,9561.8,83.14,88.63,0.224,54.11,39.88,0,0,0,0.0,0.0,0,LOW
XYZ20T102424,2026-07-21,13272.7,83.03,91.45,0.363,70.2,30.4,0,0,0,0.0,0.0,0,LOW
XYZ20T102428,2026-07-21,10373.2,80.42,85.88,0.117,32.32,34.41,0,0,0,0.0,0.0,0,LOW
XYZ20T102429,2026-07-21,2979.5,86.82,93.06,-0.174,41.18,33.04,1,0,0,0.0166,1.7,0,LOW
XYZ20T102432,2026-07-21,24928.1,90.02,97.2,0.752,69.19,32.16,0,1,0,0.1671,16.7,0,LOW
XYZ20T102436,2026-07-21,1171.0,79.45,85.04,0.133,51.75,38.32,0,0,0,0.0,0.0,0,LOW
XYZ20T102450,2026-07-21,12067.8,77.26,82.31,-0.227,42.58,33.93,0,0,0,0.0,0.0,0,LOW
XYZ20T102452,2026-07-21,17189.8,85.27,90.66,0.397,47.21,36.61,0,0,0,0.0,0.0,0,LOW
XYZ20T102453,2026-07-21,6970.7,94.6,102.5,0.764,62.47,41.32,1,0,1,0.5664,56.6,1,HIGH
XYZ20T102454,2026-07-21,3220.3,78.07,82.64,-0.079,55.12,26.71,0,0,0,0.0,0.0,0,LOW
XYZ20T102457,2026-07-21,7565.4,80.22,85.65,-0.209,47.4,31.35,0,0,0,0.0,0.0,0,LOW
XYZ20T102462,2026-07-21,5726.1,78.37,84.42,-2.057,64.6,35.69,0,0,0,0.0,0.0,0,LOW
XYZ20T102463,2026-07-21,24858.8,85.58,91.18,0.593,31.88,34.42,0,0,0,0.0431,4.3,0,LOW
XYZ20T102471,2026-07-21,4036.0,79.59,86.23,-1.49,79.62,37.48,0,0,0,0.0,0.0,0,LOW
XYZ20T102479,2026-07-21,2691.8,85.76,94.85,1.004,51.68,32.47,0,1,0,0.1122,11.2,0,LOW
XYZ20T102482,2026-07-21,14603.4,82.81,87.68,-0.025,69.95,39.05,0,0,0,0.0,0.0,0,LOW
XYZ20T102488,2026-07-21,12387.8,80.34,86.85,-0.007,62.35,30.69,0,0,0,0.0,0.0,0,LOW
XYZ20T102491,2026-07-21,6035.0,89.04,92.57,-1.526,45.97,39.63,0,0,0,0.0,0.0,0,LOW
XYZ20T102501,2026-07-21,841.7,87.12,90.73,0.352,55.78,36.65,0,0,0,0.0,0.0,0,LOW
XYZ20T102510,2026-07-21,10580.1,89.75,95.4,0.327,76.73,39.22,0,0,0,0.0,0.0,0,LOW
XYZ20T102517,2026-07-21,11067.6,79.78,83.37,0.126,56.1,29.59,0,0,0,0.0,0.0,0,LOW
XYZ20T102524,2026-07-21,1160.5,82.34,88.71,0.372,76.41,42.31,0,0,0,0.0,0.0,0,LOW
XYZ20T102527,2026-07-21,20269.1,87.87,92.43,-0.055,72.84,29.58,0,0,0,0.0,0.0,0,LOW
XYZ20T102528,2026-07-21,14351.0,85.01,88.06,0.019,69.88,31.0,0,0,0,0.0,0.0,0,LOW
XYZ20T102545,2026-07-21,24213.3,81.42,85.36,0.213,72.42,40.34,0,0,0,0.0199,2.0,0,LOW
XYZ20T102555,2026-07-21,11203.0,85.51,88.93,0.115,77.9,27.47,0,0,0,0.0,0.0,0,LOW
XYZ20T102557,2026-07-21,22268.6,80.03,83.43,-0.603,67.51,28.62,0,0,0,0.0,0.0,0,LOW
XYZ20T102561,2026-07-21,4584.9,87.01,91.99,0.051,69.88,23.75,0,0,0,0.0,0.0,0,LOW
XYZ20T102562,2026-07-21,335.8,79.12,84.74,0.714,48.69,32.18,0,0,0,0.0033,0.3,0,LOW
XYZ20T102568,2026-07-21,17592.8,86.24,91.66,0.453,48.74,29.38,0,1,0,0.0,0.0,0,LOW
XYZ20T102572,2026-07-21,8566.9,77.06,83.0,-0.391,46.47,35.27,0,0,0,0.0,0.0,0,LOW
XYZ20T102578,2026-07-21,3698.9,79.38,83.45,-0.006,49.06,28.42,0,0,0,0.0,0.0,0,LOW
XYZ20T102582,2026-07-21,11914.5,75.37,81.44,-0.243,63.12,32.56,0,0,0,0.0,0.0,0,LOW
XYZ20T102587,2026-07-21,1466.1,85.88,91.39,-0.142,59.91,34.66,0,0,0,0.0,0.0,0,LOW
XYZ20T102591,2026-07-21,17925.6,87.77,93.85,0.151,55.75,34.73,0,0,0,0.0,0.0,0,LOW
XYZ20T102597,2026-07-21,6699.8,77.34,84.15,-0.083,51.19,32.19,0,0,0,0.0,0.0,0,LOW
XYZ20T102600,2026-07-21,1049.5,78.38,82.69,0.173,60.39,37.27,0,0,0,0.0,0.0,0,LOW
XYZ20T102605,2026-07-21,23211.9,79.03,82.27,-0.174,44.75,44.86,0,0,0,0.0,0.0,0,LOW
XYZ20T102622,2026-07-21,1142.2,82.05,87.75,0.13,65.52,30.37,0,0,0,0.0,0.0,0,LOW
XYZ20T102626,2026-07-21,15334.1,88.33,93.08,0.134,50.0,30.04,0,0,0,0.0,0.0,0,LOW
XYZ20T102629,2026-07-21,11328.4,79.31,84.36,-0.216,63.74,35.35,0,0,0,0.0,0.0,0,LOW
XYZ20T102634,2026-07-21,17788.2,86.19,89.42,-0.22,64.37,35.45,0,0,0,0.0,0.0,0,LOW
XYZ20T102639,2026-07-21,17174.1,79.15,83.03,-0.177,63.41,27.66,0,0,0,0.0,0.0,0,LOW
XYZ20T102640,2026-07-21,5871.5,86.28,90.66,-0.363,60.02,33.07,0,0,0,0.0,0.0,0,LOW
XYZ20T102642,2026-07-21,17093.9,79.68,86.64,0.384,66.81,43.71,0,0,0,0.0,0.0,0,LOW
XYZ20T102643,2026-07-21,13602.2,82.34,89.29,-1.514,61.57,35.83,0,0,0,0.0,0.0,0,LOW
XYZ20T102649,2026-07-21,16174.7,83.43,87.95,0.087,47.87,37.41,0,0,0,0.0,0.0,0,LOW
XYZ20T102652,2026-07-21,10923.9,81.48,87.1,-0.877,67.36,35.13,0,0,0,0.0,0.0,0,LOW
XYZ20T102669,2026-07-21,9798.1,85.6,94.06,0.586,48.36,37.14,0,0,0,0.0229,2.3,0,LOW
XYZ20T102674,2026-07-21,5714.3,83.21,86.72,0.444,68.02,38.4,0,0,0,0.0,0.0,0,LOW
XYZ20T102675,2026-07-21,4013.9,86.66,90.55,0.265,50.55,32.93,0,0,0,0.0,0.0,0,LOW
XYZ20T102688,2026-07-21,23341.0,84.88,91.62,0.216,78.52,44.59,0,0,0,0.0,0.0,0,LOW
XYZ20T102691,2026-07-21,3468.0,79.07,85.53,0.127,62.65,38.93,0,0,0,0.0,0.0,0,LOW
XYZ20T102694,2026-07-21,10234.4,91.87,101.96,1.619,68.04,39.81,0,0,0,0.9289,92.9,1,CRITICAL
XYZ20T102695,2026-07-21,2854.2,85.45,89.75,0.639,57.57,40.74,0,0,0,0.0,0.0,0,LOW
XYZ20T102696,2026-07-21,10370.3,78.87,83.9,-0.099,57.06,35.66,0,0,0,0.0,0.0,0,LOW
XYZ20T102701,2026-07-21,9255.4,94.98,103.65,1.321,83.4,37.98,0,0,0,0.8595,86.0,1,CRITICAL
XYZ20T102703,2026-07-21,18617.5,89.53,98.09,-0.263,51.16,26.63,0,0,0,0.0165,1.6,0,LOW
XYZ20T102704,2026-07-21,9255.5,83.32,89.93,-0.067,52.02,36.99,0,0,0,0.0,0.0,0,LOW
XYZ20T102706,2026-07-21,13236.3,83.68,86.89,-0.129,77.64,37.62,0,0,0,0.0,0.0,0,LOW
XYZ20T102709,2026-07-21,615.6,84.03,87.88,-0.06,58.33,37.69,0,0,0,0.0,0.0,0,LOW
XYZ20T102713,2026-07-21,21981.6,82.37,87.44,0.016,64.43,30.24,0,0,0,0.0,0.0,0,LOW
XYZ20T102714,2026-07-21,4470.5,80.33,86.77,-2.024,79.26,32.73,0,0,0,0.0,0.0,0,LOW
XYZ20T102716,2026-07-21,17608.4,82.25,87.54,-0.447,63.31,36.15,0,0,0,0.0,0.0,0,LOW
XYZ20T102719,2026-07-21,13380.6,86.03,90.86,0.048,73.22,26.86,0,0,0,0.0,0.0,0,LOW
XYZ20T102730,2026-07-21,10382.7,80.31,83.33,-0.538,46.2,27.06,0,0,0,0.0033,0.3,0,LOW
XYZ20T102734,2026-07-21,981.7,86.71,92.46,0.397,65.9,32.41,0,0,0,0.0,0.0,0,LOW
XYZ20T102735,2026-07-21,10493.5,87.18,92.39,-0.368,65.45,27.07,0,0,0,0.0,0.0,0,LOW
XYZ20T102745,2026-07-21,20161.2,80.64,83.81,-0.274,65.05,31.49,0,0,0,0.0,0.0,0,LOW
XYZ20T102761,2026-07-21,18420.0,79.78,86.48,0.475,75.77,30.61,0,0,0,0.0,0.0,0,LOW
XYZ20T102763,2026-07-21,16098.0,90.3,96.74,0.41,47.97,31.03,0,0,0,0.013,1.3,0,LOW
XYZ20T102764,2026-07-21,17021.9,86.2,89.87,0.114,80.99,30.36,0,0,0,0.0,0.0,0,LOW
XYZ20T102770,2026-07-21,11851.3,81.52,87.09,-0.523,32.38,30.65,0,0,0,0.0,0.0,0,LOW
XYZ20T102772,2026-07-21,1727.2,80.47,84.36,-0.141,61.2,39.43,0,0,0,0.0,0.0,0,LOW
XYZ20T102784,2026-07-21,11376.9,81.56,85.01,0.422,81.29,34.27,0,0,0,0.0,0.0,0,LOW
XYZ20T102790,2026-07-21,23168.1,83.27,88.25,-0.171,68.17,34.86,0,0,0,0.0,0.0,0,LOW
XYZ20T102791,2026-07-21,6762.8,81.75,85.99,0.25,47.85,33.27,0,0,0,0.0,0.0,0,LOW
XYZ20T102798,2026-07-21,9803.6,89.33,92.72,-1.291,64.94,30.63,0,0,0,0.0,0.0,0,LOW
XYZ20T102805,2026-07-21,8463.3,79.61,82.95,-0.482,63.64,34.94,0,0,0,0.0,0.0,0,LOW
XYZ20T102806,2026-07-21,16323.8,83.09,87.92,-0.327,75.93,32.48,0,0,0,0.0,0.0,0,LOW
XYZ20T102814,2026-07-21,3652.7,82.41,88.76,0.444,60.68,38.4,0,0,0,0.0,0.0,0,LOW
XYZ20T102815,2026-07-21,16676.3,85.33,89.47,-0.685,55.68,34.66,0,0,0,0.0,0.0,0,LOW
XYZ20T102820,2026-07-21,2848.8,83.86,88.02,-0.045,55.16,35.06,0,0,0,0.0,0.0,0,LOW
XYZ20T102825,2026-07-21,13958.0,88.42,95.96,0.73,78.2,25.05,1,0,1,0.1357,13.6,0,LOW
XYZ20T102833,2026-07-21,14468.1,87.64,95.45,1.196,52.88,35.9,0,1,0,0.554,55.4,1,HIGH
XYZ20T102834,2026-07-21,524.1,95.29,102.24,1.888,50.64,39.98,0,0,0,0.6056,60.6,1,HIGH
XYZ20T102841,2026-07-21,2156.1,89.24,95.16,0.085,70.73,40.82,0,0,0,0.0,0.0,0,LOW
XYZ20T102845,2026-07-21,14241.1,84.81,90.77,-0.152,64.13,33.36,0,0,0,0.0,0.0,0,LOW
XYZ20T102855,2026-07-21,1713.5,85.22,91.06,-0.344,71.85,31.16,0,0,0,0.0,0.0,0,LOW
XYZ20T102856,2026-07-21,2621.3,81.81,87.82,-0.247,64.28,23.76,0,0,0,0.0,0.0,0,LOW
XYZ20T102885,2026-07-21,8148.8,82.79,86.71,0.013,71.92,27.08,0,0,0,0.0,0.0,0,LOW
XYZ20T102891,2026-07-21,7819.4,80.07,85.04,0.063,41.49,30.93,0,0,0,0.0,0.0,0,LOW
XYZ20T102896,2026-07-21,948.5,87.56,95.92,0.205,43.74,39.58,0,1,0,0.0067,0.7,0,LOW
XYZ20T102903,2026-07-21,1533.1,81.8,84.81,-0.152,58.97,24.18,1,0,0,0.0033,0.3,0,LOW
XYZ20T102904,2026-07-21,4145.0,80.11,85.05,-0.044,76.19,41.27,0,0,0,0.0,0.0,0,LOW
XYZ20T102907,2026-07-21,4145.8,87.63,92.88,0.438,65.45,30.82,0,0,0,0.0,0.0,0,LOW
XYZ20T102910,2026-07-21,5653.2,83.41,87.89,-0.231,56.53,33.08,0,0,0,0.0,0.0,0,LOW
XYZ20T102912,2026-07-21,3863.2,92.48,99.73,0.978,46.5,40.37,0,0,0,0.8652,86.5,1,CRITICAL
XYZ20T102919,2026-07-21,10867.9,82.36,86.71,0.056,68.29,33.23,0,0,0,0.0,0.0,0,LOW
XYZ20T102924,2026-07-21,13230.7,88.21,94.7,-0.261,59.31,38.55,0,0,0,0.0,0.0,0,LOW
XYZ20T102929,2026-07-21,7893.0,78.74,84.29,-0.393,55.01,26.74,0,0,0,0.0,0.0,0,LOW
XYZ20T102933,2026-07-21,7996.5,81.15,84.48,-1.332,58.34,33.95,0,0,0,0.0,0.0,0,LOW
XYZ20T102934,2026-07-21,5311.4,82.13,86.18,0.227,64.77,32.9,0,0,0,0.0,0.0,0,LOW
XYZ20T102941,2026-07-21,2475.0,82.3,86.01,0.073,47.01,43.29,1,0,0,0.0,0.0,0,LOW
XYZ20T102944,2026-07-21,5937.5,81.69,85.89,0.23,51.05,30.62,0,0,0,0.0,0.0,0,LOW
XYZ20T102950,2026-07-21,12092.4,84.85,91.68,0.062,70.51,33.78,0,0,0,0.0,0.0,0,LOW
XYZ20T102956,2026-07-21,12935.9,86.86,92.1,0.618,63.3,37.63,0,0,0,0.0098,1.0,0,LOW
XYZ20T102960,2026-07-21,4017.5,83.54,90.02,-0.134,46.3,34.78,0,0,0,0.0,0.0,0,LOW
XYZ20T102963,2026-07-21,15738.6,80.4,85.89,0.128,45.58,39.36,0,0,0,0.0,0.0,0,LOW
XYZ20T102974,2026-07-21,16363.5,87.6,92.53,0.321,67.56,37.47,0,0,0,0.0,0.0,0,LOW
XYZ20T102998,2026-07-21,1883.2,78.13,82.26,-0.02,56.84,29.33,0,0,0,0.0,0.0,0,LOW
XYZ20T102999,2026-07-21,6609.2,86.15,90.57,-0.098,70.54,36.3,0,0,0,0.0,0.0,0,LOW
XYZ20T103000,2026-07-21,1246.1,84.3,90.09,0.103,33.04,36.93,0,0,0,0.0,0.0,0,LOW
XYZ20T103005,2026-07-21,1885.9,89.34,96.02,0.192,71.1,38.52,0,0,0,0.0,0.0,0,LOW
XYZ20T103006,2026-07-21,2542.8,84.92,88.59,0.17,78.95,24.56,0,0,0,0.0,0.0,0,LOW
XYZ20T103009,2026-07-21,1544.8,95.36,104.34,1.327,56.75,36.9,0,0,0,0.9724,97.2,1,CRITICAL
XYZ20T103011,2026-07-21,3762.9,81.59,85.28,-0.081,47.02,33.28,0,0,0,0.0,0.0,0,LOW
XYZ20T103017,2026-07-21,8133.4,87.78,94.17,0.166,59.71,31.06,0,0,0,0.0,0.0,0,LOW
XYZ20T103019,2026-07-21,19359.8,82.6,89.56,0.459,72.36,39.25,0,0,0,0.0,0.0,0,LOW
XYZ20T103021,2026-07-21,11389.0,82.94,87.98,0.435,49.43,35.61,0,0,0,0.0,0.0,0,LOW
XYZ20T103031,2026-07-21,6442.1,82.97,87.53,-0.413,73.72,26.7,0,0,0,0.0,0.0,0,LOW
XYZ20T103039,2026-07-21,19138.6,83.59,87.83,0.22,63.98,33.33,0,0,0,0.0,0.0,0,LOW
XYZ20T103046,2026-07-21,7157.9,79.18,83.97,0.009,44.08,34.79,0,0,0,0.0,0.0,0,LOW
XYZ20T103050,2026-07-21,1459.4,84.56,91.55,0.142,60.45,38.74,0,0,0,0.0,0.0,0,LOW
XYZ20T103052,2026-07-21,14776.6,78.44,84.17,-0.042,44.2,30.93,0,0,0,0.0,0.0,0,LOW
XYZ20T103056,2026-07-21,3813.3,82.8,89.17,-0.43,65.76,32.16,0,0,0,0.0,0.0,0,LOW
XYZ20T103059,2026-07-21,15330.7,90.45,93.55,0.966,67.74,37.63,0,0,0,0.1765,17.6,0,LOW
XYZ20T103061,2026-07-21,7213.7,79.48,85.22,-0.877,71.29,30.06,0,0,0,0.0,0.0,0,LOW
XYZ20T103065,2026-07-21,11428.7,87.82,92.38,-0.221,76.51,29.57,0,0,0,0.0,0.0,0,LOW
XYZ20T103073,2026-07-21,6895.9,78.16,82.12,-0.048,52.12,39.76,0,0,0,0.0,0.0,0,LOW
XYZ20T103077,2026-07-21,13370.2,83.02,89.23,0.149,50.93,42.34,0,0,0,0.0,0.0,0,LOW
XYZ20T103080,2026-07-21,4579.7,77.42,81.04,-0.038,62.36,26.22,0,0,0,0.0,0.0,0,LOW
XYZ20T103081,2026-07-21,14329.5,81.77,85.2,-0.282,75.86,39.44,0,0,0,0.0,0.0,0,LOW
XYZ20T103084,2026-07-21,24961.7,84.55,89.98,-0.177,70.38,29.31,0,0,0,0.0,0.0,0,LOW
XYZ20T103090,2026-07-21,4933.2,86.2,89.51,-0.292,70.65,39.96,0,0,0,0.0,0.0,0,LOW
XYZ20T103091,2026-07-21,11035.3,78.79,84.97,0.417,48.69,32.5,0,0,0,0.0,0.0,0,LOW
XYZ20T103092,2026-07-21,13241.0,80.07,84.24,0.201,65.7,43.29,0,0,0,0.0,0.0,0,LOW
XYZ20T103101,2026-07-21,22648.6,91.39,100.15,1.55,54.53,46.91,0,0,1,0.6275,62.7,1,HIGH
XYZ20T103103,2026-07-21,980.6,85.05,88.95,0.174,69.48,46.45,0,0,0,0.0,0.0,0,LOW
XYZ20T103112,2026-07-21,12565.7,80.1,85.71,-0.091,43.54,31.47,0,0,0,0.0,0.0,0,LOW
XYZ20T103115,2026-07-21,5152.2,86.19,91.85,1.451,54.24,34.33,1,0,0,0.3014,30.1,1,MODERATE
XYZ20T103116,2026-07-21,17276.2,87.34,94.03,0.053,67.78,47.9,0,0,0,0.0,0.0,0,LOW
XYZ20T103122,2026-07-21,3068.1,89.25,97.35,0.131,63.88,39.21,0,0,0,0.0066,0.7,0,LOW
XYZ20T103123,2026-07-21,5998.4,81.44,87.76,-1.897,53.74,34.7,0,0,0,0.0,0.0,0,LOW
XYZ20T103140,2026-07-21,12629.1,78.16,82.56,-0.3,51.6,42.22,0,0,0,0.0,0.0,0,LOW
XYZ20T103159,2026-07-21,3321.4,79.17,84.45,0.02,59.75,33.76,0,0,0,0.0,0.0,0,LOW
XYZ20T103161,2026-07-21,5053.6,86.52,90.79,0.203,73.09,34.23,0,0,0,0.0,0.0,0,LOW
XYZ20T103165,2026-07-21,13084.9,81.11,85.5,-0.055,63.1,30.72,0,0,0,0.0,0.0,0,LOW
XYZ20T103166,2026-07-21,4713.3,82.75,86.3,0.114,58.62,39.9,0,0,0,0.0,0.0,0,LOW
XYZ20T103168,2026-07-21,13219.6,82.79,88.32,-0.133,66.42,35.34,0,0,0,0.0,0.0,0,LOW
XYZ20T103169,2026-07-21,4661.1,81.36,87.9,0.0,58.71,32.7,0,0,0,0.0,0.0,0,LOW
XYZ20T103189,2026-07-21,13769.9,83.25,86.9,-0.356,69.53,25.9,0,0,0,0.0,0.0,0,LOW
XYZ20T103192,2026-07-21,14182.3,87.76,93.28,0.22,69.62,44.5,0,0,0,0.0,0.0,0,LOW
XYZ20T103197,2026-07-21,12435.0,82.23,85.97,-0.035,73.54,34.65,0,0,0,0.0,0.0,0,LOW
XYZ20T100001,2026-07-22,15332.9,88.12,94.75,0.264,78.47,30.31,0,0,0,0.0,0.0,0,LOW
XYZ20T100015,2026-07-22,9017.2,81.18,87.03,-0.177,57.27,32.59,0,0,0,0.0,0.0,0,LOW
XYZ20T100025,2026-07-22,2816.2,78.91,85.41,-0.049,43.18,35.99,0,0,0,0.0,0.0,0,LOW
XYZ20T100032,2026-07-22,11053.2,82.72,88.12,-0.072,44.3,38.97,0,0,0,0.0,0.0,0,LOW
XYZ20T100034,2026-07-22,7057.7,87.44,91.33,0.528,57.19,36.09,0,0,0,0.0032,0.3,0,LOW
XYZ20T100046,2026-07-22,4817.6,84.86,89.98,-0.015,52.96,31.33,0,0,0,0.0,0.0,0,LOW
XYZ20T100047,2026-07-22,2865.4,86.44,90.16,0.022,55.95,33.05,0,0,0,0.0,0.0,0,LOW
XYZ20T100053,2026-07-22,12995.8,82.97,87.57,-0.106,61.66,42.6,0,0,0,0.0,0.0,0,LOW
XYZ20T100054,2026-07-22,13699.0,79.56,83.2,0.311,67.37,35.11,0,0,0,0.0,0.0,0,LOW
XYZ20T100056,2026-07-22,15409.5,78.5,81.61,-2.151,60.04,27.75,0,0,0,0.0,0.0,0,LOW
XYZ20T100066,2026-07-22,10047.4,76.98,81.71,0.094,54.37,35.99,0,0,0,0.0,0.0,0,LOW
XYZ20T100070,2026-07-22,12447.4,81.47,87.71,0.502,60.25,33.71,0,0,0,0.0,0.0,0,LOW
XYZ20T100076,2026-07-22,4615.0,79.69,85.77,0.003,55.18,37.34,1,0,0,0.0,0.0,0,LOW
XYZ20T100083,2026-07-22,8308.6,85.0,91.58,0.624,45.78,40.12,0,0,0,0.0,0.0,0,LOW
XYZ20T100091,2026-07-22,12930.0,81.83,86.66,-0.157,68.43,37.32,0,0,0,0.0,0.0,0,LOW
XYZ20T100096,2026-07-22,2025.8,83.09,86.26,0.389,65.83,30.47,0,0,0,0.0,0.0,0,LOW
XYZ20T100105,2026-07-22,8029.7,81.98,87.01,-0.313,56.13,35.39,0,0,0,0.0,0.0,0,LOW
XYZ20T100110,2026-07-22,7729.0,89.14,97.9,1.366,51.37,35.06,1,0,0,0.9024,90.2,1,CRITICAL
XYZ20T100112,2026-07-22,14477.2,83.89,88.71,-0.131,57.56,38.95,0,0,0,0.0,0.0,0,LOW
XYZ20T100128,2026-07-22,13646.3,77.38,83.36,-0.182,54.67,28.45,0,0,0,0.0,0.0,0,LOW
XYZ20T100138,2026-07-22,9693.2,85.05,91.29,0.028,70.36,38.2,0,0,0,0.0,0.0,0,LOW
XYZ20T100143,2026-07-22,3741.2,88.5,95.42,0.205,75.6,39.08,0,0,0,0.0033,0.3,0,LOW
XYZ20T100145,2026-07-22,9321.0,78.51,84.24,-0.458,48.22,29.11,0,0,0,0.0,0.0,0,LOW
XYZ20T100148,2026-07-22,3727.5,87.78,94.3,0.265,66.42,34.12,0,0,0,0.0032,0.3,0,LOW
XYZ20T100153,2026-07-22,14600.5,79.38,82.59,0.236,63.95,32.37,0,0,0,0.0,0.0,0,LOW
XYZ20T100156,2026-07-22,4770.1,85.63,90.18,-0.113,69.82,27.27,0,0,0,0.0,0.0,0,LOW
XYZ20T100166,2026-07-22,2916.5,80.16,86.51,0.385,63.44,40.28,0,0,0,0.0,0.0,0,LOW
XYZ20T100174,2026-07-22,23552.3,82.52,87.15,-0.039,73.95,35.99,0,0,0,0.0166,1.7,0,LOW
XYZ20T100177,2026-07-22,1200.1,84.43,90.64,0.125,48.3,38.47,0,0,0,0.0,0.0,0,LOW
XYZ20T100178,2026-07-22,20702.8,84.93,89.85,-0.299,59.03,39.36,0,0,0,0.0,0.0,0,LOW
XYZ20T100179,2026-07-22,1373.5,85.39,89.43,-0.231,56.49,41.78,0,0,0,0.0,0.0,0,LOW
XYZ20T100181,2026-07-22,19333.6,83.39,89.46,-0.251,54.01,40.71,0,0,0,0.0,0.0,0,LOW
XYZ20T100182,2026-07-22,18645.9,84.02,89.89,-0.208,65.64,33.86,0,0,0,0.0,0.0,0,LOW
XYZ20T100187,2026-07-22,14995.7,79.61,82.91,-0.07,50.01,38.6,0,0,0,0.0,0.0,0,LOW
XYZ20T100188,2026-07-22,16444.6,84.29,89.34,0.003,71.75,39.28,0,0,0,0.0,0.0,0,LOW
XYZ20T100192,2026-07-22,21497.1,84.72,88.95,-0.133,71.07,30.54,0,0,0,0.0,0.0,0,LOW
XYZ20T100196,2026-07-22,3841.7,80.15,86.92,-0.287,66.84,32.14,0,0,0,0.0,0.0,0,LOW
XYZ20T100198,2026-07-22,1892.0,80.11,83.92,0.18,58.56,29.68,0,0,0,0.0,0.0,0,LOW
XYZ20T100200,2026-07-22,4148.6,82.18,88.11,-0.267,54.7,35.7,0,0,0,0.0,0.0,0,LOW
XYZ20T100207,2026-07-22,6910.8,79.6,82.63,-0.311,45.96,44.4,0,0,0,0.0,0.0,0,LOW
XYZ20T100215,2026-07-22,7324.7,80.15,86.35,-0.204,53.38,29.06,0,0,0,0.0,0.0,0,LOW
XYZ20T100243,2026-07-22,8609.4,78.48,81.95,-0.139,67.09,36.31,0,0,0,0.0,0.0,0,LOW
XYZ20T100244,2026-07-22,3392.7,82.82,86.97,0.273,68.43,35.53,0,0,0,0.0,0.0,0,LOW
XYZ20T100250,2026-07-22,7161.1,79.07,85.8,-0.014,78.56,44.8,0,0,0,0.0,0.0,0,LOW
XYZ20T100255,2026-07-22,4775.5,82.88,86.02,0.023,62.6,37.48,0,0,0,0.0,0.0,0,LOW
XYZ20T100258,2026-07-22,9499.3,81.19,86.24,-0.407,68.75,37.29,0,0,0,0.0,0.0,0,LOW
XYZ20T100260,2026-07-22,15830.6,85.49,90.75,0.426,60.69,30.57,0,0,0,0.0,0.0,0,LOW
XYZ20T100261,2026-07-22,16381.0,83.87,88.59,-0.191,69.35,30.99,0,0,0,0.0,0.0,0,LOW
XYZ20T100270,2026-07-22,6094.2,81.73,87.51,0.083,57.43,34.35,0,0,0,0.0,0.0,0,LOW
XYZ20T100274,2026-07-22,7508.3,82.2,87.15,0.176,45.17,37.68,0,0,0,0.0,0.0,0,LOW
XYZ20T100293,2026-07-22,4535.2,76.19,79.76,0.278,55.99,36.51,0,0,0,0.0,0.0,0,LOW
XYZ20T100295,2026-07-22,820.6,79.64,84.37,-0.429,76.08,30.98,0,0,0,0.0,0.0,0,LOW
XYZ20T100299,2026-07-22,19908.6,87.27,93.55,0.289,60.68,32.31,0,0,0,0.0,0.0,0,LOW
XYZ20T100301,2026-07-22,18782.2,79.85,86.64,-0.179,55.9,26.43,0,0,0,0.0,0.0,0,LOW
XYZ20T100303,2026-07-22,24944.8,81.82,85.07,0.271,65.74,41.26,0,0,0,0.0,0.0,0,LOW
XYZ20T100304,2026-07-22,11055.0,87.54,93.88,0.124,82.03,35.19,0,0,0,0.0,0.0,0,LOW
XYZ20T100306,2026-07-22,12516.7,85.82,90.38,0.092,63.18,33.24,0,0,0,0.0,0.0,0,LOW
XYZ20T100320,2026-07-22,828.2,81.68,87.21,-0.113,59.81,37.55,0,0,0,0.0,0.0,0,LOW
XYZ20T100324,2026-07-22,13023.9,86.55,92.89,0.346,85.33,37.46,0,0,0,0.0,0.0,0,LOW
XYZ20T100327,2026-07-22,1725.5,77.47,82.32,0.472,45.94,22.21,0,0,0,0.0,0.0,0,LOW
XYZ20T100328,2026-07-22,17293.8,85.51,92.13,-0.433,65.47,28.96,0,0,0,0.0,0.0,0,LOW
XYZ20T100329,2026-07-22,3387.9,82.18,86.65,0.058,50.86,28.46,0,0,0,0.0,0.0,0,LOW
XYZ20T100331,2026-07-22,24912.8,88.05,94.18,0.21,62.57,40.39,0,0,0,0.0,0.0,0,LOW
XYZ20T100332,2026-07-22,24928.9,82.27,86.46,0.414,57.05,36.99,0,0,0,0.0,0.0,0,LOW
XYZ20T100338,2026-07-22,6543.8,76.95,81.61,-0.058,42.73,39.47,0,0,0,0.0,0.0,0,LOW
XYZ20T100339,2026-07-22,2968.5,87.18,91.22,-0.132,70.55,30.5,0,0,0,0.0,0.0,0,LOW
XYZ20T100350,2026-07-22,10913.9,86.25,90.22,0.218,74.31,39.4,0,0,0,0.0,0.0,0,LOW
XYZ20T100361,2026-07-22,17469.1,81.18,88.06,0.475,55.09,47.42,0,0,0,0.0,0.0,0,LOW
XYZ20T100371,2026-07-22,10171.0,87.41,94.49,-0.464,50.58,30.42,0,0,0,0.0,0.0,0,LOW
XYZ20T100373,2026-07-22,13749.5,86.68,94.97,1.388,45.25,37.42,0,0,0,0.2307,23.1,0,LOW
XYZ20T100377,2026-07-22,12323.6,85.37,91.24,-0.552,63.13,32.57,0,0,0,0.0,0.0,0,LOW
XYZ20T100379,2026-07-22,8507.6,84.23,89.75,0.25,69.77,34.69,0,0,0,0.0,0.0,0,LOW
XYZ20T100380,2026-07-22,7572.7,78.11,83.92,-0.065,46.91,24.92,0,0,0,0.0,0.0,0,LOW
XYZ20T100382,2026-07-22,12281.0,86.9,92.71,0.008,53.03,35.0,0,0,0,0.0,0.0,0,LOW
XYZ20T100392,2026-07-22,15101.0,81.42,88.79,-1.245,62.71,37.51,0,0,0,0.0,0.0,0,LOW
XYZ20T100399,2026-07-22,4709.9,81.63,86.01,-0.028,84.66,28.45,0,0,0,0.0,0.0,0,LOW
XYZ20T100401,2026-07-22,10756.6,88.28,94.17,-0.594,81.44,33.1,0,0,0,0.0,0.0,0,LOW
XYZ20T100412,2026-07-22,2030.9,86.48,96.07,1.192,42.96,36.47,0,0,0,0.5042,50.4,1,HIGH
XYZ20T100416,2026-07-22,2942.0,79.64,86.31,0.27,40.22,29.11,0,0,0,0.0,0.0,0,LOW
XYZ20T100418,2026-07-22,7499.2,85.51,93.45,0.418,79.08,32.04,0,1,0,0.0,0.0,0,LOW
XYZ20T100419,2026-07-22,7522.5,94.35,102.56,0.743,58.57,31.85,0,1,0,0.2882,28.8,0,LOW
XYZ20T100424,2026-07-22,16361.1,78.32,84.03,-0.149,54.82,32.75,0,0,0,0.0,0.0,0,LOW
XYZ20T100427,2026-07-22,1717.4,86.28,90.9,-0.35,53.08,44.44,0,0,0,0.0,0.0,0,LOW
XYZ20T100430,2026-07-22,13592.6,83.39,90.38,0.078,88.08,44.5,0,0,0,0.0,0.0,0,LOW
XYZ20T100432,2026-07-22,711.9,87.61,91.6,0.348,62.4,21.89,0,0,0,0.0,0.0,0,LOW
XYZ20T100436,2026-07-22,3859.3,95.78,105.64,2.012,68.7,36.76,1,1,0,0.2691,26.9,0,LOW
XYZ20T100440,2026-07-22,15427.1,77.72,84.22,0.148,49.14,30.19,0,0,0,0.0,0.0,0,LOW
XYZ20T100447,2026-07-22,7032.5,88.12,93.81,0.036,60.1,36.12,0,0,0,0.0,0.0,0,LOW
XYZ20T100449,2026-07-22,12518.7,83.06,86.31,-0.097,49.53,45.72,0,0,0,0.0,0.0,0,LOW
XYZ20T100450,2026-07-22,6593.0,84.84,88.28,0.113,66.87,35.98,0,0,0,0.0,0.0,0,LOW
XYZ20T100452,2026-07-22,10016.1,92.01,100.68,0.184,47.47,38.11,0,1,0,0.0494,4.9,0,LOW
XYZ20T100457,2026-07-22,4977.1,79.85,85.28,0.429,52.89,32.28,0,0,0,0.0,0.0,0,LOW
XYZ20T100458,2026-07-22,4128.4,82.18,90.19,0.522,50.07,38.07,0,0,0,0.0,0.0,0,LOW
XYZ20T100462,2026-07-22,4274.7,89.56,96.43,-0.396,66.13,40.05,0,0,0,0.0097,1.0,0,LOW
XYZ20T100468,2026-07-22,7048.8,86.49,89.57,-0.194,47.01,20.0,0,0,0,0.0,0.0,0,LOW
XYZ20T100469,2026-07-22,8306.3,82.9,87.11,0.045,59.83,33.23,0,0,0,0.0,0.0,0,LOW
XYZ20T100475,2026-07-22,14612.0,92.58,99.37,0.768,35.16,31.97,0,0,0,0.2187,21.9,0,LOW
XYZ20T100477,2026-07-22,5599.4,79.96,83.02,0.404,44.52,37.75,0,0,0,0.0,0.0,0,LOW
XYZ20T100483,2026-07-22,22520.6,83.96,90.14,0.315,53.3,39.57,0,0,0,0.0,0.0,0,LOW
XYZ20T100491,2026-07-22,8896.1,77.28,81.17,-0.213,46.95,35.65,0,0,0,0.0,0.0,0,LOW
XYZ20T100498,2026-07-22,24943.0,84.94,91.27,0.2,53.99,41.17,0,0,0,0.0,0.0,0,LOW
XYZ20T100499,2026-07-22,15790.3,76.96,80.61,-0.293,50.11,32.15,0,0,0,0.0,0.0,0,LOW
XYZ20T100500,2026-07-22,1477.9,84.3,91.28,-0.542,42.73,36.8,0,0,0,0.0,0.0,0,LOW
XYZ20T100503,2026-07-22,11193.1,76.41,81.53,-1.14,60.23,33.65,0,0,0,0.0,0.0,0,LOW
XYZ20T100507,2026-07-22,5555.9,78.24,82.73,0.155,54.71,33.83,1,0,0,0.0,0.0,0,LOW
XYZ20T100517,2026-07-22,7946.6,83.14,88.07,-0.074,72.6,28.01,0,0,0,0.0,0.0,0,LOW
XYZ20T100528,2026-07-22,15103.9,80.21,86.79,0.201,60.05,22.93,0,0,0,0.0,0.0,0,LOW
XYZ20T100529,2026-07-22,16306.5,84.57,90.6,0.173,64.07,24.13,0,0,0,0.0,0.0,0,LOW
XYZ20T100533,2026-07-22,1938.7,83.85,90.73,-0.265,70.89,30.49,0,0,0,0.0,0.0,0,LOW
XYZ20T100537,2026-07-22,23219.0,87.64,97.05,1.249,50.81,39.66,1,0,0,0.5469,54.7,1,HIGH
XYZ20T100541,2026-07-22,13064.4,79.64,86.72,0.06,74.41,36.56,0,0,0,0.0,0.0,0,LOW
XYZ20T100551,2026-07-22,13009.5,77.38,81.17,-0.631,51.25,33.47,0,0,0,0.0,0.0,0,LOW
XYZ20T100552,2026-07-22,3455.9,79.53,85.4,-0.388,54.77,39.19,0,0,0,0.0,0.0,0,LOW
XYZ20T100556,2026-07-22,11090.0,79.34,83.45,-0.078,61.99,29.45,0,0,0,0.0,0.0,0,LOW
XYZ20T100557,2026-07-22,8870.9,86.0,92.75,-0.154,57.75,29.72,0,0,0,0.0,0.0,0,LOW
XYZ20T100560,2026-07-22,811.4,77.74,84.72,-0.07,57.25,29.71,0,0,0,0.0,0.0,0,LOW
XYZ20T100569,2026-07-22,9670.7,81.76,87.81,0.005,63.12,38.32,0,0,0,0.0,0.0,0,LOW
XYZ20T100573,2026-07-22,2641.5,83.09,87.11,-1.131,79.03,35.61,0,0,0,0.0,0.0,0,LOW
XYZ20T100580,2026-07-22,6982.3,83.92,88.45,-0.209,59.47,31.96,0,0,0,0.0,0.0,0,LOW
XYZ20T100581,2026-07-22,11315.5,84.78,89.07,0.345,55.72,24.58,0,0,0,0.0,0.0,0,LOW
XYZ20T100583,2026-07-22,14370.0,85.84,92.33,-0.35,66.24,24.61,0,0,0,0.0,0.0,0,LOW
XYZ20T100586,2026-07-22,11222.6,80.24,86.78,-0.105,33.59,29.55,0,0,0,0.0,0.0,0,LOW
XYZ20T100591,2026-07-22,14029.3,85.52,90.23,0.097,40.31,33.0,0,0,0,0.0,0.0,0,LOW
XYZ20T100592,2026-07-22,24132.5,88.15,92.79,0.594,67.63,42.79,0,0,0,0.0096,1.0,0,LOW
XYZ20T100594,2026-07-22,12412.0,86.25,89.74,0.432,65.14,38.35,0,0,0,0.0,0.0,0,LOW
XYZ20T100595,2026-07-22,7976.9,84.88,90.92,-0.02,60.55,36.06,0,0,0,0.0,0.0,0,LOW
XYZ20T100597,2026-07-22,2499.6,87.31,98.49,1.373,67.0,28.67,1,0,1,0.6102,61.0,1,HIGH
XYZ20T100600,2026-07-22,19869.4,80.92,84.1,-0.209,68.96,35.48,0,0,0,0.0,0.0,0,LOW
XYZ20T100604,2026-07-22,4250.1,86.33,92.68,1.447,60.98,33.48,0,0,0,0.1186,11.9,0,LOW
XYZ20T100610,2026-07-22,18834.2,80.25,83.43,-0.008,67.04,32.32,0,0,0,0.0,0.0,0,LOW
XYZ20T100621,2026-07-22,8418.9,85.75,90.36,-1.215,60.27,31.33,0,0,0,0.0,0.0,0,LOW
XYZ20T100624,2026-07-22,5311.0,83.69,88.94,-0.322,56.69,30.12,0,0,0,0.0,0.0,0,LOW
XYZ20T100625,2026-07-22,7016.9,95.71,101.96,1.703,55.23,41.25,0,1,0,0.7014,70.1,1,HIGH
XYZ20T100630,2026-07-22,6214.9,83.5,89.83,-0.3,79.83,36.64,0,0,0,0.0,0.0,0,LOW
XYZ20T100633,2026-07-22,2787.6,77.95,83.1,-0.147,46.34,36.78,0,0,0,0.0,0.0,0,LOW
XYZ20T100636,2026-07-22,13055.9,81.55,87.23,0.114,79.26,36.58,0,0,0,0.0,0.0,0,LOW
XYZ20T100641,2026-07-22,14879.7,86.45,90.69,0.296,64.66,36.61,0,0,0,0.0,0.0,0,LOW
XYZ20T100643,2026-07-22,4234.9,80.56,85.25,0.341,43.87,37.52,0,0,0,0.0,0.0,0,LOW
XYZ20T100652,2026-07-22,584.3,86.3,89.73,-0.3,69.33,29.3,0,0,0,0.0,0.0,0,LOW
XYZ20T100656,2026-07-22,15893.0,85.12,89.86,0.235,62.34,34.55,0,0,0,0.0,0.0,0,LOW
XYZ20T100662,2026-07-22,17156.4,87.19,93.21,0.519,81.88,29.87,0,0,0,0.0163,1.6,0,LOW
XYZ20T100675,2026-07-22,10036.9,85.14,92.1,-1.462,61.01,29.72,0,0,0,0.0033,0.3,0,LOW
XYZ20T100676,2026-07-22,18279.1,84.24,87.89,-0.198,69.91,31.39,0,0,0,0.0,0.0,0,LOW
XYZ20T100684,2026-07-22,5659.2,82.04,87.37,0.091,60.26,38.61,0,0,0,0.0,0.0,0,LOW
XYZ20T100685,2026-07-22,1618.7,80.38,87.29,-0.114,60.88,34.66,0,0,0,0.0,0.0,0,LOW
XYZ20T100704,2026-07-22,8779.9,80.31,83.47,0.169,57.28,37.14,0,0,0,0.0,0.0,0,LOW
XYZ20T100712,2026-07-22,495.8,86.03,91.97,0.088,46.59,31.18,0,0,0,0.0,0.0,0,LOW
XYZ20T100714,2026-07-22,19067.2,82.78,87.61,-0.516,59.11,30.96,0,0,0,0.0,0.0,0,LOW
XYZ20T100716,2026-07-22,6046.7,81.01,87.68,0.464,65.02,36.45,0,0,0,0.0,0.0,0,LOW
XYZ20T100724,2026-07-22,4566.0,78.5,84.18,0.094,54.82,36.72,0,0,0,0.0,0.0,0,LOW
XYZ20T100726,2026-07-22,6343.0,85.82,89.77,-0.047,44.32,37.46,0,0,0,0.0,0.0,0,LOW
XYZ20T100730,2026-07-22,5764.4,88.18,91.94,0.217,76.32,39.0,0,0,0,0.0,0.0,0,LOW
XYZ20T100740,2026-07-22,12411.1,82.31,86.63,-0.035,41.35,31.2,0,0,0,0.0,0.0,0,LOW
XYZ20T100747,2026-07-22,1628.8,83.05,89.2,-0.058,85.35,33.46,0,0,0,0.0,0.0,0,LOW
XYZ20T100759,2026-07-22,11444.4,87.82,94.11,0.487,58.91,27.74,0,0,0,0.0033,0.3,0,LOW
XYZ20T100764,2026-07-22,19218.9,83.59,89.81,-0.388,58.15,34.29,0,0,0,0.0,0.0,0,LOW
XYZ20T100766,2026-07-22,19744.7,82.59,87.1,0.425,66.22,29.75,0,0,0,0.0,0.0,0,LOW
XYZ20T100773,2026-07-22,16928.7,82.0,86.36,0.295,66.87,33.81,0,0,0,0.0,0.0,0,LOW
XYZ20T100778,2026-07-22,865.7,80.71,85.16,-0.106,59.89,33.85,0,0,0,0.0,0.0,0,LOW
XYZ20T100781,2026-07-22,15815.3,81.69,86.66,-0.064,78.31,34.96,0,0,0,0.0,0.0,0,LOW
XYZ20T100793,2026-07-22,24867.4,78.94,84.61,0.21,58.14,35.24,0,0,0,0.0,0.0,0,LOW
XYZ20T100796,2026-07-22,9694.5,85.23,90.01,-0.121,50.37,43.73,0,0,0,0.0,0.0,0,LOW
XYZ20T100809,2026-07-22,6280.8,82.48,86.91,0.245,76.64,34.59,0,0,0,0.0,0.0,0,LOW
XYZ20T100826,2026-07-22,17603.0,80.32,84.31,0.595,77.15,26.63,0,0,0,0.0,0.0,0,LOW
XYZ20T100827,2026-07-22,9940.8,87.46,93.24,-0.206,59.42,34.31,0,0,0,0.0,0.0,0,LOW
XYZ20T100829,2026-07-22,15055.5,89.34,94.33,-0.617,56.1,35.24,0,0,0,0.0,0.0,0,LOW
XYZ20T100832,2026-07-22,16762.0,81.6,86.15,-0.399,32.91,34.19,0,0,0,0.0,0.0,0,LOW
XYZ20T100833,2026-07-22,3815.3,90.23,97.74,0.557,75.35,26.78,0,0,0,0.0785,7.8,0,LOW
XYZ20T100840,2026-07-22,10997.3,81.86,87.19,-0.022,77.39,26.22,0,0,0,0.0,0.0,0,LOW
XYZ20T100844,2026-07-22,2950.5,80.55,87.11,0.066,59.31,27.91,0,0,0,0.0,0.0,0,LOW
XYZ20T100848,2026-07-22,12931.2,79.46,84.45,0.236,62.4,37.02,0,0,0,0.0,0.0,0,LOW
XYZ20T100849,2026-07-22,10611.8,79.89,83.52,0.144,71.67,37.17,0,0,0,0.0,0.0,0,LOW
XYZ20T100851,2026-07-22,22364.7,80.27,84.96,0.209,57.26,37.54,0,0,0,0.0,0.0,0,LOW
XYZ20T100856,2026-07-22,20136.6,79.46,83.43,-0.261,69.11,22.7,0,0,0,0.0,0.0,0,LOW
XYZ20T100858,2026-07-22,2966.0,88.17,91.71,-0.555,64.11,40.53,0,0,0,0.0,0.0,0,LOW
XYZ20T100868,2026-07-22,21199.8,87.54,97.05,1.023,62.03,32.95,0,0,0,0.2247,22.5,0,LOW
XYZ20T100869,2026-07-22,4283.2,86.65,92.99,-0.45,55.08,26.39,0,0,0,0.0,0.0,0,LOW
XYZ20T100871,2026-07-22,8858.0,79.25,83.52,0.035,39.67,31.31,0,0,0,0.0,0.0,0,LOW
XYZ20T100877,2026-07-22,17853.6,84.01,90.2,-1.452,52.48,34.36,0,0,0,0.0,0.0,0,LOW
XYZ20T100879,2026-07-22,9819.6,87.76,97.87,0.832,69.09,31.62,1,0,1,0.5004,50.0,1,HIGH
XYZ20T100881,2026-07-22,11857.1,87.59,93.51,0.047,51.0,33.92,0,0,0,0.0,0.0,0,LOW
XYZ20T100884,2026-07-22,5715.9,87.62,91.57,0.106,61.72,33.04,0,0,0,0.0,0.0,0,LOW
XYZ20T100899,2026-07-22,10266.5,76.11,80.63,-0.582,49.18,27.05,1,0,0,0.0066,0.7,0,LOW
XYZ20T100901,2026-07-22,6487.9,86.95,97.38,0.888,71.64,40.79,1,1,0,0.3643,36.4,1,MODERATE
XYZ20T100902,2026-07-22,22417.8,78.28,82.06,-0.253,49.72,29.82,0,0,0,0.0,0.0,0,LOW
XYZ20T100907,2026-07-22,14872.9,80.7,86.99,-0.333,38.87,29.64,0,0,0,0.0,0.0,0,LOW
XYZ20T100908,2026-07-22,1929.4,85.58,94.07,0.524,82.57,25.41,0,0,0,0.0099,1.0,0,LOW
XYZ20T100911,2026-07-22,2919.4,89.67,95.69,0.231,91.95,35.25,0,0,0,0.0033,0.3,0,LOW
XYZ20T100915,2026-07-22,7634.3,80.02,84.26,-1.533,47.18,36.34,0,0,0,0.0,0.0,0,LOW
XYZ20T100919,2026-07-22,9526.0,80.23,85.3,-0.044,76.94,36.86,0,0,0,0.0,0.0,0,LOW
XYZ20T100924,2026-07-22,13738.7,85.95,89.96,0.14,66.77,27.94,0,0,0,0.0,0.0,0,LOW
XYZ20T100926,2026-07-22,18293.0,81.1,86.92,-0.08,64.68,37.8,0,0,0,0.0,0.0,0,LOW
XYZ20T100934,2026-07-22,4633.3,78.2,82.05,-0.24,46.5,38.19,0,0,0,0.0,0.0,0,LOW
XYZ20T100947,2026-07-22,3909.0,88.32,93.32,-0.775,74.16,23.62,0,0,0,0.0,0.0,0,LOW
XYZ20T100976,2026-07-22,2099.3,81.42,88.17,0.47,57.18,29.89,0,0,0,0.0,0.0,0,LOW
XYZ20T100978,2026-07-22,17560.0,82.34,85.82,-0.144,55.66,34.65,0,0,0,0.0,0.0,0,LOW
XYZ20T100986,2026-07-22,5216.7,84.51,88.07,-0.356,77.7,39.88,0,0,0,0.0,0.0,0,LOW
XYZ20T100988,2026-07-22,12913.6,80.15,84.91,-0.119,46.5,32.87,0,0,0,0.0,0.0,0,LOW
XYZ20T100989,2026-07-22,4848.4,85.13,90.83,0.199,43.35,34.15,0,0,0,0.0,0.0,0,LOW
XYZ20T100991,2026-07-22,4668.9,85.88,90.33,-0.272,54.56,31.92,0,0,0,0.0,0.0,0,LOW
XYZ20T100992,2026-07-22,3451.0,83.32,88.34,-1.377,73.22,41.01,0,0,0,0.0,0.0,0,LOW
XYZ20T100993,2026-07-22,2994.4,81.34,86.81,0.081,73.03,30.59,0,0,0,0.0,0.0,0,LOW
XYZ20T100999,2026-07-22,5742.5,80.37,87.27,-0.364,48.91,42.07,0,0,0,0.0,0.0,0,LOW
XYZ20T101011,2026-07-22,4014.8,84.58,90.0,-0.283,59.3,39.1,0,0,0,0.0,0.0,0,LOW
XYZ20T101013,2026-07-22,8718.0,83.21,86.7,-0.238,68.8,27.6,0,0,0,0.0,0.0,0,LOW
XYZ20T101017,2026-07-22,15781.7,79.05,84.3,-1.242,62.83,35.08,0,0,0,0.0,0.0,0,LOW
XYZ20T101030,2026-07-22,14455.5,93.52,102.61,1.089,40.29,40.39,1,1,0,0.8461,84.6,1,CRITICAL
XYZ20T101041,2026-07-22,11103.4,88.82,94.18,0.294,70.83,41.72,0,0,0,0.0,0.0,0,LOW
XYZ20T101067,2026-07-22,4390.7,83.96,90.76,0.518,50.3,25.14,0,0,0,0.0033,0.3,0,LOW
XYZ20T101069,2026-07-22,20672.4,81.8,86.04,-0.075,41.15,31.97,0,0,0,0.0,0.0,0,LOW
XYZ20T101070,2026-07-22,818.2,90.98,97.0,0.348,59.08,40.29,0,0,0,0.039,3.9,0,LOW
XYZ20T101080,2026-07-22,2793.6,78.83,82.14,-0.214,68.85,28.91,0,0,0,0.0,0.0,0,LOW
XYZ20T101090,2026-07-22,930.8,84.77,88.54,-0.04,44.12,32.9,0,0,0,0.0,0.0,0,LOW
XYZ20T101094,2026-07-22,13412.8,78.59,85.55,-0.062,53.8,32.67,0,0,0,0.0,0.0,0,LOW
XYZ20T101096,2026-07-22,2485.4,84.34,90.92,-1.462,72.23,33.03,0,0,0,0.0,0.0,0,LOW
XYZ20T101100,2026-07-22,5631.3,88.52,92.99,-1.832,48.15,29.85,0,0,0,0.0,0.0,0,LOW
XYZ20T101102,2026-07-22,24911.7,82.24,86.68,-0.119,71.07,37.09,0,0,0,0.0,0.0,0,LOW
XYZ20T101107,2026-07-22,15866.1,79.37,84.66,-0.033,76.54,33.85,0,0,0,0.0,0.0,0,LOW
XYZ20T101112,2026-07-22,5888.8,79.93,85.21,-1.272,46.68,35.21,0,0,0,0.0,0.0,0,LOW
XYZ20T101117,2026-07-22,3106.4,83.91,89.08,-0.184,38.39,35.25,1,0,0,0.0033,0.3,0,LOW
XYZ20T101120,2026-07-22,12935.6,85.89,92.08,-0.211,50.05,38.53,0,0,0,0.0,0.0,0,LOW
XYZ20T101122,2026-07-22,10758.9,80.82,85.45,-1.253,61.83,34.54,0,0,0,0.0,0.0,0,LOW
XYZ20T101132,2026-07-22,3639.6,82.54,87.38,-0.178,58.59,28.72,0,0,0,0.0,0.0,0,LOW
XYZ20T101134,2026-07-22,21202.9,94.28,103.17,1.657,51.06,31.39,0,0,0,0.202,20.2,0,LOW
XYZ20T101142,2026-07-22,5044.9,79.69,84.03,-0.285,39.23,36.51,0,0,0,0.0,0.0,0,LOW
XYZ20T101147,2026-07-22,24467.3,83.84,87.57,0.182,72.25,34.63,0,0,0,0.0,0.0,0,LOW
XYZ20T101149,2026-07-22,12485.0,78.32,82.16,-0.357,42.39,34.61,0,0,0,0.0,0.0,0,LOW
XYZ20T101150,2026-07-22,16917.8,77.45,81.22,-0.028,50.54,22.65,0,0,0,0.0,0.0,0,LOW
XYZ20T101153,2026-07-22,4026.3,85.81,90.92,0.334,51.08,35.04,0,0,0,0.0,0.0,0,LOW
XYZ20T101156,2026-07-22,10573.0,79.7,85.23,-0.062,47.52,34.83,0,0,0,0.0,0.0,0,LOW
XYZ20T101158,2026-07-22,5782.1,90.2,93.62,-0.176,61.37,41.33,0,0,0,0.0,0.0,0,LOW
XYZ20T101165,2026-07-22,18403.6,81.25,87.04,0.217,72.07,33.25,0,0,0,0.0,0.0,0,LOW
XYZ20T101169,2026-07-22,11352.8,81.12,84.51,0.311,61.39,34.02,0,0,0,0.0,0.0,0,LOW
XYZ20T101173,2026-07-22,351.9,83.57,88.61,-0.001,74.59,34.03,0,0,0,0.0,0.0,0,LOW
XYZ20T101175,2026-07-22,4978.7,87.47,90.9,0.115,67.7,30.2,0,0,0,0.0,0.0,0,LOW
XYZ20T101192,2026-07-22,5507.1,90.29,96.91,0.759,62.65,38.72,0,0,0,0.2701,27.0,0,LOW
XYZ20T101205,2026-07-22,8674.6,76.61,82.78,-0.472,70.32,31.2,0,0,0,0.0,0.0,0,LOW
XYZ20T101208,2026-07-22,10481.9,84.15,90.25,-0.025,62.67,35.56,0,0,0,0.0,0.0,0,LOW
XYZ20T101210,2026-07-22,7288.7,85.91,92.11,0.523,56.31,34.43,0,0,0,0.0825,8.3,0,LOW
XYZ20T101215,2026-07-22,13677.3,93.12,102.46,0.772,46.46,31.54,1,0,1,0.5764,57.6,1,HIGH
XYZ20T101216,2026-07-22,1224.4,79.33,83.73,-0.156,50.74,33.61,0,0,0,0.0,0.0,0,LOW
XYZ20T101220,2026-07-22,17293.9,85.32,91.9,-0.403,60.12,32.75,0,0,0,0.0,0.0,0,LOW
XYZ20T101222,2026-07-22,24739.4,81.52,87.25,-0.1,64.72,35.59,0,0,0,0.0,0.0,0,LOW
XYZ20T101227,2026-07-22,700.5,92.66,99.57,1.261,25.39,38.52,0,1,0,0.3566,35.7,1,MODERATE
XYZ20T101233,2026-07-22,10723.2,92.85,99.33,0.885,48.9,35.35,0,0,0,0.2684,26.8,0,LOW
XYZ20T101236,2026-07-22,10227.0,89.44,92.46,0.253,69.49,36.28,0,0,0,0.0,0.0,0,LOW
XYZ20T101237,2026-07-22,1056.3,85.4,92.02,-0.249,60.83,29.11,0,0,0,0.0,0.0,0,LOW
XYZ20T101240,2026-07-22,2659.1,78.44,83.35,-0.148,68.0,28.35,0,0,0,0.0,0.0,0,LOW
XYZ20T101242,2026-07-22,13390.1,83.83,90.41,-0.033,77.17,43.39,0,0,0,0.0,0.0,0,LOW
XYZ20T101273,2026-07-22,14631.2,87.91,91.27,0.052,59.83,38.99,0,0,0,0.0,0.0,0,LOW
XYZ20T101274,2026-07-22,3259.3,82.53,85.75,0.122,74.64,23.36,0,0,0,0.0,0.0,0,LOW
XYZ20T101275,2026-07-22,6653.5,78.55,84.28,-0.16,66.2,30.18,0,0,0,0.0,0.0,0,LOW
XYZ20T101277,2026-07-22,14893.1,82.12,88.02,0.041,46.51,32.68,0,0,0,0.0,0.0,0,LOW
XYZ20T101280,2026-07-22,1085.8,84.96,88.2,-0.075,57.63,34.96,0,0,0,0.0,0.0,0,LOW
XYZ20T101286,2026-07-22,2245.1,81.99,87.43,0.511,78.24,20.0,0,0,0,0.0,0.0,0,LOW
XYZ20T101290,2026-07-22,14039.4,82.94,88.74,0.22,55.14,36.08,0,0,0,0.0,0.0,0,LOW
XYZ20T101298,2026-07-22,22004.2,88.26,93.06,0.285,65.92,28.65,0,0,0,0.0,0.0,0,LOW
XYZ20T101299,2026-07-22,6300.6,83.75,90.45,-0.238,63.35,33.01,0,0,0,0.0,0.0,0,LOW
XYZ20T101301,2026-07-22,18555.7,78.03,82.95,-0.339,49.85,32.97,0,0,0,0.0,0.0,0,LOW
XYZ20T101306,2026-07-22,1080.6,82.03,87.15,-0.168,48.88,40.02,0,0,0,0.0,0.0,0,LOW
XYZ20T101308,2026-07-22,8577.0,85.16,89.24,-0.112,49.13,30.73,0,0,0,0.0,0.0,0,LOW
XYZ20T101317,2026-07-22,615.3,82.94,87.78,-0.521,45.32,28.57,0,0,0,0.0,0.0,0,LOW
XYZ20T101318,2026-07-22,7644.6,85.14,89.73,-0.12,66.36,35.41,0,0,0,0.0,0.0,0,LOW
XYZ20T101319,2026-07-22,20917.3,85.16,89.95,-2.087,73.43,34.15,0,0,0,0.0,0.0,0,LOW
XYZ20T101326,2026-07-22,4109.2,86.25,92.33,0.149,72.84,27.84,0,0,0,0.0,0.0,0,LOW
XYZ20T101334,2026-07-22,6043.7,85.53,89.88,0.155,56.78,24.94,0,0,0,0.0,0.0,0,LOW
XYZ20T101349,2026-07-22,13211.8,75.27,80.32,-0.75,34.76,39.17,0,0,0,0.0,0.0,0,LOW
XYZ20T101361,2026-07-22,2920.0,86.83,93.19,-0.106,59.04,36.65,0,0,0,0.0,0.0,0,LOW
XYZ20T101369,2026-07-22,10325.6,88.9,97.04,-0.419,37.08,32.39,0,0,0,0.0359,3.6,0,LOW
XYZ20T101374,2026-07-22,13284.9,82.17,86.46,-1.997,50.02,42.19,0,0,0,0.0,0.0,0,LOW
XYZ20T101384,2026-07-22,14878.3,80.24,86.2,-0.338,51.37,37.61,0,0,0,0.0,0.0,0,LOW
XYZ20T101385,2026-07-22,13550.9,89.58,95.87,1.667,50.93,30.04,0,0,1,0.4949,49.5,1,MODERATE
XYZ20T101393,2026-07-22,17440.3,85.59,89.34,-0.035,56.5,31.09,0,0,0,0.0,0.0,0,LOW
XYZ20T101406,2026-07-22,16624.3,78.98,85.89,-0.04,62.84,37.4,0,0,0,0.0,0.0,0,LOW
XYZ20T101413,2026-07-22,14078.5,85.87,92.66,-0.23,42.66,37.65,0,0,0,0.0,0.0,0,LOW
XYZ20T101419,2026-07-22,12374.4,89.43,96.93,1.352,64.25,38.52,0,0,0,0.3604,36.0,1,MODERATE
XYZ20T101423,2026-07-22,19032.0,96.89,103.9,1.071,70.03,32.88,0,0,0,0.7962,79.6,1,CRITICAL
XYZ20T101428,2026-07-22,6229.8,85.18,88.68,-0.183,57.46,33.68,0,0,0,0.0,0.0,0,LOW
XYZ20T101431,2026-07-22,24944.3,86.38,92.62,-0.268,72.77,37.35,0,0,0,0.0,0.0,0,LOW
XYZ20T101434,2026-07-22,11429.7,88.89,94.53,0.166,65.17,30.28,0,0,0,0.0,0.0,0,LOW
XYZ20T101435,2026-07-22,12914.0,79.72,86.33,-0.359,72.69,42.72,0,0,0,0.0,0.0,0,LOW
XYZ20T101437,2026-07-22,3285.2,85.45,89.6,-0.056,57.06,31.72,0,0,0,0.0,0.0,0,LOW
XYZ20T101446,2026-07-22,9237.1,79.23,84.8,-0.626,52.43,35.39,0,0,0,0.0,0.0,0,LOW
XYZ20T101468,2026-07-22,8301.7,83.58,88.61,-0.024,64.01,38.84,0,0,0,0.0,0.0,0,LOW
XYZ20T101479,2026-07-22,1399.5,84.36,91.12,1.201,45.75,37.1,0,0,1,0.0363,3.6,0,LOW
XYZ20T101484,2026-07-22,14391.9,78.05,83.43,-0.239,43.02,38.04,0,0,0,0.0,0.0,0,LOW
XYZ20T101491,2026-07-22,13794.4,82.8,88.88,0.116,60.68,39.26,0,0,0,0.0,0.0,0,LOW
XYZ20T101498,2026-07-22,13456.4,78.48,82.69,-0.288,54.38,28.23,0,0,0,0.0,0.0,0,LOW
XYZ20T101500,2026-07-22,4255.9,80.87,85.47,0.134,52.53,42.74,0,0,0,0.0,0.0,0,LOW
XYZ20T101501,2026-07-22,16256.1,89.4,94.54,0.562,55.62,39.04,0,0,0,0.01,1.0,0,LOW
XYZ20T101502,2026-07-22,10700.6,82.15,88.47,0.429,92.0,39.38,0,0,0,0.0,0.0,0,LOW
XYZ20T101504,2026-07-22,7246.4,79.63,85.83,-0.224,52.99,40.98,0,0,0,0.0,0.0,0,LOW
XYZ20T101511,2026-07-22,599.5,80.2,83.53,-0.872,52.7,32.88,0,0,0,0.0,0.0,0,LOW
XYZ20T101519,2026-07-22,13848.8,77.89,80.96,-0.353,51.54,26.16,0,0,0,0.0,0.0,0,LOW
XYZ20T101525,2026-07-22,8222.9,86.02,91.46,0.048,53.65,31.57,0,0,0,0.0,0.0,0,LOW
XYZ20T101526,2026-07-22,1217.1,78.52,83.6,0.036,77.97,30.19,0,0,0,0.0,0.0,0,LOW
XYZ20T101530,2026-07-22,20178.6,84.97,91.91,0.006,56.88,36.48,0,0,0,0.0,0.0,0,LOW
XYZ20T101534,2026-07-22,5855.3,76.26,80.7,-0.337,54.1,25.32,0,0,0,0.0,0.0,0,LOW
XYZ20T101549,2026-07-22,2004.5,75.58,81.81,0.067,37.42,32.79,0,0,0,0.0,0.0,0,LOW
XYZ20T101550,2026-07-22,5024.0,77.94,82.79,-0.323,65.07,35.24,0,0,0,0.0,0.0,0,LOW
XYZ20T101551,2026-07-22,573.5,83.98,87.31,-0.021,68.32,31.09,0,0,0,0.0,0.0,0,LOW
XYZ20T101555,2026-07-22,12505.0,88.15,92.39,-0.021,70.95,33.1,0,0,0,0.0,0.0,0,LOW
XYZ20T101558,2026-07-22,6117.7,79.08,83.88,0.117,69.28,40.01,0,0,0,0.0,0.0,0,LOW
XYZ20T101562,2026-07-22,14181.9,84.65,89.44,-1.714,61.13,40.17,0,0,0,0.0,0.0,0,LOW
XYZ20T101567,2026-07-22,17176.3,85.63,91.74,0.454,51.01,38.25,0,0,0,0.0,0.0,0,LOW
XYZ20T101573,2026-07-22,1911.7,87.2,93.91,0.222,81.42,39.94,0,0,0,0.0,0.0,0,LOW
XYZ20T101582,2026-07-22,15475.1,81.2,87.56,-0.399,76.84,32.62,0,0,0,0.0,0.0,0,LOW
XYZ20T101586,2026-07-22,16370.8,86.03,90.77,0.464,64.16,28.64,0,0,0,0.0,0.0,0,LOW
XYZ20T101593,2026-07-22,360.5,80.19,84.55,0.097,43.15,40.77,0,0,0,0.0,0.0,0,LOW
XYZ20T101594,2026-07-22,12722.1,80.28,86.86,0.43,52.93,30.79,0,0,0,0.0,0.0,0,LOW
XYZ20T101629,2026-07-22,5878.8,78.31,82.54,-0.084,47.41,32.64,0,0,0,0.0,0.0,0,LOW
XYZ20T101633,2026-07-22,13101.7,86.5,90.45,0.427,60.53,37.97,0,0,0,0.0,0.0,0,LOW
XYZ20T101659,2026-07-22,6207.6,85.27,89.26,0.056,69.73,30.76,0,0,0,0.0,0.0,0,LOW
XYZ20T101662,2026-07-22,11505.1,79.24,85.17,0.055,55.35,36.87,0,0,0,0.0,0.0,0,LOW
XYZ20T101663,2026-07-22,20814.0,80.81,84.6,0.037,62.74,29.77,0,0,0,0.0,0.0,0,LOW
XYZ20T101669,2026-07-22,4337.8,81.1,87.94,-0.459,56.41,30.15,0,0,0,0.0,0.0,0,LOW
XYZ20T101677,2026-07-22,4110.5,82.98,88.54,0.239,78.57,29.2,0,0,0,0.0,0.0,0,LOW
XYZ20T101678,2026-07-22,5469.7,74.27,80.08,-0.323,56.8,28.47,0,0,0,0.0,0.0,0,LOW
XYZ20T101685,2026-07-22,11644.1,76.13,82.55,-0.223,39.29,34.89,0,0,0,0.0,0.0,0,LOW
XYZ20T101692,2026-07-22,428.3,78.92,85.6,-0.499,53.08,32.73,0,0,0,0.0,0.0,0,LOW
XYZ20T101693,2026-07-22,22559.2,85.45,89.0,-1.377,75.82,40.2,0,0,0,0.0,0.0,0,LOW
XYZ20T101696,2026-07-22,15607.1,87.16,93.22,-2.322,65.99,31.32,0,0,0,0.0,0.0,0,LOW
XYZ20T101698,2026-07-22,4746.1,81.46,85.64,-0.115,53.19,27.61,0,0,0,0.0,0.0,0,LOW
XYZ20T101699,2026-07-22,24928.2,81.44,87.44,0.166,44.23,39.82,0,0,0,0.0,0.0,0,LOW
XYZ20T101702,2026-07-22,2273.7,82.8,88.54,0.165,79.04,38.16,0,0,0,0.0,0.0,0,LOW
XYZ20T101718,2026-07-22,2578.0,85.36,88.69,0.664,64.18,33.01,0,0,0,0.0065,0.7,0,LOW
XYZ20T101728,2026-07-22,540.7,86.53,89.84,-0.273,55.55,32.37,0,0,0,0.0,0.0,0,LOW
XYZ20T101733,2026-07-22,9301.6,90.01,93.33,-0.12,61.35,44.85,0,0,0,0.0,0.0,0,LOW
XYZ20T101735,2026-07-22,12568.7,77.63,81.42,-0.298,38.11,30.11,0,0,0,0.0,0.0,0,LOW
XYZ20T101740,2026-07-22,16740.9,80.77,86.27,-0.137,69.26,34.75,0,0,0,0.0,0.0,0,LOW
XYZ20T101764,2026-07-22,6344.9,81.78,88.5,-0.118,62.5,30.52,0,0,0,0.0,0.0,0,LOW
XYZ20T101767,2026-07-22,1730.6,82.41,85.63,-0.17,56.51,21.98,0,0,0,0.0,0.0,0,LOW
XYZ20T101768,2026-07-22,3704.8,86.24,89.79,0.243,84.3,36.13,0,0,0,0.0,0.0,0,LOW
XYZ20T101773,2026-07-22,11673.9,82.94,87.34,-0.059,74.63,34.17,0,0,0,0.0,0.0,0,LOW
XYZ20T101782,2026-07-22,4206.2,80.08,83.93,-0.234,55.4,31.08,0,0,0,0.0,0.0,0,LOW
XYZ20T101789,2026-07-22,8720.6,79.35,84.35,0.123,78.38,34.3,0,0,0,0.0,0.0,0,LOW
XYZ20T101790,2026-07-22,4240.3,90.22,96.17,1.303,60.92,41.64,0,0,0,0.9113,91.1,1,CRITICAL
XYZ20T101791,2026-07-22,16768.7,86.83,91.12,0.162,53.57,40.74,0,0,0,0.0,0.0,0,LOW
XYZ20T101792,2026-07-22,1443.4,82.65,87.94,-0.369,48.76,32.58,0,0,0,0.0,0.0,0,LOW
XYZ20T101794,2026-07-22,10780.9,86.77,92.29,0.264,57.72,33.25,0,0,0,0.0,0.0,0,LOW
XYZ20T101805,2026-07-22,13029.2,83.86,90.47,-0.024,54.4,33.26,0,0,0,0.0,0.0,0,LOW
XYZ20T101807,2026-07-22,9967.2,85.34,92.06,-0.034,45.41,32.32,0,0,0,0.0,0.0,0,LOW
XYZ20T101809,2026-07-22,11926.7,84.53,90.34,-0.302,47.89,36.05,1,0,0,0.0066,0.7,0,LOW
XYZ20T101820,2026-07-22,8495.5,84.33,88.48,-0.285,73.51,27.46,0,0,0,0.0,0.0,0,LOW
XYZ20T101825,2026-07-22,10304.8,82.97,87.08,-0.815,64.67,26.6,0,0,0,0.0,0.0,0,LOW
XYZ20T101832,2026-07-22,13288.0,82.15,87.6,-0.091,58.41,33.56,0,0,0,0.0,0.0,0,LOW
XYZ20T101838,2026-07-22,12912.1,78.69,83.33,-2.375,58.42,27.15,0,0,0,0.0,0.0,0,LOW
XYZ20T101842,2026-07-22,6883.8,77.8,83.8,-0.027,59.14,33.82,0,0,0,0.0,0.0,0,LOW
XYZ20T101848,2026-07-22,22163.0,78.85,84.83,-0.158,67.62,39.62,0,0,0,0.0,0.0,0,LOW
XYZ20T101861,2026-07-22,9783.7,77.38,80.89,-0.071,45.45,30.78,0,0,0,0.0,0.0,0,LOW
XYZ20T101862,2026-07-22,7594.0,83.54,90.12,-0.127,53.19,30.71,0,0,0,0.0,0.0,0,LOW
XYZ20T101866,2026-07-22,5503.1,77.0,82.91,-0.12,43.32,26.52,0,0,0,0.0,0.0,0,LOW
XYZ20T101868,2026-07-22,6609.0,81.38,86.47,-0.75,62.64,31.29,0,0,0,0.0,0.0,0,LOW
XYZ20T101869,2026-07-22,4195.6,78.17,82.72,-0.082,44.12,31.38,0,0,0,0.0,0.0,0,LOW
XYZ20T101884,2026-07-22,24895.0,84.62,88.71,-0.098,72.5,32.37,0,0,0,0.0,0.0,0,LOW
XYZ20T101886,2026-07-22,2646.7,86.53,90.95,0.076,65.65,33.48,0,0,0,0.0,0.0,0,LOW
XYZ20T101892,2026-07-22,8855.2,81.78,85.63,0.232,51.77,34.43,0,0,0,0.0,0.0,0,LOW
XYZ20T101897,2026-07-22,20060.8,80.14,84.2,-0.074,45.05,36.71,0,0,0,0.0,0.0,0,LOW
XYZ20T101898,2026-07-22,11909.7,87.81,93.24,0.311,56.04,27.18,0,0,0,0.0,0.0,0,LOW
XYZ20T101900,2026-07-22,24917.3,82.38,86.48,0.043,39.88,35.22,0,0,0,0.0033,0.3,0,LOW
XYZ20T101905,2026-07-22,18280.8,82.44,87.91,0.204,45.96,32.3,0,0,0,0.0,0.0,0,LOW
XYZ20T101912,2026-07-22,6756.7,79.15,82.25,-0.361,39.72,33.95,0,0,0,0.0,0.0,0,LOW
XYZ20T101915,2026-07-22,601.4,87.96,93.82,0.112,56.6,28.18,0,0,0,0.0,0.0,0,LOW
XYZ20T101917,2026-07-22,13537.4,82.71,88.6,0.125,80.94,30.98,0,0,0,0.0,0.0,0,LOW
XYZ20T101921,2026-07-22,15065.5,79.48,83.08,0.04,43.54,32.74,0,0,0,0.0,0.0,0,LOW
XYZ20T101922,2026-07-22,1237.4,94.7,102.42,1.095,72.9,31.1,0,1,0,0.8194,81.9,1,CRITICAL
XYZ20T101924,2026-07-22,14659.8,79.42,84.85,-0.067,56.81,35.79,0,0,0,0.0,0.0,0,LOW
XYZ20T101928,2026-07-22,14415.8,83.17,86.38,-1.352,76.21,43.1,0,0,0,0.0,0.0,0,LOW
XYZ20T101935,2026-07-22,3605.8,87.88,93.86,-0.07,53.97,27.78,0,0,0,0.0,0.0,0,LOW
XYZ20T101946,2026-07-22,9768.5,89.52,94.37,0.517,66.22,39.31,0,0,0,0.0198,2.0,0,LOW
XYZ20T101957,2026-07-22,14682.0,80.66,86.45,-0.299,70.2,37.16,0,0,0,0.0,0.0,0,LOW
XYZ20T101958,2026-07-22,24960.0,87.31,93.08,0.248,53.02,36.91,0,0,0,0.0,0.0,0,LOW
XYZ20T101959,2026-07-22,12732.3,77.13,80.95,-0.237,47.92,35.09,0,0,0,0.0,0.0,0,LOW
XYZ20T101960,2026-07-22,11740.1,79.46,85.48,-1.956,41.35,40.41,0,0,0,0.0,0.0,0,LOW
XYZ20T101964,2026-07-22,3386.7,87.54,93.39,0.026,51.74,37.96,0,0,0,0.0,0.0,0,LOW
XYZ20T101965,2026-07-22,6523.8,82.85,88.58,0.16,48.93,41.89,0,0,0,0.0,0.0,0,LOW
XYZ20T101978,2026-07-22,18226.4,82.85,87.84,-0.402,56.49,29.38,0,0,0,0.0,0.0,0,LOW
XYZ20T101983,2026-07-22,468.6,86.51,92.27,-0.088,47.1,37.62,0,0,0,0.0,0.0,0,LOW
XYZ20T101996,2026-07-22,11399.5,84.2,88.23,0.016,56.42,32.71,0,0,0,0.0,0.0,0,LOW
XYZ20T102000,2026-07-22,606.2,86.14,90.2,0.231,66.09,31.25,0,0,0,0.0,0.0,0,LOW
XYZ20T102004,2026-07-22,734.5,80.97,85.5,-1.971,58.39,27.49,0,0,0,0.0,0.0,0,LOW
XYZ20T102009,2026-07-22,23385.9,88.62,95.16,0.159,49.57,38.11,0,0,0,0.0,0.0,0,LOW
XYZ20T102012,2026-07-22,3665.4,80.61,84.95,0.4,53.56,34.58,0,0,0,0.0,0.0,0,LOW
XYZ20T102025,2026-07-22,14565.8,82.12,87.51,0.13,72.33,38.18,0,0,0,0.0,0.0,0,LOW
XYZ20T102026,2026-07-22,2723.6,85.4,90.34,-0.194,72.92,36.76,0,0,0,0.0,0.0,0,LOW
XYZ20T102029,2026-07-22,17050.0,93.63,103.07,1.202,61.14,29.28,0,1,0,0.9188,91.9,1,CRITICAL
XYZ20T102030,2026-07-22,3071.6,88.09,93.03,-0.748,87.98,31.69,0,0,0,0.0,0.0,0,LOW
XYZ20T102031,2026-07-22,2813.4,87.55,96.61,0.388,47.03,36.26,0,0,0,0.0329,3.3,0,LOW
XYZ20T102038,2026-07-22,10750.7,74.53,81.04,-0.507,47.78,34.07,0,0,0,0.0,0.0,0,LOW
XYZ20T102041,2026-07-22,7875.7,80.54,83.59,-1.112,60.51,26.85,0,0,0,0.0,0.0,0,LOW
XYZ20T102046,2026-07-22,5972.3,80.31,85.83,-0.278,55.17,32.35,0,0,0,0.0,0.0,0,LOW
XYZ20T102048,2026-07-22,9270.1,89.18,97.71,0.422,43.39,37.34,0,1,0,0.0458,4.6,0,LOW
XYZ20T102053,2026-07-22,12553.2,81.05,84.71,0.003,79.27,35.97,0,0,0,0.0,0.0,0,LOW
XYZ20T102054,2026-07-22,14026.7,90.09,96.79,0.184,73.15,36.31,0,0,0,0.0163,1.6,0,LOW
XYZ20T102055,2026-07-22,4329.2,79.82,84.49,0.031,55.78,33.56,0,0,0,0.0,0.0,0,LOW
XYZ20T102060,2026-07-22,9919.3,84.29,89.68,-0.005,57.14,26.56,0,0,0,0.0,0.0,0,LOW
XYZ20T102065,2026-07-22,8956.6,82.82,86.47,0.153,28.26,33.33,0,0,0,0.0,0.0,0,LOW
XYZ20T102073,2026-07-22,1921.5,84.37,89.74,0.466,53.61,30.46,0,0,0,0.0,0.0,0,LOW
XYZ20T102090,2026-07-22,9975.4,84.28,91.15,-0.561,49.32,31.53,0,0,0,0.0,0.0,0,LOW
XYZ20T102097,2026-07-22,577.2,89.15,94.39,0.154,67.85,38.01,0,0,0,0.0,0.0,0,LOW
XYZ20T102102,2026-07-22,11841.6,80.58,83.64,-0.163,62.4,31.18,0,0,0,0.0,0.0,0,LOW
XYZ20T102103,2026-07-22,4813.6,84.33,89.75,0.133,79.68,35.71,0,0,0,0.0,0.0,0,LOW
XYZ20T102108,2026-07-22,18242.3,85.63,90.64,-0.199,69.12,33.85,0,0,0,0.0,0.0,0,LOW
XYZ20T102121,2026-07-22,4029.8,77.0,82.0,-1.003,55.55,32.76,0,0,0,0.0,0.0,0,LOW
XYZ20T102127,2026-07-22,5568.4,83.03,87.35,0.391,68.44,32.45,0,0,0,0.0,0.0,0,LOW
XYZ20T102132,2026-07-22,5932.2,87.67,94.32,1.519,66.2,34.86,0,0,0,0.1311,13.1,0,LOW
XYZ20T102138,2026-07-22,2005.9,85.28,92.25,0.728,89.64,48.0,0,0,0,0.0125,1.3,0,LOW
XYZ20T102169,2026-07-22,4336.3,80.5,85.67,0.222,51.65,37.2,0,0,0,0.0,0.0,0,LOW
XYZ20T102176,2026-07-22,1879.3,81.14,84.34,-1.505,76.38,29.24,0,0,0,0.0,0.0,0,LOW
XYZ20T102178,2026-07-22,24918.6,80.18,83.89,-0.477,66.97,28.46,0,0,0,0.0,0.0,0,LOW
XYZ20T102182,2026-07-22,18747.4,84.36,88.61,0.073,58.57,34.76,0,0,0,0.0,0.0,0,LOW
XYZ20T102191,2026-07-22,8462.1,80.55,84.43,-0.009,57.49,30.98,0,0,0,0.0,0.0,0,LOW
XYZ20T102196,2026-07-22,13846.7,78.38,81.46,0.448,59.25,36.49,0,0,0,0.0,0.0,0,LOW
XYZ20T102203,2026-07-22,12117.8,79.25,82.55,0.261,53.52,28.43,0,0,0,0.0,0.0,0,LOW
XYZ20T102212,2026-07-22,2693.8,85.72,92.38,0.009,54.02,34.31,0,0,0,0.0,0.0,0,LOW
XYZ20T102214,2026-07-22,19729.3,87.23,90.34,-0.307,59.31,33.1,0,0,0,0.0,0.0,0,LOW
XYZ20T102217,2026-07-22,5638.4,82.89,87.52,0.27,50.28,41.98,0,0,0,0.0,0.0,0,LOW
XYZ20T102223,2026-07-22,11971.3,83.48,87.09,-0.17,64.25,34.95,0,0,0,0.0,0.0,0,LOW
XYZ20T102226,2026-07-22,3096.3,83.98,89.56,-0.063,65.13,33.77,0,0,0,0.0,0.0,0,LOW
XYZ20T102230,2026-07-22,11702.9,83.98,88.21,0.367,68.57,35.24,0,0,0,0.0,0.0,0,LOW
XYZ20T102240,2026-07-22,11258.4,94.02,103.49,1.347,78.29,34.64,0,0,0,0.8,80.0,1,CRITICAL
XYZ20T102251,2026-07-22,12529.0,84.61,88.19,0.147,65.12,39.09,0,0,0,0.0,0.0,0,LOW
XYZ20T102259,2026-07-22,17030.9,81.88,85.71,0.253,60.52,40.72,0,0,0,0.0,0.0,0,LOW
XYZ20T102267,2026-07-22,11775.8,82.7,88.6,0.081,47.26,40.6,0,0,0,0.0,0.0,0,LOW
XYZ20T102268,2026-07-22,12506.2,82.48,89.15,0.176,53.58,29.72,0,0,0,0.0,0.0,0,LOW
XYZ20T102285,2026-07-22,19885.4,95.83,103.29,1.596,59.29,36.3,0,0,0,0.8706,87.1,1,CRITICAL
XYZ20T102287,2026-07-22,2794.7,86.39,91.85,0.56,59.57,37.39,0,0,0,0.0,0.0,0,LOW
XYZ20T102291,2026-07-22,14680.1,82.6,89.33,0.032,81.68,39.18,0,0,0,0.0,0.0,0,LOW
XYZ20T102294,2026-07-22,1540.6,81.25,86.3,-2.409,57.99,32.13,0,0,0,0.0,0.0,0,LOW
XYZ20T102325,2026-07-22,13982.0,82.84,88.88,-0.226,78.65,32.21,0,0,0,0.0,0.0,0,LOW
XYZ20T102327,2026-07-22,12143.9,82.3,88.71,0.107,61.28,37.68,0,0,0,0.0,0.0,0,LOW
XYZ20T102330,2026-07-22,16376.1,80.51,84.94,-0.309,42.07,36.89,0,0,0,0.0,0.0,0,LOW
XYZ20T102345,2026-07-22,20208.6,86.6,93.26,-0.623,51.28,26.38,0,0,0,0.0,0.0,0,LOW
XYZ20T102348,2026-07-22,15373.4,84.21,89.0,-0.842,61.07,33.35,0,0,0,0.0,0.0,0,LOW
XYZ20T102358,2026-07-22,6599.8,81.62,87.41,0.186,71.03,38.56,0,0,0,0.0,0.0,0,LOW
XYZ20T102367,2026-07-22,3285.4,80.6,84.85,-0.356,37.32,35.53,0,0,0,0.0,0.0,0,LOW
XYZ20T102369,2026-07-22,7641.6,92.72,100.66,1.556,52.38,31.43,1,0,0,0.8125,81.2,1,CRITICAL
XYZ20T102373,2026-07-22,4414.1,82.98,87.77,0.329,61.85,34.22,0,0,0,0.0,0.0,0,LOW
XYZ20T102375,2026-07-22,6160.8,81.18,86.98,-0.0,62.91,36.66,0,0,0,0.0,0.0,0,LOW
XYZ20T102376,2026-07-22,19623.7,88.29,92.44,-0.166,74.8,24.3,0,0,0,0.0,0.0,0,LOW
XYZ20T102389,2026-07-22,6975.5,97.58,108.08,0.938,49.79,35.31,1,1,0,0.8227,82.3,1,CRITICAL
XYZ20T102391,2026-07-22,1641.8,83.67,90.03,-0.001,56.69,37.46,0,0,0,0.0,0.0,0,LOW
XYZ20T102392,2026-07-22,14456.1,82.96,89.48,0.484,70.65,35.96,0,0,0,0.0,0.0,0,LOW
XYZ20T102403,2026-07-22,13627.2,82.86,87.26,-0.074,60.9,30.41,0,0,0,0.0,0.0,0,LOW
XYZ20T102405,2026-07-22,8332.1,78.04,83.23,0.246,78.71,32.26,0,0,0,0.0,0.0,0,LOW
XYZ20T102413,2026-07-22,10554.3,79.98,86.22,-0.368,45.67,37.09,1,0,0,0.0066,0.7,0,LOW
XYZ20T102420,2026-07-22,9573.0,84.77,88.52,0.711,52.12,33.27,0,0,0,0.0066,0.7,0,LOW
XYZ20T102424,2026-07-22,13280.2,84.85,91.53,0.256,58.61,22.97,0,0,1,0.0,0.0,0,LOW
XYZ20T102428,2026-07-22,10380.6,80.5,87.29,-0.061,47.94,32.19,0,0,0,0.0,0.0,0,LOW
XYZ20T102429,2026-07-22,2986.5,86.48,91.45,-0.194,61.79,36.65,0,0,0,0.0,0.0,0,LOW
XYZ20T102432,2026-07-22,24934.5,88.23,95.04,-0.356,57.66,40.37,0,0,0,0.0066,0.7,0,LOW
XYZ20T102436,2026-07-22,1177.6,80.34,83.89,0.236,64.72,31.98,0,0,0,0.0,0.0,0,LOW
XYZ20T102450,2026-07-22,12077.2,76.89,81.49,-0.22,53.06,31.59,0,0,0,0.0,0.0,0,LOW
XYZ20T102452,2026-07-22,17199.7,88.57,92.02,0.455,75.5,42.61,0,0,0,0.0,0.0,0,LOW
XYZ20T102453,2026-07-22,6977.4,98.15,108.29,1.052,74.81,36.35,0,1,0,0.7759,77.6,1,CRITICAL
XYZ20T102454,2026-07-22,3228.2,76.61,81.25,-0.116,55.35,21.73,0,0,0,0.0,0.0,0,LOW
XYZ20T102457,2026-07-22,7576.4,84.46,88.81,-0.038,70.57,34.14,0,0,0,0.0,0.0,0,LOW
XYZ20T102462,2026-07-22,5736.3,79.3,83.2,-1.111,83.83,24.26,0,0,0,0.0,0.0,0,LOW
XYZ20T102463,2026-07-22,24869.5,85.69,90.12,0.713,50.25,33.4,0,0,0,0.0165,1.6,0,LOW
XYZ20T102471,2026-07-22,4040.9,79.72,83.55,-1.806,72.34,33.31,0,0,0,0.0,0.0,0,LOW
XYZ20T102479,2026-07-22,2701.5,83.23,92.9,0.216,49.4,31.37,0,0,0,0.0133,1.3,0,LOW
XYZ20T102482,2026-07-22,14611.5,85.73,89.3,0.306,77.82,39.55,0,0,0,0.0,0.0,0,LOW
XYZ20T102488,2026-07-22,12398.9,81.27,86.01,-0.017,67.47,35.97,0,0,0,0.0,0.0,0,LOW
XYZ20T102491,2026-07-22,6045.2,87.76,94.73,-1.164,51.41,38.9,0,0,0,0.0033,0.3,0,LOW
XYZ20T102501,2026-07-22,851.3,87.62,94.14,0.593,56.25,38.25,0,0,0,0.0033,0.3,0,LOW
XYZ20T102510,2026-07-22,10591.5,89.36,93.45,-0.028,67.57,36.83,0,0,0,0.0,0.0,0,LOW
XYZ20T102517,2026-07-22,11075.3,79.39,85.57,0.23,46.71,36.36,0,0,0,0.0,0.0,0,LOW
XYZ20T102524,2026-07-22,1167.0,82.31,87.84,0.787,66.8,29.7,0,0,0,0.0,0.0,0,LOW
XYZ20T102527,2026-07-22,20275.1,86.43,89.64,-0.33,56.22,33.74,0,0,0,0.0,0.0,0,LOW
XYZ20T102528,2026-07-22,14359.5,84.72,90.66,0.048,61.0,35.66,0,0,0,0.0,0.0,0,LOW
XYZ20T102545,2026-07-22,24220.5,81.17,86.18,0.228,72.03,36.64,0,0,0,0.0,0.0,0,LOW
XYZ20T102555,2026-07-22,11208.2,86.29,90.19,0.418,75.78,37.36,0,0,0,0.0,0.0,0,LOW
XYZ20T102557,2026-07-22,22274.8,80.91,87.07,-0.335,44.44,39.45,0,0,0,0.0,0.0,0,LOW
XYZ20T102561,2026-07-22,4595.4,88.23,93.57,0.192,57.94,41.6,0,0,0,0.0,0.0,0,LOW
XYZ20T102562,2026-07-22,344.4,78.77,84.82,0.549,47.96,36.2,0,0,0,0.0,0.0,0,LOW
XYZ20T102568,2026-07-22,17604.2,84.73,89.5,-0.256,33.4,36.92,0,0,0,0.0,0.0,0,LOW
XYZ20T102572,2026-07-22,8573.6,80.74,87.21,-0.007,68.32,45.18,0,0,0,0.0,0.0,0,LOW
XYZ20T102578,2026-07-22,3710.7,81.81,88.78,-0.063,46.88,44.52,0,0,0,0.0,0.0,0,LOW
XYZ20T102582,2026-07-22,11919.5,78.54,82.91,-0.119,52.56,32.79,0,0,0,0.0,0.0,0,LOW
XYZ20T102587,2026-07-22,1475.4,86.54,89.78,-0.166,59.07,30.54,0,0,0,0.0,0.0,0,LOW
XYZ20T102591,2026-07-22,17937.2,89.16,94.04,0.482,52.42,43.53,0,0,0,0.0,0.0,0,LOW
XYZ20T102597,2026-07-22,6706.4,80.28,83.44,-0.383,57.34,43.0,0,0,0,0.0,0.0,0,LOW
XYZ20T102600,2026-07-22,1060.5,81.71,86.08,0.232,78.33,36.48,0,0,0,0.0,0.0,0,LOW
XYZ20T102605,2026-07-22,23222.2,77.67,81.57,0.069,49.06,30.23,0,0,0,0.0,0.0,0,LOW
XYZ20T102622,2026-07-22,1151.5,84.57,88.04,0.361,67.1,29.52,0,0,0,0.0,0.0,0,LOW
XYZ20T102626,2026-07-22,15340.9,87.42,93.56,0.038,58.32,37.19,0,0,0,0.0,0.0,0,LOW
XYZ20T102629,2026-07-22,11334.8,81.28,88.24,-0.038,68.57,36.41,0,0,0,0.0,0.0,0,LOW
XYZ20T102634,2026-07-22,17797.4,88.3,92.44,0.037,72.13,37.71,0,0,0,0.0,0.0,0,LOW
XYZ20T102639,2026-07-22,17186.4,77.88,83.07,-0.308,62.92,30.67,0,0,0,0.0,0.0,0,LOW
XYZ20T102640,2026-07-22,5880.2,86.82,90.07,0.025,45.52,46.99,0,0,0,0.0,0.0,0,LOW
XYZ20T102642,2026-07-22,17106.6,77.47,83.92,0.08,62.85,30.85,0,0,0,0.0,0.0,0,LOW
XYZ20T102643,2026-07-22,13609.6,82.15,88.71,-2.164,67.62,36.08,0,0,0,0.0,0.0,0,LOW
XYZ20T102649,2026-07-22,16181.8,79.3,83.28,-0.578,34.32,27.12,0,0,0,0.0,0.0,0,LOW
XYZ20T102652,2026-07-22,10932.9,77.58,81.41,-2.226,57.75,37.01,0,0,0,0.0,0.0,0,LOW
XYZ20T102669,2026-07-22,9805.5,88.39,96.57,0.947,56.23,32.12,0,0,0,0.6019,60.2,1,HIGH
XYZ20T102674,2026-07-22,5717.9,82.11,87.18,0.392,69.17,32.18,0,0,0,0.0,0.0,0,LOW
XYZ20T102675,2026-07-22,4017.8,87.98,93.86,0.494,58.2,42.98,0,0,0,0.0,0.0,0,LOW
XYZ20T102688,2026-07-22,23348.5,80.34,83.54,-0.13,66.0,43.81,0,0,0,0.0,0.0,0,LOW
XYZ20T102691,2026-07-22,3477.8,78.08,83.77,0.331,54.82,39.24,0,0,0,0.0,0.0,0,LOW
XYZ20T102694,2026-07-22,10239.0,90.6,98.06,1.434,66.91,38.16,1,0,0,0.8821,88.2,1,CRITICAL
XYZ20T102695,2026-07-22,2865.3,83.35,88.88,0.885,53.52,38.32,0,0,0,0.0,0.0,0,LOW
XYZ20T102696,2026-07-22,10380.4,75.98,81.3,-0.339,31.22,29.69,0,0,0,0.0,0.0,0,LOW
XYZ20T102701,2026-07-22,9262.2,94.65,101.98,1.253,83.33,38.35,0,0,0,0.8225,82.2,1,CRITICAL
XYZ20T102703,2026-07-22,18628.7,86.33,93.19,-0.871,52.14,35.81,0,0,0,0.0033,0.3,0,LOW
XYZ20T102704,2026-07-22,9266.6,83.9,90.18,0.173,39.06,41.17,0,0,0,0.0,0.0,0,LOW
XYZ20T102706,2026-07-22,13243.5,84.5,90.4,0.252,87.53,28.26,0,0,0,0.0,0.0,0,LOW
XYZ20T102709,2026-07-22,623.4,83.56,88.69,-0.002,68.83,24.79,0,0,0,0.0,0.0,0,LOW
XYZ20T102713,2026-07-22,21989.0,85.38,90.3,0.252,83.76,38.4,0,0,0,0.0,0.0,0,LOW
XYZ20T102714,2026-07-22,4478.1,81.12,86.44,-2.224,79.63,25.43,0,0,0,0.0,0.0,0,LOW
XYZ20T102716,2026-07-22,17618.8,85.74,88.83,-0.247,85.7,36.41,0,0,0,0.0,0.0,0,LOW
XYZ20T102719,2026-07-22,13388.2,88.62,92.59,-0.147,67.07,38.83,0,0,0,0.0,0.0,0,LOW
XYZ20T102730,2026-07-22,10385.5,82.75,88.69,-0.518,41.3,34.81,0,0,0,0.0,0.0,0,LOW
XYZ20T102734,2026-07-22,989.0,86.83,92.86,0.336,68.15,43.49,0,0,0,0.0,0.0,0,LOW
XYZ20T102735,2026-07-22,10502.9,84.97,89.53,-0.488,70.08,27.45,0,0,0,0.0,0.0,0,LOW
XYZ20T102745,2026-07-22,20168.3,84.01,87.17,-0.016,73.89,42.45,0,0,0,0.0,0.0,0,LOW
XYZ20T102761,2026-07-22,18426.0,79.53,82.9,0.538,68.72,29.0,0,0,0,0.0033,0.3,0,LOW
XYZ20T102763,2026-07-22,16104.1,91.13,99.7,0.809,51.3,28.7,0,0,0,0.2289,22.9,0,LOW
XYZ20T102764,2026-07-22,17030.9,86.8,90.4,-0.102,71.88,34.89,0,0,0,0.0,0.0,0,LOW
XYZ20T102770,2026-07-22,11858.3,82.91,88.64,-0.501,46.57,27.72,0,0,0,0.0,0.0,0,LOW
XYZ20T102772,2026-07-22,1739.3,79.78,83.99,-0.127,51.28,38.91,0,0,0,0.0,0.0,0,LOW
XYZ20T102784,2026-07-22,11383.6,78.26,84.37,0.185,56.05,30.86,0,0,0,0.0,0.0,0,LOW
XYZ20T102790,2026-07-22,23177.9,84.01,88.62,-0.048,57.52,29.96,0,0,0,0.0,0.0,0,LOW
XYZ20T102791,2026-07-22,6773.6,81.34,86.6,0.559,56.43,39.3,0,0,0,0.0,0.0,0,LOW
XYZ20T102798,2026-07-22,9810.9,89.89,94.68,-0.666,78.16,30.58,0,0,0,0.0,0.0,0,LOW
XYZ20T102805,2026-07-22,8471.2,84.17,88.06,-0.282,73.9,38.9,0,0,0,0.0,0.0,0,LOW
XYZ20T102806,2026-07-22,16330.2,84.88,89.82,-0.125,75.22,30.98,0,0,0,0.0,0.0,0,LOW
XYZ20T102814,2026-07-22,3660.0,82.25,85.97,0.045,69.06,36.56,0,0,0,0.0,0.0,0,LOW
XYZ20T102815,2026-07-22,16685.1,85.49,91.78,-0.396,60.6,20.53,0,0,0,0.0066,0.7,0,LOW
XYZ20T102820,2026-07-22,2859.0,84.88,90.32,-0.015,51.47,32.04,0,0,0,0.0,0.0,0,LOW
XYZ20T102825,2026-07-22,13965.1,91.35,101.86,0.554,54.53,29.91,1,1,0,0.7192,71.9,1,HIGH
XYZ20T102833,2026-07-22,14472.1,84.84,92.68,-0.082,55.54,33.23,0,0,0,0.0,0.0,0,LOW
XYZ20T102834,2026-07-22,531.7,91.34,100.76,1.22,57.75,33.75,1,0,0,0.6536,65.4,1,HIGH
XYZ20T102841,2026-07-22,2166.3,85.22,90.08,-0.386,52.58,27.96,0,0,0,0.0,0.0,0,LOW
XYZ20T102845,2026-07-22,14247.6,86.72,92.73,0.146,60.54,36.26,1,0,0,0.0133,1.3,0,LOW
XYZ20T102855,2026-07-22,1719.8,84.11,89.24,-0.161,71.02,33.96,0,0,0,0.0,0.0,0,LOW
XYZ20T102856,2026-07-22,2629.2,81.15,87.65,-0.157,59.17,31.64,0,0,0,0.0,0.0,0,LOW
XYZ20T102885,2026-07-22,8157.6,85.07,89.12,0.032,65.27,31.72,0,0,0,0.0,0.0,0,LOW
XYZ20T102891,2026-07-22,7828.4,82.98,88.8,0.256,56.84,33.45,0,0,0,0.0,0.0,0,LOW
XYZ20T102896,2026-07-22,954.2,87.6,93.95,-0.486,53.77,43.5,0,0,0,0.0,0.0,0,LOW
XYZ20T102903,2026-07-22,1545.7,83.0,87.75,-0.353,49.95,33.55,0,0,0,0.0,0.0,0,LOW
XYZ20T102904,2026-07-22,4152.0,77.35,83.24,-0.366,48.9,39.96,0,0,0,0.0,0.0,0,LOW
XYZ20T102907,2026-07-22,4158.4,86.98,91.7,0.121,64.91,32.1,0,0,0,0.0,0.0,0,LOW
XYZ20T102910,2026-07-22,5658.8,83.64,88.22,-0.174,55.05,35.64,0,0,0,0.0,0.0,0,LOW
XYZ20T102912,2026-07-22,3874.3,91.55,97.33,1.078,52.25,28.29,0,0,0,0.821,82.1,1,CRITICAL
XYZ20T102919,2026-07-22,10878.5,81.49,87.22,-0.101,62.34,34.33,0,0,0,0.0,0.0,0,LOW
XYZ20T102924,2026-07-22,13239.6,85.97,90.94,-0.242,62.4,31.9,0,0,0,0.0,0.0,0,LOW
XYZ20T102929,2026-07-22,7901.9,78.48,84.58,-0.09,49.9,37.51,0,0,0,0.0,0.0,0,LOW
XYZ20T102933,2026-07-22,8006.3,81.66,85.58,-1.722,66.49,30.71,0,0,0,0.0,0.0,0,LOW
XYZ20T102934,2026-07-22,5324.3,82.88,87.89,0.144,72.15,36.05,0,0,0,0.0,0.0,0,LOW
XYZ20T102941,2026-07-22,2480.8,83.23,90.09,0.19,65.6,32.03,0,0,0,0.0,0.0,0,LOW
XYZ20T102944,2026-07-22,5946.7,80.27,84.57,0.172,37.35,29.43,0,0,0,0.0,0.0,0,LOW
XYZ20T102950,2026-07-22,12098.0,81.53,84.76,0.087,40.07,31.47,0,0,0,0.0,0.0,0,LOW
XYZ20T102956,2026-07-22,12940.5,85.2,91.09,0.188,60.54,35.93,0,0,0,0.0,0.0,0,LOW
XYZ20T102960,2026-07-22,4024.4,84.52,87.96,-0.189,54.33,40.41,0,0,0,0.0,0.0,0,LOW
XYZ20T102963,2026-07-22,15751.7,80.79,84.26,-0.131,53.07,29.21,0,0,0,0.0,0.0,0,LOW
XYZ20T102974,2026-07-22,16372.0,86.27,91.46,0.039,46.04,29.21,0,0,0,0.0,0.0,0,LOW
XYZ20T102998,2026-07-22,1889.3,78.45,81.96,0.074,69.71,42.88,0,0,0,0.0,0.0,0,LOW
XYZ20T102999,2026-07-22,6622.3,83.42,86.54,-0.134,70.51,31.85,0,0,0,0.0,0.0,0,LOW
XYZ20T103000,2026-07-22,1252.2,83.24,90.13,-0.114,44.2,34.14,0,0,0,0.0,0.0,0,LOW
XYZ20T103005,2026-07-22,1895.8,86.3,93.02,0.022,56.12,33.58,0,0,0,0.0,0.0,0,LOW
XYZ20T103006,2026-07-22,2553.1,82.48,86.65,0.04,57.01,40.24,0,0,0,0.0,0.0,0,LOW
XYZ20T103009,2026-07-22,1557.6,92.55,100.06,1.183,56.62,32.03,0,0,0,0.3768,37.7,1,MODERATE
XYZ20T103011,2026-07-22,3767.5,79.13,84.1,-0.377,44.61,31.94,0,0,0,0.0,0.0,0,LOW
XYZ20T103017,2026-07-22,8144.3,88.17,92.76,0.303,54.36,28.75,0,0,0,0.0,0.0,0,LOW
XYZ20T103019,2026-07-22,19372.1,83.37,88.57,0.368,75.4,30.87,0,0,0,0.0,0.0,0,LOW
XYZ20T103021,2026-07-22,11397.8,82.05,88.73,0.168,47.14,35.36,0,0,0,0.0,0.0,0,LOW
XYZ20T103031,2026-07-22,6453.2,83.77,89.6,-0.232,58.09,33.25,0,0,0,0.0,0.0,0,LOW
XYZ20T103039,2026-07-22,19146.4,87.08,90.13,0.374,81.0,30.17,0,0,0,0.0,0.0,0,LOW
XYZ20T103046,2026-07-22,7168.6,78.57,82.35,-0.103,46.53,37.27,0,0,0,0.0,0.0,0,LOW
XYZ20T103050,2026-07-22,1467.9,84.26,88.08,-0.03,54.44,39.51,0,0,0,0.0,0.0,0,LOW
XYZ20T103052,2026-07-22,14786.8,82.9,87.68,0.226,45.41,39.03,0,0,0,0.0,0.0,0,LOW
XYZ20T103056,2026-07-22,3818.3,86.87,92.17,0.321,65.6,43.59,0,0,0,0.0,0.0,0,LOW
XYZ20T103059,2026-07-22,15342.4,86.88,91.81,0.507,84.22,25.54,0,0,0,0.0066,0.7,0,LOW
XYZ20T103061,2026-07-22,7220.5,80.34,85.95,-0.487,73.7,32.0,0,0,0,0.0,0.0,0,LOW
XYZ20T103065,2026-07-22,11437.3,84.68,91.35,-0.344,58.33,26.49,0,0,0,0.0,0.0,0,LOW
XYZ20T103073,2026-07-22,6902.4,74.65,78.89,-0.057,45.46,33.66,0,0,0,0.0,0.0,0,LOW
XYZ20T103077,2026-07-22,13380.6,80.26,85.58,0.301,39.97,36.47,0,0,0,0.0,0.0,0,LOW
XYZ20T103080,2026-07-22,4587.6,78.07,83.54,-0.244,49.83,35.88,0,0,0,0.0,0.0,0,LOW
XYZ20T103081,2026-07-22,14341.4,82.86,90.34,0.214,58.94,29.02,0,0,0,0.0,0.0,0,LOW
XYZ20T103084,2026-07-22,24968.4,84.58,90.81,-0.064,78.1,39.89,0,0,0,0.0,0.0,0,LOW
XYZ20T103090,2026-07-22,4941.2,89.44,94.68,0.41,79.4,37.5,0,0,0,0.0,0.0,0,LOW
XYZ20T103091,2026-07-22,11043.1,78.68,84.8,0.265,50.13,26.31,0,0,0,0.0,0.0,0,LOW
XYZ20T103092,2026-07-22,13247.0,79.22,84.5,-0.03,57.74,48.0,0,0,0,0.0,0.0,0,LOW
XYZ20T103101,2026-07-22,22654.8,91.89,99.1,1.916,46.6,37.32,0,1,0,0.7004,70.0,1,HIGH
XYZ20T103103,2026-07-22,987.9,83.12,89.53,0.237,71.0,25.23,0,0,0,0.0,0.0,0,LOW
XYZ20T103112,2026-07-22,12573.4,86.41,92.59,0.403,59.64,46.96,0,0,0,0.0,0.0,0,LOW
XYZ20T103115,2026-07-22,5159.5,86.38,98.23,1.197,55.55,34.54,0,0,1,0.4519,45.2,1,MODERATE
XYZ20T103116,2026-07-22,17282.5,84.79,89.39,-0.571,67.31,29.17,0,0,0,0.0,0.0,0,LOW
XYZ20T103122,2026-07-22,3080.2,84.81,89.17,-1.063,51.45,29.89,0,0,0,0.0,0.0,0,LOW
XYZ20T103123,2026-07-22,6007.8,82.77,88.53,-1.052,54.95,41.56,0,0,0,0.0,0.0,0,LOW
XYZ20T103140,2026-07-22,12636.7,80.14,86.77,-0.14,63.51,28.99,0,0,0,0.0,0.0,0,LOW
XYZ20T103159,2026-07-22,3329.3,82.32,89.12,0.268,50.44,40.2,0,0,0,0.0,0.0,0,LOW
XYZ20T103161,2026-07-22,5058.2,85.13,91.4,-0.104,80.87,30.29,0,0,0,0.0,0.0,0,LOW
XYZ20T103165,2026-07-22,13097.1,80.62,85.23,-0.121,60.46,36.05,0,0,0,0.0,0.0,0,LOW
XYZ20T103166,2026-07-22,4722.3,78.67,84.5,-0.448,48.72,24.53,0,0,0,0.0,0.0,0,LOW
XYZ20T103168,2026-07-22,13233.3,82.99,88.24,-0.382,52.71,34.66,0,0,0,0.0,0.0,0,LOW
XYZ20T103169,2026-07-22,4668.1,80.56,84.13,-0.073,64.07,32.18,0,0,0,0.0,0.0,0,LOW
XYZ20T103189,2026-07-22,13778.3,82.81,85.94,-0.401,53.6,38.81,0,0,0,0.0,0.0,0,LOW
XYZ20T103192,2026-07-22,14194.2,87.86,94.84,0.641,62.33,39.3,0,0,0,0.0066,0.7,0,LOW
XYZ20T103197,2026-07-22,12446.7,82.49,88.69,0.057,68.58,34.89,0,0,0,0.0,0.0,0,LOW
XYZ20T100001,2026-07-23,15343.5,89.78,93.92,0.477,69.49,31.94,0,0,0,0.0,0.0,0,LOW
XYZ20T100015,2026-07-23,9028.1,81.19,88.07,-0.23,55.44,34.67,0,0,0,0.0,0.0,0,LOW
XYZ20T100025,2026-07-23,2826.7,79.13,83.87,0.259,63.22,31.14,0,0,0,0.0,0.0,0,LOW
XYZ20T100032,2026-07-23,11064.2,80.52,86.34,-0.566,55.74,32.49,0,0,0,0.0,0.0,0,LOW
XYZ20T100034,2026-07-23,7070.9,86.22,91.24,0.137,49.8,34.62,0,0,0,0.0,0.0,0,LOW
XYZ20T100046,2026-07-23,4824.0,86.03,92.14,-0.228,65.11,25.83,0,0,0,0.0,0.0,0,LOW
XYZ20T100047,2026-07-23,2874.8,88.9,94.41,0.628,47.98,45.07,0,0,0,0.0098,1.0,0,LOW
XYZ20T100053,2026-07-23,13001.3,82.33,89.16,0.099,52.64,37.54,0,0,0,0.0,0.0,0,LOW
XYZ20T100054,2026-07-23,13708.6,80.81,87.2,0.157,89.13,38.34,0,0,0,0.0,0.0,0,LOW
XYZ20T100056,2026-07-23,15417.6,78.8,84.11,-2.436,62.45,35.3,0,0,0,0.0,0.0,0,LOW
XYZ20T100066,2026-07-23,10050.3,75.0,81.47,-0.357,55.02,30.69,0,0,0,0.0,0.0,0,LOW
XYZ20T100070,2026-07-23,12456.6,79.91,86.18,0.381,72.54,27.71,0,0,0,0.0,0.0,0,LOW
XYZ20T100076,2026-07-23,4622.0,78.28,83.98,-0.078,42.74,28.51,0,0,0,0.0,0.0,0,LOW
XYZ20T100083,2026-07-23,8314.1,79.47,84.77,-0.014,41.45,29.24,0,0,0,0.0,0.0,0,LOW
XYZ20T100091,2026-07-23,12937.2,79.23,84.57,-0.176,73.3,29.25,0,0,0,0.0,0.0,0,LOW
XYZ20T100096,2026-07-23,2034.7,80.54,84.66,0.435,61.05,23.8,0,0,0,0.0,0.0,0,LOW
XYZ20T100105,2026-07-23,8037.3,81.07,85.67,-0.365,55.79,34.17,0,0,0,0.0,0.0,0,LOW
XYZ20T100110,2026-07-23,7734.7,90.13,99.13,1.472,59.73,38.08,0,0,1,0.9246,92.5,1,CRITICAL
XYZ20T100112,2026-07-23,14485.1,83.1,89.7,0.156,39.68,31.03,0,0,0,0.0,0.0,0,LOW
XYZ20T100128,2026-07-23,13656.4,79.36,83.26,0.065,38.23,35.84,0,0,0,0.0,0.0,0,LOW
XYZ20T100138,2026-07-23,9697.7,85.85,90.92,0.051,78.46,36.4,0,0,0,0.0,0.0,0,LOW
XYZ20T100143,2026-07-23,3747.7,87.01,92.25,0.262,63.92,41.29,0,0,0,0.0,0.0,0,LOW
XYZ20T100145,2026-07-23,9327.6,78.14,82.38,-0.461,58.04,36.31,0,0,0,0.0,0.0,0,LOW
XYZ20T100148,2026-07-23,3734.4,88.7,93.02,0.362,80.59,36.82,0,0,0,0.0,0.0,0,LOW
XYZ20T100153,2026-07-23,14611.6,79.35,85.93,0.41,59.66,35.59,0,0,0,0.0,0.0,0,LOW
XYZ20T100156,2026-07-23,4778.7,85.81,91.76,-0.147,70.31,31.97,0,0,0,0.0,0.0,0,LOW
XYZ20T100166,2026-07-23,2927.8,79.29,85.2,0.573,63.44,25.75,0,0,0,0.0,0.0,0,LOW
XYZ20T100174,2026-07-23,23560.0,78.39,83.16,-0.536,54.74,22.64,0,0,0,0.0,0.0,0,LOW
XYZ20T100177,2026-07-23,1207.9,84.55,90.78,0.277,71.94,37.6,0,0,0,0.0,0.0,0,LOW
XYZ20T100178,2026-07-23,20707.3,85.53,89.72,0.218,54.19,41.99,0,0,0,0.0,0.0,0,LOW
XYZ20T100179,2026-07-23,1381.6,89.25,92.91,0.438,65.44,32.04,0,0,0,0.0,0.0,0,LOW
XYZ20T100181,2026-07-23,19342.2,85.33,90.8,-0.212,80.18,33.09,0,0,0,0.0,0.0,0,LOW
XYZ20T100182,2026-07-23,18654.9,80.74,85.82,-0.357,64.22,31.04,0,0,0,0.0,0.0,0,LOW
XYZ20T100187,2026-07-23,15008.2,81.0,86.63,-0.214,49.29,31.82,0,0,0,0.0,0.0,0,LOW
XYZ20T100188,2026-07-23,16454.5,84.42,87.64,-0.109,94.05,37.36,0,0,0,0.0,0.0,0,LOW
XYZ20T100192,2026-07-23,21506.3,86.28,92.72,0.008,72.51,27.61,0,0,0,0.0,0.0,0,LOW
XYZ20T100196,2026-07-23,3849.5,80.47,83.85,-0.251,48.34,37.11,0,0,0,0.0,0.0,0,LOW
XYZ20T100198,2026-07-23,1902.7,79.42,86.27,-0.023,59.83,35.12,0,0,0,0.0,0.0,0,LOW
XYZ20T100200,2026-07-23,4157.3,85.28,92.0,-0.047,50.33,42.25,0,0,0,0.0,0.0,0,LOW
XYZ20T100207,2026-07-23,6918.9,77.75,81.96,-0.162,49.14,38.04,0,0,0,0.0,0.0,0,LOW
XYZ20T100215,2026-07-23,7336.6,85.04,90.13,-0.206,59.82,39.32,0,0,0,0.0,0.0,0,LOW
XYZ20T100243,2026-07-23,8619.0,80.11,84.58,-0.033,56.87,40.48,0,0,0,0.0,0.0,0,LOW
XYZ20T100244,2026-07-23,3400.9,80.09,83.98,-0.057,65.15,32.13,0,0,0,0.0,0.0,0,LOW
XYZ20T100250,2026-07-23,7169.9,78.38,83.92,-0.012,65.02,32.98,0,0,0,0.0,0.0,0,LOW
XYZ20T100255,2026-07-23,4787.4,81.35,84.41,-0.043,69.83,38.23,0,0,0,0.0,0.0,0,LOW
XYZ20T100258,2026-07-23,9510.1,82.8,88.9,-0.226,76.24,35.8,0,0,0,0.0,0.0,0,LOW
XYZ20T100260,2026-07-23,15841.1,87.97,93.93,0.359,73.77,38.79,0,0,0,0.0,0.0,0,LOW
XYZ20T100261,2026-07-23,16387.6,85.28,90.24,-0.176,64.4,29.79,0,0,0,0.0,0.0,0,LOW
XYZ20T100270,2026-07-23,6100.7,82.48,88.9,0.214,50.15,36.98,0,0,0,0.0,0.0,0,LOW
XYZ20T100274,2026-07-23,7515.6,80.9,84.22,0.206,45.9,37.35,0,0,0,0.0,0.0,0,LOW
XYZ20T100293,2026-07-23,4538.8,75.43,78.84,-0.225,58.29,32.22,0,0,0,0.0,0.0,0,LOW
XYZ20T100295,2026-07-23,828.9,81.89,86.7,-0.114,70.59,39.8,0,0,0,0.0,0.0,0,LOW
XYZ20T100299,2026-07-23,19916.1,86.04,91.02,0.097,54.08,33.11,0,0,0,0.0,0.0,0,LOW
XYZ20T100301,2026-07-23,18794.0,80.76,85.42,-0.068,70.17,29.53,0,0,0,0.0,0.0,0,LOW
XYZ20T100303,2026-07-23,24949.3,82.0,87.89,0.872,62.93,46.08,0,0,0,0.0099,1.0,0,LOW
XYZ20T100304,2026-07-23,11062.8,87.27,93.65,0.313,72.33,29.83,0,0,0,0.0,0.0,0,LOW
XYZ20T100306,2026-07-23,12522.4,88.55,91.57,0.081,81.65,36.86,0,0,0,0.0,0.0,0,LOW
XYZ20T100320,2026-07-23,835.1,80.75,84.71,-0.015,47.4,37.96,0,0,0,0.0,0.0,0,LOW
XYZ20T100324,2026-07-23,13031.2,86.38,93.36,0.57,77.53,40.3,0,0,0,0.0063,0.6,0,LOW
XYZ20T100327,2026-07-23,1734.0,80.1,85.49,0.792,36.59,40.42,0,0,0,0.0299,3.0,0,LOW
XYZ20T100328,2026-07-23,17300.6,87.16,93.65,0.022,62.04,37.49,0,0,0,0.0,0.0,0,LOW
XYZ20T100329,2026-07-23,3392.5,84.48,88.54,0.15,63.44,30.26,0,0,0,0.0,0.0,0,LOW
XYZ20T100331,2026-07-23,24922.8,84.18,89.65,-0.027,59.87,32.25,0,0,0,0.0,0.0,0,LOW
XYZ20T100332,2026-07-23,24936.1,81.96,88.12,0.002,62.2,30.39,0,0,0,0.0,0.0,0,LOW
XYZ20T100338,2026-07-23,6549.3,76.77,81.58,-0.121,41.98,35.11,0,0,0,0.0,0.0,0,LOW
XYZ20T100339,2026-07-23,2974.4,87.89,94.37,0.223,64.09,39.26,0,0,0,0.0,0.0,0,LOW
XYZ20T100350,2026-07-23,10917.3,85.76,92.55,0.503,64.97,40.19,0,0,0,0.0162,1.6,0,LOW
XYZ20T100361,2026-07-23,17475.1,80.89,85.44,0.35,55.56,32.74,0,0,0,0.0,0.0,0,LOW
XYZ20T100371,2026-07-23,10180.8,83.9,87.05,-1.338,47.78,38.61,0,0,0,0.0,0.0,0,LOW
XYZ20T100373,2026-07-23,13758.7,91.72,99.09,1.647,48.79,33.65,1,0,0,0.4321,43.2,1,MODERATE
XYZ20T100377,2026-07-23,12328.7,84.0,87.44,-0.608,40.9,36.17,0,0,0,0.0,0.0,0,LOW
XYZ20T100379,2026-07-23,8513.1,87.83,94.11,0.977,66.58,33.6,0,0,0,0.2071,20.7,0,LOW
XYZ20T100380,2026-07-23,7584.1,75.35,79.63,-0.373,40.98,31.47,0,0,0,0.0,0.0,0,LOW
XYZ20T100382,2026-07-23,12287.2,84.22,92.49,-1.141,70.0,33.3,0,0,0,0.01,1.0,0,LOW
XYZ20T100392,2026-07-23,15106.7,82.24,86.56,-1.21,72.43,41.45,0,0,0,0.0,0.0,0,LOW
XYZ20T100399,2026-07-23,4721.1,78.69,84.13,0.132,83.91,21.37,0,0,0,0.0,0.0,0,LOW
XYZ20T100401,2026-07-23,10765.2,86.61,92.96,-1.793,76.29,31.12,0,0,0,0.0,0.0,0,LOW
XYZ20T100412,2026-07-23,2040.2,87.0,97.12,1.018,35.24,37.31,1,0,1,0.5935,59.3,1,HIGH
XYZ20T100416,2026-07-23,2951.8,77.62,80.63,-0.171,51.66,40.29,0,0,0,0.0,0.0,0,LOW
XYZ20T100418,2026-07-23,7507.6,89.16,94.21,-0.071,61.56,35.4,0,0,0,0.0,0.0,0,LOW
XYZ20T100419,2026-07-23,7531.5,91.61,96.66,-0.4,56.58,34.6,0,0,0,0.013,1.3,0,LOW
XYZ20T100424,2026-07-23,16366.5,80.1,87.04,0.073,71.45,38.83,0,0,0,0.0,0.0,0,LOW
XYZ20T100427,2026-07-23,1724.7,85.01,88.15,-0.444,62.74,28.32,0,0,0,0.0,0.0,0,LOW
XYZ20T100430,2026-07-23,13599.4,81.11,85.78,0.253,52.99,39.2,0,0,0,0.0,0.0,0,LOW
XYZ20T100432,2026-07-23,722.6,87.96,92.32,0.379,59.05,36.64,0,0,0,0.0,0.0,0,LOW
XYZ20T100436,2026-07-23,3870.0,91.82,99.02,1.289,53.25,31.92,0,1,0,0.9656,96.6,1,CRITICAL
XYZ20T100440,2026-07-23,15436.7,79.44,85.85,0.294,62.06,36.71,0,0,0,0.0,0.0,0,LOW
XYZ20T100447,2026-07-23,7038.3,86.92,93.63,-0.13,73.14,34.83,0,0,0,0.0,0.0,0,LOW
XYZ20T100449,2026-07-23,12529.1,81.53,86.62,-0.251,51.63,34.55,0,0,0,0.0,0.0,0,LOW
XYZ20T100450,2026-07-23,6604.3,84.29,91.26,0.14,75.81,30.67,0,0,0,0.0,0.0,0,LOW
XYZ20T100452,2026-07-23,10022.8,91.76,99.51,0.063,55.93,40.22,0,0,0,0.0097,1.0,0,LOW
XYZ20T100457,2026-07-23,4987.2,77.26,82.43,-0.206,59.62,23.51,0,0,0,0.0,0.0,0,LOW
XYZ20T100458,2026-07-23,4134.2,82.22,89.44,0.684,50.43,36.44,0,0,0,0.0,0.0,0,LOW
XYZ20T100462,2026-07-23,4281.7,87.58,93.12,-0.052,49.35,48.0,0,0,0,0.0,0.0,0,LOW
XYZ20T100468,2026-07-23,7052.5,85.66,89.68,0.039,46.5,35.24,0,0,0,0.0,0.0,0,LOW
XYZ20T100469,2026-07-23,8316.5,82.89,88.3,-0.29,63.48,40.35,0,0,0,0.0,0.0,0,LOW
XYZ20T100475,2026-07-23,14619.1,95.24,103.66,1.239,45.71,34.28,0,0,0,0.8919,89.2,1,CRITICAL
XYZ20T100477,2026-07-23,5607.2,81.47,86.67,0.412,48.45,34.16,0,0,0,0.0,0.0,0,LOW
XYZ20T100483,2026-07-23,22527.9,83.92,89.63,0.189,50.46,27.43,0,0,0,0.0,0.0,0,LOW
XYZ20T100491,2026-07-23,8905.0,79.48,84.64,0.163,60.14,39.24,0,0,0,0.0,0.0,0,LOW
XYZ20T100498,2026-07-23,24947.6,86.9,90.88,-0.008,54.9,42.59,0,0,0,0.0,0.0,0,LOW
XYZ20T100499,2026-07-23,15800.2,77.76,83.18,-0.216,44.28,31.08,0,0,0,0.0,0.0,0,LOW
XYZ20T100500,2026-07-23,1488.3,86.09,90.11,0.071,64.5,40.23,0,0,0,0.0,0.0,0,LOW
XYZ20T100503,2026-07-23,11197.1,79.23,85.88,-0.305,51.86,29.27,0,0,0,0.0,0.0,0,LOW
XYZ20T100507,2026-07-23,5570.7,83.45,87.15,0.414,76.14,31.43,0,0,0,0.0,0.0,0,LOW
XYZ20T100517,2026-07-23,7960.0,82.56,88.75,-0.169,73.5,27.13,0,0,0,0.0,0.0,0,LOW
XYZ20T100528,2026-07-23,15110.2,80.41,86.94,0.065,58.98,27.2,0,0,0,0.0,0.0,0,LOW
XYZ20T100529,2026-07-23,16313.1,83.29,89.99,0.21,55.92,40.93,0,0,0,0.0,0.0,0,LOW
XYZ20T100533,2026-07-23,1951.4,86.24,91.64,-0.15,79.06,37.02,0,0,0,0.0,0.0,0,LOW
XYZ20T100537,2026-07-23,23229.0,85.27,94.58,0.919,56.77,26.01,0,0,1,0.243,24.3,0,LOW
XYZ20T100541,2026-07-23,13076.4,81.6,90.01,0.224,76.69,37.6,0,0,0,0.0,0.0,0,LOW
XYZ20T100551,2026-07-23,13017.7,81.04,85.59,-0.292,63.13,44.34,0,0,0,0.0,0.0,0,LOW
XYZ20T100552,2026-07-23,3469.7,79.75,86.73,-0.17,42.83,45.65,0,0,0,0.0,0.0,0,LOW
XYZ20T100556,2026-07-23,11094.7,78.79,84.82,-0.109,66.55,28.91,0,0,0,0.0,0.0,0,LOW
XYZ20T100557,2026-07-23,8883.0,88.1,92.01,0.466,70.54,32.38,0,0,0,0.0,0.0,0,LOW
XYZ20T100560,2026-07-23,824.1,77.61,84.49,0.012,48.61,32.54,0,0,0,0.0,0.0,0,LOW
XYZ20T100569,2026-07-23,9677.5,80.91,85.23,-0.206,78.71,35.0,0,0,0,0.0,0.0,0,LOW
XYZ20T100573,2026-07-23,2647.2,81.71,87.25,-1.3,57.97,33.5,0,0,0,0.0,0.0,0,LOW
XYZ20T100580,2026-07-23,6990.1,86.35,91.93,-0.018,62.54,36.32,0,0,0,0.0,0.0,0,LOW
XYZ20T100581,2026-07-23,11322.7,82.91,87.33,0.24,43.6,36.66,0,0,0,0.0,0.0,0,LOW
XYZ20T100583,2026-07-23,14375.8,87.13,90.45,-0.276,61.37,37.39,0,0,0,0.0,0.0,0,LOW
XYZ20T100586,2026-07-23,11233.2,81.8,88.31,-0.019,56.8,34.84,0,0,0,0.0,0.0,0,LOW
XYZ20T100591,2026-07-23,14036.2,87.65,91.47,0.167,41.24,39.8,0,0,0,0.0,0.0,0,LOW
XYZ20T100592,2026-07-23,24144.2,86.92,91.1,0.238,69.96,37.95,0,0,0,0.0,0.0,0,LOW
XYZ20T100594,2026-07-23,12425.5,82.99,89.29,0.213,71.16,25.03,0,0,0,0.0,0.0,0,LOW
XYZ20T100595,2026-07-23,7987.9,83.81,89.62,-0.192,58.13,35.87,0,0,0,0.0,0.0,0,LOW
XYZ20T100597,2026-07-23,2506.8,90.14,100.92,1.531,61.13,30.62,0,1,0,0.955,95.5,1,CRITICAL
XYZ20T100600,2026-07-23,19873.8,81.55,84.66,0.291,65.05,38.44,0,0,0,0.0,0.0,0,LOW
XYZ20T100604,2026-07-23,4260.0,81.39,88.74,1.035,27.81,32.38,0,0,0,0.0299,3.0,0,LOW
XYZ20T100610,2026-07-23,18843.7,80.36,85.86,0.083,61.41,40.44,0,0,0,0.0,0.0,0,LOW
XYZ20T100621,2026-07-23,8430.1,85.17,88.4,-0.919,62.48,31.01,0,0,0,0.0,0.0,0,LOW
XYZ20T100624,2026-07-23,5321.7,81.31,87.85,-0.442,71.8,28.87,0,0,0,0.0,0.0,0,LOW
XYZ20T100625,2026-07-23,7022.6,92.12,101.2,1.647,54.18,37.77,0,1,0,0.7011,70.1,1,HIGH
XYZ20T100630,2026-07-23,6223.2,81.96,85.52,-0.111,64.52,40.47,0,0,0,0.0,0.0,0,LOW
XYZ20T100633,2026-07-23,2792.9,77.96,84.8,-0.41,65.54,31.01,0,0,0,0.0,0.0,0,LOW
XYZ20T100636,2026-07-23,13064.0,79.42,85.27,-0.361,56.47,37.69,0,0,0,0.0,0.0,0,LOW
XYZ20T100641,2026-07-23,14883.9,85.87,90.64,-0.119,58.74,34.01,0,0,0,0.0,0.0,0,LOW
XYZ20T100643,2026-07-23,4244.9,81.86,88.17,0.096,46.39,30.13,0,0,0,0.0,0.0,0,LOW
XYZ20T100652,2026-07-23,597.1,86.69,92.75,-0.218,68.0,29.43,0,0,0,0.0,0.0,0,LOW
XYZ20T100656,2026-07-23,15899.9,87.15,93.19,0.278,67.07,33.73,0,0,0,0.0,0.0,0,LOW
XYZ20T100662,2026-07-23,17163.8,87.01,90.94,0.337,58.54,39.13,0,0,0,0.0,0.0,0,LOW
XYZ20T100675,2026-07-23,10046.6,80.84,86.9,-1.506,45.06,32.9,0,0,0,0.0,0.0,0,LOW
XYZ20T100676,2026-07-23,18285.6,83.73,90.31,0.068,62.06,32.69,0,0,0,0.0,0.0,0,LOW
XYZ20T100684,2026-07-23,5667.9,81.45,84.92,0.506,65.19,38.24,0,0,0,0.0,0.0,0,LOW
XYZ20T100685,2026-07-23,1624.9,83.55,89.92,0.065,48.05,41.59,0,0,0,0.0,0.0,0,LOW
XYZ20T100704,2026-07-23,8792.0,79.92,85.35,0.353,70.76,34.27,0,0,0,0.0,0.0,0,LOW
XYZ20T100712,2026-07-23,504.9,86.89,91.45,0.274,56.89,30.5,0,0,0,0.0,0.0,0,LOW
XYZ20T100714,2026-07-23,19075.3,81.55,85.63,-0.564,53.27,30.66,0,0,0,0.0,0.0,0,LOW
XYZ20T100716,2026-07-23,6056.2,78.81,83.73,0.131,57.39,36.9,0,0,0,0.0,0.0,0,LOW
XYZ20T100724,2026-07-23,4576.4,80.4,83.65,0.189,52.45,37.87,0,0,0,0.0,0.0,0,LOW
XYZ20T100726,2026-07-23,6358.1,83.83,87.88,0.008,50.53,35.12,0,0,0,0.0,0.0,0,LOW
XYZ20T100730,2026-07-23,5771.1,83.29,89.25,0.21,61.61,36.79,0,0,0,0.0,0.0,0,LOW
XYZ20T100740,2026-07-23,12415.0,81.04,84.07,-0.433,38.62,27.44,0,0,0,0.0,0.0,0,LOW
XYZ20T100747,2026-07-23,1635.2,83.68,87.45,0.413,77.62,40.03,0,0,0,0.0,0.0,0,LOW
XYZ20T100759,2026-07-23,11452.0,92.31,99.11,0.678,60.74,33.88,0,0,0,0.3932,39.3,1,MODERATE
XYZ20T100764,2026-07-23,19226.4,81.43,85.3,-0.215,43.02,33.84,0,0,0,0.0,0.0,0,LOW
XYZ20T100766,2026-07-23,19752.5,80.52,83.95,0.245,77.2,34.38,0,0,0,0.0,0.0,0,LOW
XYZ20T100773,2026-07-23,16935.7,81.21,85.64,0.504,62.56,45.2,0,0,0,0.0,0.0,0,LOW
XYZ20T100778,2026-07-23,873.8,82.38,85.65,-0.06,69.68,36.0,0,0,0,0.0,0.0,0,LOW
XYZ20T100781,2026-07-23,15823.6,79.95,84.61,-0.16,59.24,34.77,0,0,0,0.0,0.0,0,LOW
XYZ20T100793,2026-07-23,24875.8,76.42,81.62,0.146,38.48,39.38,0,0,0,0.0,0.0,0,LOW
XYZ20T100796,2026-07-23,9705.7,84.32,88.12,-0.298,46.45,29.14,0,0,0,0.0,0.0,0,LOW
XYZ20T100809,2026-07-23,6286.5,83.86,90.8,0.278,67.54,43.64,0,0,0,0.0,0.0,0,LOW
XYZ20T100826,2026-07-23,17614.6,81.61,86.83,0.611,76.8,27.94,0,0,0,0.0,0.0,0,LOW
XYZ20T100827,2026-07-23,9953.0,86.53,90.68,0.207,67.37,38.83,0,0,0,0.0,0.0,0,LOW
XYZ20T100829,2026-07-23,15066.4,86.3,89.43,-1.525,64.1,31.4,0,0,0,0.0,0.0,0,LOW
XYZ20T100832,2026-07-23,16772.3,83.1,89.35,-0.483,42.87,34.21,0,0,0,0.0,0.0,0,LOW
XYZ20T100833,2026-07-23,3822.4,90.46,97.93,0.584,70.03,29.89,1,0,0,0.5159,51.6,1,HIGH
XYZ20T100840,2026-07-23,11006.6,86.12,91.24,0.084,69.86,28.71,0,0,0,0.0,0.0,0,LOW
XYZ20T100844,2026-07-23,2962.9,80.81,87.17,-0.131,54.22,35.31,0,0,0,0.0,0.0,0,LOW
XYZ20T100848,2026-07-23,12939.1,76.33,82.73,-0.159,51.05,39.31,0,0,0,0.0,0.0,0,LOW
XYZ20T100849,2026-07-23,10621.5,80.06,85.91,0.116,55.76,42.83,0,0,0,0.0,0.0,0,LOW
XYZ20T100851,2026-07-23,22374.2,78.63,82.7,0.117,64.84,31.52,0,0,0,0.0,0.0,0,LOW
XYZ20T100856,2026-07-23,20146.8,82.37,86.97,-0.186,67.56,39.2,0,0,0,0.0,0.0,0,LOW
XYZ20T100858,2026-07-23,2973.9,86.62,90.79,-0.505,75.43,27.54,0,0,0,0.0,0.0,0,LOW
XYZ20T100868,2026-07-23,21211.3,91.03,101.99,1.237,64.63,33.31,0,0,1,0.6832,68.3,1,HIGH
XYZ20T100869,2026-07-23,4292.1,86.95,91.94,-0.118,44.21,32.53,0,0,0,0.0,0.0,0,LOW
XYZ20T100871,2026-07-23,8864.2,82.7,86.75,0.548,55.51,38.57,0,0,0,0.0,0.0,0,LOW
XYZ20T100877,2026-07-23,17858.4,83.7,90.05,-0.836,58.93,33.76,0,0,0,0.0,0.0,0,LOW
XYZ20T100879,2026-07-23,9829.4,91.83,100.57,1.227,59.37,36.05,0,1,0,0.6742,67.4,1,HIGH
XYZ20T100881,2026-07-23,11863.5,86.76,91.68,0.103,45.6,29.16,0,0,0,0.0,0.0,0,LOW
XYZ20T100884,2026-07-23,5724.3,86.18,91.98,-0.187,65.5,27.54,0,0,0,0.0,0.0,0,LOW
XYZ20T100899,2026-07-23,10274.0,78.44,81.79,-0.355,57.94,33.52,0,0,0,0.0,0.0,0,LOW
XYZ20T100901,2026-07-23,6495.3,88.98,95.34,0.711,79.58,28.73,0,1,0,0.0775,7.7,0,LOW
XYZ20T100902,2026-07-23,22426.0,78.76,82.13,-0.342,46.85,34.45,0,0,0,0.0,0.0,0,LOW
XYZ20T100907,2026-07-23,14878.6,79.25,84.44,-0.375,37.19,37.48,0,0,0,0.0,0.0,0,LOW
XYZ20T100908,2026-07-23,1934.8,86.12,93.01,0.479,62.37,32.52,0,0,0,0.0,0.0,0,LOW
XYZ20T100911,2026-07-23,2927.5,89.85,96.43,0.222,78.72,38.79,0,0,0,0.0227,2.3,0,LOW
XYZ20T100915,2026-07-23,7641.7,80.32,83.44,-2.0,63.8,37.18,0,0,0,0.0,0.0,0,LOW
XYZ20T100919,2026-07-23,9532.2,81.75,86.42,-0.05,73.95,30.09,0,0,0,0.0,0.0,0,LOW
XYZ20T100924,2026-07-23,13752.8,83.76,90.15,-0.167,61.98,35.42,0,0,0,0.0,0.0,0,LOW
XYZ20T100926,2026-07-23,18299.8,82.84,88.06,0.27,84.18,38.21,0,0,0,0.0,0.0,0,LOW
XYZ20T100934,2026-07-23,4643.4,79.28,82.98,0.026,38.04,41.76,0,0,0,0.0,0.0,0,LOW
XYZ20T100947,2026-07-23,3919.7,83.64,90.6,-1.501,71.65,32.71,0,0,0,0.0,0.0,0,LOW
XYZ20T100976,2026-07-23,2108.3,79.64,85.39,0.226,42.21,32.95,0,0,0,0.0,0.0,0,LOW
XYZ20T100978,2026-07-23,17568.4,85.51,92.02,0.116,62.49,31.03,0,0,0,0.0,0.0,0,LOW
XYZ20T100986,2026-07-23,5224.9,84.82,90.04,0.102,72.58,37.01,0,0,0,0.0,0.0,0,LOW
XYZ20T100988,2026-07-23,12925.9,82.67,87.43,0.285,82.04,31.98,0,0,0,0.0,0.0,0,LOW
XYZ20T100989,2026-07-23,4856.3,85.26,92.11,0.2,54.0,33.86,0,0,0,0.0,0.0,0,LOW
XYZ20T100991,2026-07-23,4680.2,87.55,91.04,-0.062,57.84,34.92,0,0,0,0.0,0.0,0,LOW
XYZ20T100992,2026-07-23,3463.5,80.1,85.62,-1.188,60.73,38.99,0,0,0,0.0,0.0,0,LOW
XYZ20T100993,2026-07-23,3002.0,83.1,86.62,0.362,77.86,40.17,0,0,0,0.0,0.0,0,LOW
XYZ20T100999,2026-07-23,5750.6,79.29,84.36,-0.033,48.48,45.22,0,0,0,0.0,0.0,0,LOW
XYZ20T101011,2026-07-23,4025.0,87.3,94.07,-0.002,75.56,26.56,0,0,0,0.0,0.0,0,LOW
XYZ20T101013,2026-07-23,8728.3,83.88,86.99,-0.16,71.11,28.7,0,0,0,0.0,0.0,0,LOW
XYZ20T101017,2026-07-23,15788.6,80.73,83.94,-1.146,69.53,23.72,0,0,0,0.0,0.0,0,LOW
XYZ20T101030,2026-07-23,14464.2,85.38,92.17,0.492,40.68,35.3,0,1,0,0.0,0.0,0,LOW
XYZ20T101041,2026-07-23,11116.1,88.19,93.25,0.021,79.74,31.77,0,0,0,0.0,0.0,0,LOW
XYZ20T101067,2026-07-23,4403.9,87.41,96.64,0.701,49.5,38.21,0,0,0,0.0589,5.9,0,LOW
XYZ20T101069,2026-07-23,20681.0,86.03,92.4,0.093,63.12,38.28,0,0,0,0.0,0.0,0,LOW
XYZ20T101070,2026-07-23,829.3,90.0,99.19,0.691,70.61,25.36,0,0,0,0.0781,7.8,0,LOW
XYZ20T101080,2026-07-23,2799.9,77.32,81.63,-0.587,64.39,31.78,0,0,0,0.0,0.0,0,LOW
XYZ20T101090,2026-07-23,940.3,86.71,92.68,-0.24,51.05,39.57,0,0,0,0.0,0.0,0,LOW
XYZ20T101094,2026-07-23,13418.0,79.06,85.71,-0.383,66.28,37.01,0,0,0,0.0,0.0,0,LOW
XYZ20T101096,2026-07-23,2494.0,85.01,91.99,-1.049,82.46,30.08,0,0,0,0.0,0.0,0,LOW
XYZ20T101100,2026-07-23,5637.9,87.06,91.76,-1.929,60.22,31.62,0,0,0,0.0,0.0,0,LOW
XYZ20T101102,2026-07-23,24920.4,80.97,85.9,-0.32,71.56,28.69,0,0,0,0.0,0.0,0,LOW
XYZ20T101107,2026-07-23,15874.9,80.17,86.27,0.302,74.75,33.81,0,0,0,0.0,0.0,0,LOW
XYZ20T101112,2026-07-23,5899.5,82.7,87.54,-1.637,61.26,41.17,0,0,0,0.0,0.0,0,LOW
XYZ20T101117,2026-07-23,3114.7,85.84,89.9,0.148,46.14,40.11,0,0,0,0.0,0.0,0,LOW
XYZ20T101120,2026-07-23,12942.8,88.04,93.41,0.273,51.24,38.14,0,0,0,0.0,0.0,0,LOW
XYZ20T101122,2026-07-23,10765.0,82.7,88.95,-0.983,79.36,30.27,0,0,0,0.0,0.0,0,LOW
XYZ20T101132,2026-07-23,3649.8,78.92,82.38,-0.292,47.4,32.67,0,0,0,0.0,0.0,0,LOW
XYZ20T101134,2026-07-23,21208.8,88.45,96.11,1.132,47.95,25.62,1,0,1,0.2015,20.1,0,LOW
XYZ20T101142,2026-07-23,5056.5,81.24,86.93,-0.501,46.62,30.41,0,0,0,0.0,0.0,0,LOW
XYZ20T101147,2026-07-23,24475.2,85.81,92.53,0.064,70.21,36.94,0,0,0,0.0,0.0,0,LOW
XYZ20T101149,2026-07-23,12492.8,74.55,79.48,-0.465,36.82,36.22,0,0,0,0.0,0.0,0,LOW
XYZ20T101150,2026-07-23,16928.6,78.88,83.48,-0.027,50.57,34.67,0,0,0,0.0,0.0,0,LOW
XYZ20T101153,2026-07-23,4032.8,86.54,89.61,0.07,38.45,26.4,0,0,0,0.0,0.0,0,LOW
XYZ20T101156,2026-07-23,10580.8,79.4,82.55,-0.095,47.97,35.74,0,0,0,0.0,0.0,0,LOW
XYZ20T101158,2026-07-23,5788.8,90.12,93.73,-0.131,79.05,29.92,0,0,0,0.0,0.0,0,LOW
XYZ20T101165,2026-07-23,18409.4,81.1,84.38,0.3,75.56,37.39,0,0,0,0.0033,0.3,0,LOW
XYZ20T101169,2026-07-23,11362.5,80.24,86.12,-0.014,66.02,31.19,0,0,0,0.0,0.0,0,LOW
XYZ20T101173,2026-07-23,358.8,83.49,90.03,-0.141,71.95,38.62,0,0,0,0.0,0.0,0,LOW
XYZ20T101175,2026-07-23,4988.5,88.13,94.66,0.249,79.27,32.04,0,0,0,0.0,0.0,0,LOW
XYZ20T101192,2026-07-23,5513.5,84.98,89.42,0.457,44.78,23.04,0,0,0,0.0,0.0,0,LOW
XYZ20T101205,2026-07-23,8681.9,79.2,84.02,0.014,60.14,29.74,0,0,0,0.0,0.0,0,LOW
XYZ20T101208,2026-07-23,10495.0,83.88,88.41,0.046,53.48,32.1,0,0,0,0.0,0.0,0,LOW
XYZ20T101210,2026-07-23,7300.6,85.96,91.84,0.195,61.39,26.76,0,0,0,0.0,0.0,0,LOW
XYZ20T101215,2026-07-23,13685.1,101.29,110.22,1.14,55.62,31.11,1,1,0,0.9527,95.3,1,CRITICAL
XYZ20T101216,2026-07-23,1231.1,82.29,87.95,0.185,46.35,42.42,0,0,0,0.0,0.0,0,LOW
XYZ20T101220,2026-07-23,17302.1,86.51,91.09,-0.392,62.15,32.41,0,0,0,0.0,0.0,0,LOW
XYZ20T101222,2026-07-23,24750.8,76.87,80.38,-0.371,48.43,27.87,0,0,0,0.0,0.0,0,LOW
XYZ20T101227,2026-07-23,705.4,91.82,99.53,0.37,48.89,28.51,0,0,0,0.023,2.3,0,LOW
XYZ20T101233,2026-07-23,10734.5,94.77,102.38,1.071,67.67,33.85,1,0,1,0.9126,91.3,1,CRITICAL
XYZ20T101236,2026-07-23,10236.7,91.09,97.74,0.264,74.15,38.77,0,0,0,0.0392,3.9,0,LOW
XYZ20T101237,2026-07-23,1064.2,81.69,86.92,-0.234,47.88,25.05,0,0,0,0.0,0.0,0,LOW
XYZ20T101240,2026-07-23,2672.4,80.59,85.08,-0.098,60.66,34.09,0,0,0,0.0,0.0,0,LOW
XYZ20T101242,2026-07-23,13395.9,85.37,91.61,0.137,85.0,32.09,0,0,0,0.0,0.0,0,LOW
XYZ20T101273,2026-07-23,14640.1,86.25,92.84,0.504,65.57,39.62,0,0,0,0.0096,1.0,0,LOW
XYZ20T101274,2026-07-23,3264.7,81.64,87.01,-0.135,53.56,27.64,0,0,0,0.0,0.0,0,LOW
XYZ20T101275,2026-07-23,6661.3,79.59,83.05,-0.172,69.6,31.3,0,0,0,0.0,0.0,0,LOW
XYZ20T101277,2026-07-23,14904.9,80.93,86.88,-0.023,55.64,28.36,0,0,0,0.0,0.0,0,LOW
XYZ20T101280,2026-07-23,1095.5,81.52,87.67,-0.181,50.8,24.6,0,0,0,0.0,0.0,0,LOW
XYZ20T101286,2026-07-23,2250.4,81.24,87.34,0.2,70.22,34.24,0,0,0,0.0,0.0,0,LOW
XYZ20T101290,2026-07-23,14049.1,81.93,85.75,0.19,59.77,44.23,0,0,0,0.0,0.0,0,LOW
XYZ20T101298,2026-07-23,22012.7,88.31,93.84,-0.04,67.79,28.39,0,0,0,0.0,0.0,0,LOW
XYZ20T101299,2026-07-23,6311.8,84.1,88.97,-0.172,43.98,35.87,0,0,0,0.0,0.0,0,LOW
XYZ20T101301,2026-07-23,18564.7,76.88,83.39,-0.56,68.66,28.79,0,0,0,0.0,0.0,0,LOW
XYZ20T101306,2026-07-23,1091.1,82.49,86.28,-0.497,58.95,28.5,0,0,0,0.0,0.0,0,LOW
XYZ20T101308,2026-07-23,8588.5,85.78,90.26,0.185,66.45,42.33,0,0,0,0.0,0.0,0,LOW
XYZ20T101317,2026-07-23,627.6,85.6,90.51,-0.486,72.43,28.1,0,0,0,0.0,0.0,0,LOW
XYZ20T101318,2026-07-23,7655.1,83.5,87.53,-0.428,72.05,34.17,0,0,0,0.0,0.0,0,LOW
XYZ20T101319,2026-07-23,20925.6,85.15,91.07,-2.156,61.69,37.05,0,0,0,0.0,0.0,0,LOW
XYZ20T101326,2026-07-23,4119.6,85.52,90.53,-0.01,74.54,26.49,0,0,0,0.0,0.0,0,LOW
XYZ20T101334,2026-07-23,6049.6,83.48,86.6,0.119,43.84,31.32,0,0,0,0.0,0.0,0,LOW
XYZ20T101349,2026-07-23,13216.9,76.62,80.12,-0.479,44.67,35.66,0,0,0,0.0,0.0,0,LOW
XYZ20T101361,2026-07-23,2925.6,86.39,93.0,0.136,57.13,34.44,0,0,0,0.0,0.0,0,LOW
XYZ20T101369,2026-07-23,10332.0,86.76,93.95,-1.186,36.16,35.62,0,0,0,0.0033,0.3,0,LOW
XYZ20T101374,2026-07-23,13297.1,80.33,84.18,-0.685,62.98,34.77,0,0,0,0.0,0.0,0,LOW
XYZ20T101384,2026-07-23,14884.8,82.17,89.12,0.104,54.7,33.57,0,0,0,0.0,0.0,0,LOW
XYZ20T101385,2026-07-23,13555.6,92.98,101.81,1.797,59.99,27.99,0,1,0,0.7965,79.7,1,CRITICAL
XYZ20T101393,2026-07-23,17448.9,87.83,92.05,-0.032,66.5,24.09,0,0,0,0.0,0.0,0,LOW
XYZ20T101406,2026-07-23,16631.8,79.07,83.58,0.164,56.63,36.35,0,0,0,0.0,0.0,0,LOW
XYZ20T101413,2026-07-23,14084.3,87.17,92.91,0.125,50.16,31.98,0,0,0,0.0,0.0,0,LOW
XYZ20T101419,2026-07-23,12386.7,88.82,95.15,1.244,74.84,29.1,1,0,0,0.1727,17.3,0,LOW
XYZ20T101423,2026-07-23,19040.7,88.68,94.18,-0.117,71.58,37.7,0,0,0,0.0,0.0,0,LOW
XYZ20T101428,2026-07-23,6238.3,85.65,91.95,-0.166,50.53,22.69,0,0,0,0.0,0.0,0,LOW
XYZ20T101431,2026-07-23,24950.2,88.52,92.61,0.019,83.26,27.47,0,0,0,0.0,0.0,0,LOW
XYZ20T101434,2026-07-23,11439.9,87.66,90.91,0.438,68.03,26.91,0,0,0,0.0,0.0,0,LOW
XYZ20T101435,2026-07-23,12922.0,82.2,87.3,0.055,76.63,26.71,0,0,0,0.0,0.0,0,LOW
XYZ20T101437,2026-07-23,3292.7,87.21,90.36,0.166,77.95,34.88,0,0,0,0.0,0.0,0,LOW
XYZ20T101446,2026-07-23,9245.5,80.65,86.27,-0.391,71.38,35.74,0,0,0,0.0,0.0,0,LOW
XYZ20T101468,2026-07-23,8310.8,85.17,91.73,-0.238,79.14,34.93,0,0,0,0.0,0.0,0,LOW
XYZ20T101479,2026-07-23,1406.1,91.79,98.36,1.486,60.04,31.55,0,1,0,0.7107,71.1,1,HIGH
XYZ20T101484,2026-07-23,14401.1,77.11,81.95,-0.021,41.13,27.99,0,0,0,0.0,0.0,0,LOW
XYZ20T101491,2026-07-23,13799.4,83.19,88.79,0.412,63.37,31.63,0,0,0,0.0,0.0,0,LOW
XYZ20T101498,2026-07-23,13461.3,81.36,84.56,0.283,59.89,41.35,0,0,0,0.0,0.0,0,LOW
XYZ20T101500,2026-07-23,4265.2,78.05,83.53,-0.177,33.85,40.62,0,0,0,0.0033,0.3,0,LOW
XYZ20T101501,2026-07-23,16268.4,89.15,95.42,0.608,66.92,44.56,0,0,0,0.0131,1.3,0,LOW
XYZ20T101502,2026-07-23,10711.9,79.47,84.74,0.132,55.26,26.77,0,0,0,0.0,0.0,0,LOW
XYZ20T101504,2026-07-23,7256.7,80.45,84.4,0.013,58.2,43.96,0,0,0,0.0,0.0,0,LOW
XYZ20T101511,2026-07-23,610.8,80.08,86.17,-0.594,54.75,33.41,0,0,0,0.0,0.0,0,LOW
XYZ20T101519,2026-07-23,13857.3,78.63,83.41,-0.445,60.57,33.96,0,0,0,0.0,0.0,0,LOW
XYZ20T101525,2026-07-23,8232.8,88.06,93.5,0.268,62.71,40.27,0,0,0,0.0,0.0,0,LOW
XYZ20T101526,2026-07-23,1226.1,79.48,85.5,0.212,69.13,27.09,0,0,0,0.0,0.0,0,LOW
XYZ20T101530,2026-07-23,20187.0,83.05,89.57,0.074,62.63,35.73,0,0,0,0.0,0.0,0,LOW
XYZ20T101534,2026-07-23,5863.4,79.19,84.57,-0.161,62.94,33.18,0,0,0,0.0,0.0,0,LOW
XYZ20T101549,2026-07-23,2011.5,77.82,82.46,-0.113,49.1,39.66,0,0,0,0.0,0.0,0,LOW
XYZ20T101550,2026-07-23,5036.5,75.49,81.4,-0.389,55.65,24.84,0,0,0,0.0,0.0,0,LOW
XYZ20T101551,2026-07-23,582.6,82.57,85.93,0.052,75.38,30.55,0,0,0,0.0,0.0,0,LOW
XYZ20T101555,2026-07-23,12514.0,88.77,92.82,0.262,70.13,42.08,0,0,0,0.0,0.0,0,LOW
XYZ20T101558,2026-07-23,6125.0,79.06,83.76,-0.198,64.49,29.08,0,0,0,0.0,0.0,0,LOW
XYZ20T101562,2026-07-23,14188.7,86.36,93.15,-0.608,73.94,29.88,0,0,0,0.0033,0.3,0,LOW
XYZ20T101567,2026-07-23,17186.7,78.85,83.19,-0.023,25.66,32.94,0,0,0,0.0,0.0,0,LOW
XYZ20T101573,2026-07-23,1925.7,85.62,90.58,0.085,70.99,36.37,0,0,0,0.0,0.0,0,LOW
XYZ20T101582,2026-07-23,15484.7,81.67,85.8,-0.172,59.77,31.27,0,0,0,0.0,0.0,0,LOW
XYZ20T101586,2026-07-23,16383.9,84.78,89.77,0.466,52.26,37.8,0,0,0,0.0,0.0,0,LOW
XYZ20T101593,2026-07-23,369.2,80.4,85.32,0.025,59.4,35.23,0,0,0,0.0,0.0,0,LOW
XYZ20T101594,2026-07-23,12734.0,78.44,85.29,0.113,34.86,32.81,0,0,0,0.0,0.0,0,LOW
XYZ20T101629,2026-07-23,5886.8,78.08,84.42,-0.164,40.29,37.37,0,0,0,0.0,0.0,0,LOW
XYZ20T101633,2026-07-23,13106.2,83.77,90.51,0.359,57.93,35.8,0,0,0,0.0,0.0,0,LOW
XYZ20T101659,2026-07-23,6217.2,84.71,89.84,0.077,59.63,39.8,0,0,0,0.0,0.0,0,LOW
XYZ20T101662,2026-07-23,11513.2,82.77,87.91,0.505,73.58,33.77,0,0,0,0.0,0.0,0,LOW
XYZ20T101663,2026-07-23,20822.9,78.64,85.0,-0.28,58.51,20.0,0,0,0,0.0,0.0,0,LOW
XYZ20T101669,2026-07-23,4348.9,82.53,88.6,-0.296,70.11,29.42,0,0,0,0.0,0.0,0,LOW
XYZ20T101677,2026-07-23,4119.3,82.17,88.5,-0.113,65.29,29.31,0,0,0,0.0,0.0,0,LOW
XYZ20T101678,2026-07-23,5482.1,79.16,85.57,-0.054,57.46,34.63,0,0,0,0.0,0.0,0,LOW
XYZ20T101685,2026-07-23,11649.3,78.19,83.36,-0.341,49.1,31.29,0,0,0,0.0,0.0,0,LOW
XYZ20T101692,2026-07-23,435.5,83.46,87.16,0.235,67.3,34.5,0,0,0,0.0,0.0,0,LOW
XYZ20T101693,2026-07-23,22567.3,82.95,89.25,-1.914,83.73,29.22,0,0,0,0.0,0.0,0,LOW
XYZ20T101696,2026-07-23,15617.8,84.6,88.67,-2.46,71.63,39.2,0,0,0,0.0,0.0,0,LOW
XYZ20T101698,2026-07-23,4756.9,84.69,89.24,0.23,61.7,34.55,0,0,0,0.0,0.0,0,LOW
XYZ20T101699,2026-07-23,24938.8,80.19,84.87,-0.351,53.34,30.31,1,0,0,0.0,0.0,0,LOW
XYZ20T101702,2026-07-23,2281.9,80.77,87.35,0.174,58.97,38.49,0,0,0,0.0,0.0,0,LOW
XYZ20T101718,2026-07-23,2584.1,85.44,91.7,0.401,69.28,34.96,0,0,0,0.0,0.0,0,LOW
XYZ20T101728,2026-07-23,550.9,83.75,89.3,-0.321,39.28,38.2,0,0,0,0.0,0.0,0,LOW
XYZ20T101733,2026-07-23,9305.6,88.93,95.21,-0.031,60.76,42.4,0,0,0,0.0,0.0,0,LOW
XYZ20T101735,2026-07-23,12576.7,77.18,82.19,-0.44,46.98,32.25,0,0,0,0.0,0.0,0,LOW
XYZ20T101740,2026-07-23,16746.0,81.47,84.9,0.343,74.12,41.8,0,0,0,0.0,0.0,0,LOW
XYZ20T101764,2026-07-23,6353.9,83.97,89.18,-0.02,71.02,32.86,0,0,0,0.0,0.0,0,LOW
XYZ20T101767,2026-07-23,1738.8,81.22,85.79,-0.286,50.89,36.9,0,0,0,0.0,0.0,0,LOW
XYZ20T101768,2026-07-23,3714.3,85.61,92.21,0.335,71.8,25.68,0,0,0,0.0,0.0,0,LOW
XYZ20T101773,2026-07-23,11682.2,81.43,85.49,-0.037,80.28,33.58,0,0,0,0.0,0.0,0,LOW
XYZ20T101782,2026-07-23,4217.9,80.82,87.13,0.143,59.82,32.85,0,0,0,0.0,0.0,0,LOW
XYZ20T101789,2026-07-23,8726.5,78.84,83.44,-0.128,74.0,33.38,0,0,0,0.0,0.0,0,LOW
XYZ20T101790,2026-07-23,4250.6,90.95,98.18,1.378,57.11,39.9,1,0,0,0.9664,96.6,1,CRITICAL
XYZ20T101791,2026-07-23,16780.0,88.07,92.22,0.324,66.17,36.32,0,0,0,0.0,0.0,0,LOW
XYZ20T101792,2026-07-23,1456.0,86.11,89.52,0.046,54.01,28.02,0,0,0,0.0,0.0,0,LOW
XYZ20T101794,2026-07-23,10792.2,84.28,87.76,-0.05,40.52,33.19,0,0,0,0.0,0.0,0,LOW
XYZ20T101805,2026-07-23,13038.5,82.84,86.2,-0.251,59.9,39.92,0,0,0,0.0,0.0,0,LOW
XYZ20T101807,2026-07-23,9976.3,85.58,88.98,-0.11,48.89,35.29,0,0,0,0.0,0.0,0,LOW
XYZ20T101809,2026-07-23,11935.0,84.47,87.91,0.09,59.55,34.21,0,0,0,0.0,0.0,0,LOW
XYZ20T101820,2026-07-23,8502.7,86.78,90.82,-0.115,59.88,28.35,0,0,0,0.0,0.0,0,LOW
XYZ20T101825,2026-07-23,10312.6,82.56,85.6,-0.773,59.1,24.55,0,0,0,0.0,0.0,0,LOW
XYZ20T101832,2026-07-23,13296.1,83.68,90.6,0.376,66.24,33.38,0,0,0,0.0,0.0,0,LOW
XYZ20T101838,2026-07-23,12918.9,78.35,82.93,-2.638,68.84,34.38,0,0,0,0.0,0.0,0,LOW
XYZ20T101842,2026-07-23,6895.0,77.49,81.9,-0.117,51.6,29.88,0,0,0,0.0,0.0,0,LOW
XYZ20T101848,2026-07-23,22170.2,78.78,81.78,-0.067,55.96,37.38,0,0,0,0.0,0.0,0,LOW
XYZ20T101861,2026-07-23,9795.4,79.49,85.3,0.097,48.19,37.56,0,0,0,0.0,0.0,0,LOW
XYZ20T101862,2026-07-23,7606.5,88.41,92.35,0.161,67.51,44.16,0,0,0,0.0,0.0,0,LOW
XYZ20T101866,2026-07-23,5512.7,78.62,84.6,0.229,58.32,29.51,0,0,0,0.0,0.0,0,LOW
XYZ20T101868,2026-07-23,6614.1,84.18,88.91,-0.143,72.9,35.76,0,0,0,0.0,0.0,0,LOW
XYZ20T101869,2026-07-23,4205.6,78.08,84.6,0.052,42.56,34.42,0,0,0,0.0,0.0,0,LOW
XYZ20T101884,2026-07-23,24904.9,85.9,91.73,-0.046,62.07,38.49,0,0,0,0.0,0.0,0,LOW
XYZ20T101886,2026-07-23,2652.2,88.18,93.28,0.159,73.43,24.02,0,0,0,0.0,0.0,0,LOW
XYZ20T101892,2026-07-23,8862.3,82.63,85.79,0.32,50.9,32.49,0,0,0,0.0,0.0,0,LOW
XYZ20T101897,2026-07-23,20067.3,79.15,83.72,-0.04,57.45,32.0,0,0,0,0.0,0.0,0,LOW
XYZ20T101898,2026-07-23,11919.9,83.95,88.29,-0.021,42.6,29.25,0,0,0,0.0,0.0,0,LOW
XYZ20T101900,2026-07-23,24928.1,84.7,90.57,0.275,40.82,30.63,0,0,0,0.0,0.0,0,LOW
XYZ20T101905,2026-07-23,18287.6,80.67,86.75,0.266,66.34,32.71,0,0,0,0.0,0.0,0,LOW
XYZ20T101912,2026-07-23,6767.0,80.89,84.95,0.075,47.31,43.67,0,0,0,0.0,0.0,0,LOW
XYZ20T101915,2026-07-23,609.8,90.02,94.96,0.447,61.32,40.5,0,0,0,0.0,0.0,0,LOW
XYZ20T101917,2026-07-23,13547.2,84.49,89.79,0.535,83.72,37.02,0,0,0,0.0,0.0,0,LOW
XYZ20T101921,2026-07-23,15078.6,78.0,82.91,-0.116,54.05,21.05,0,0,0,0.0,0.0,0,LOW
XYZ20T101922,2026-07-23,1250.3,87.64,97.01,-0.123,58.85,29.75,0,0,0,0.0264,2.6,0,LOW
XYZ20T101924,2026-07-23,14665.6,77.58,81.61,-0.216,50.6,29.06,0,0,0,0.0,0.0,0,LOW
XYZ20T101928,2026-07-23,14423.1,82.74,87.5,-0.969,76.33,43.78,0,0,0,0.0,0.0,0,LOW
XYZ20T101935,2026-07-23,3613.8,86.96,91.77,-0.0,57.24,31.89,0,0,0,0.0,0.0,0,LOW
XYZ20T101946,2026-07-23,9781.7,87.09,93.27,0.5,59.84,36.15,0,0,0,0.0,0.0,0,LOW
XYZ20T101957,2026-07-23,14690.2,80.96,86.74,-0.161,61.01,33.54,0,0,0,0.0,0.0,0,LOW
XYZ20T101958,2026-07-23,24967.8,84.47,89.46,0.415,44.08,30.76,0,0,0,0.0,0.0,0,LOW
XYZ20T101959,2026-07-23,12741.0,78.44,83.98,0.251,43.49,34.06,0,0,0,0.0,0.0,0,LOW
XYZ20T101960,2026-07-23,11749.2,77.32,82.08,-1.904,53.0,30.54,0,0,0,0.0,0.0,0,LOW
XYZ20T101964,2026-07-23,3393.2,86.3,92.34,-0.062,52.42,30.33,0,0,0,0.0033,0.3,0,LOW
XYZ20T101965,2026-07-23,6530.3,80.02,86.75,-0.293,30.36,33.88,0,0,0,0.0,0.0,0,LOW
XYZ20T101978,2026-07-23,18234.5,83.59,88.53,-0.078,64.59,32.33,0,0,0,0.0,0.0,0,LOW
XYZ20T101983,2026-07-23,476.7,84.96,89.1,-0.137,63.0,36.43,0,0,0,0.0,0.0,0,LOW
XYZ20T101996,2026-07-23,11406.8,85.79,91.45,0.194,65.81,27.25,0,0,0,0.0,0.0,0,LOW
XYZ20T102000,2026-07-23,616.9,84.02,88.84,0.381,53.46,33.83,0,0,0,0.0,0.0,0,LOW
XYZ20T102004,2026-07-23,743.2,80.81,85.77,-1.441,69.56,39.88,0,0,0,0.0,0.0,0,LOW
XYZ20T102009,2026-07-23,23393.3,85.83,90.33,0.108,44.06,33.18,0,0,0,0.0,0.0,0,LOW
XYZ20T102012,2026-07-23,3671.3,79.39,83.69,0.104,46.3,40.2,0,0,0,0.0,0.0,0,LOW
XYZ20T102025,2026-07-23,14572.7,80.33,86.67,-0.165,72.7,40.17,0,0,0,0.0,0.0,0,LOW
XYZ20T102026,2026-07-23,2733.7,85.49,89.42,-0.249,60.82,36.22,0,0,0,0.0,0.0,0,LOW
XYZ20T102029,2026-07-23,17061.5,89.77,96.3,0.821,60.14,37.81,0,1,0,0.2571,25.7,0,LOW
XYZ20T102030,2026-07-23,3075.3,86.96,92.58,-0.318,82.18,32.47,0,0,0,0.0,0.0,0,LOW
XYZ20T102031,2026-07-23,2824.2,88.11,94.11,-0.006,56.66,40.32,0,0,0,0.0,0.0,0,LOW
XYZ20T102038,2026-07-23,10755.7,77.18,80.92,-0.31,55.76,30.26,0,0,0,0.0,0.0,0,LOW
XYZ20T102041,2026-07-23,7882.8,80.38,83.44,-0.804,49.83,37.85,0,0,0,0.0,0.0,0,LOW
XYZ20T102046,2026-07-23,5982.0,79.65,84.39,-0.108,41.86,29.91,0,0,0,0.0,0.0,0,LOW
XYZ20T102048,2026-07-23,9280.5,86.17,95.81,-0.601,39.58,20.07,0,0,0,0.0597,6.0,0,LOW
XYZ20T102053,2026-07-23,12560.8,78.29,82.92,-0.152,68.93,31.82,0,0,0,0.0,0.0,0,LOW
XYZ20T102054,2026-07-23,14032.3,92.34,97.65,0.551,67.36,38.83,0,0,0,0.2457,24.6,0,LOW
XYZ20T102055,2026-07-23,4334.8,81.36,86.48,0.243,47.16,47.67,0,0,0,0.0,0.0,0,LOW
XYZ20T102060,2026-07-23,9929.9,84.95,88.06,-0.31,47.59,25.62,0,0,0,0.0,0.0,0,LOW
XYZ20T102065,2026-07-23,8969.3,84.33,89.65,0.026,44.52,39.61,0,0,0,0.0,0.0,0,LOW
XYZ20T102073,2026-07-23,1928.7,83.1,89.75,0.234,45.04,30.01,0,0,0,0.0,0.0,0,LOW
XYZ20T102090,2026-07-23,9984.5,83.62,87.0,-0.201,49.48,37.47,0,0,0,0.0,0.0,0,LOW
XYZ20T102097,2026-07-23,589.7,87.08,90.75,-0.1,60.35,29.14,0,0,0,0.0,0.0,0,LOW
XYZ20T102102,2026-07-23,11853.7,81.93,87.92,-0.103,65.7,41.5,0,0,0,0.0,0.0,0,LOW
XYZ20T102103,2026-07-23,4820.2,83.49,90.23,0.236,57.62,42.94,0,0,0,0.0,0.0,0,LOW
XYZ20T102108,2026-07-23,18249.5,86.35,90.51,-0.123,72.31,33.75,0,0,0,0.0,0.0,0,LOW
XYZ20T102121,2026-07-23,4035.6,76.34,82.54,-0.772,59.13,27.91,0,0,0,0.0,0.0,0,LOW
XYZ20T102127,2026-07-23,5577.1,83.38,86.68,0.589,62.53,36.61,0,0,0,0.0,0.0,0,LOW
XYZ20T102132,2026-07-23,5939.9,86.64,92.53,1.625,64.73,34.01,0,0,0,0.1746,17.5,0,LOW
XYZ20T102138,2026-07-23,2018.7,80.92,87.21,0.281,84.5,38.68,0,0,0,0.0,0.0,0,LOW
XYZ20T102169,2026-07-23,4347.7,79.49,83.14,0.259,49.68,34.48,0,0,0,0.0,0.0,0,LOW
XYZ20T102176,2026-07-23,1888.0,80.71,87.14,-1.536,86.76,33.81,0,0,0,0.0,0.0,0,LOW
XYZ20T102178,2026-07-23,24926.9,79.81,82.88,-0.255,72.28,22.37,0,0,0,0.0,0.0,0,LOW
XYZ20T102182,2026-07-23,18755.2,87.26,94.22,0.769,63.49,43.66,0,0,0,0.0515,5.1,0,LOW
XYZ20T102191,2026-07-23,8472.5,81.15,86.19,0.086,35.19,45.07,0,0,0,0.0,0.0,0,LOW
XYZ20T102196,2026-07-23,13855.1,77.53,82.32,0.166,51.93,39.19,0,0,0,0.0,0.0,0,LOW
XYZ20T102203,2026-07-23,12125.3,78.04,82.91,0.172,59.7,29.86,0,0,0,0.0,0.0,0,LOW
XYZ20T102212,2026-07-23,2703.7,85.15,92.09,-0.255,52.26,31.24,0,0,0,0.0,0.0,0,LOW
XYZ20T102214,2026-07-23,19736.9,82.96,88.47,-0.384,53.4,29.75,0,0,0,0.0,0.0,0,LOW
XYZ20T102217,2026-07-23,5647.7,79.51,84.28,0.158,32.82,34.73,0,0,0,0.0,0.0,0,LOW
XYZ20T102223,2026-07-23,11982.0,84.49,90.15,-0.199,73.23,37.92,0,0,0,0.0,0.0,0,LOW
XYZ20T102226,2026-07-23,3102.3,84.34,89.28,0.02,41.0,36.61,0,0,0,0.0,0.0,0,LOW
XYZ20T102230,2026-07-23,11710.0,79.16,82.99,-0.104,56.81,42.61,0,0,0,0.0,0.0,0,LOW
XYZ20T102240,2026-07-23,11267.9,96.22,102.07,1.745,67.89,39.35,0,0,0,0.9494,94.9,1,CRITICAL
XYZ20T102251,2026-07-23,12536.6,83.53,90.37,0.033,61.74,35.32,0,0,0,0.0,0.0,0,LOW
XYZ20T102259,2026-07-23,17035.7,80.59,84.17,0.447,72.43,27.17,0,0,0,0.0,0.0,0,LOW
XYZ20T102267,2026-07-23,11780.8,81.27,87.65,-0.286,44.75,29.5,0,0,0,0.0,0.0,0,LOW
XYZ20T102268,2026-07-23,12512.9,83.32,86.98,0.375,51.52,36.16,0,0,0,0.0,0.0,0,LOW
XYZ20T102285,2026-07-23,19892.6,93.5,101.65,1.37,75.67,32.93,0,0,1,0.7602,76.0,1,CRITICAL
XYZ20T102287,2026-07-23,2805.6,83.21,88.68,-0.015,44.15,24.67,0,0,0,0.0,0.0,0,LOW
XYZ20T102291,2026-07-23,14688.5,80.87,85.91,0.2,71.93,36.15,0,0,0,0.0,0.0,0,LOW
XYZ20T102294,2026-07-23,1549.2,84.1,89.27,-1.869,76.21,32.2,0,0,0,0.0,0.0,0,LOW
XYZ20T102325,2026-07-23,13993.2,83.33,88.55,-0.009,63.22,31.84,0,0,0,0.0,0.0,0,LOW
XYZ20T102327,2026-07-23,12151.7,79.99,84.31,0.006,53.76,28.97,0,0,0,0.0,0.0,0,LOW
XYZ20T102330,2026-07-23,16381.9,83.9,89.68,0.381,58.02,42.57,0,0,0,0.0,0.0,0,LOW
XYZ20T102345,2026-07-23,20215.9,85.65,90.25,-0.536,56.46,31.26,0,0,0,0.0033,0.3,0,LOW
XYZ20T102348,2026-07-23,15380.1,83.62,89.84,-0.413,71.49,34.67,0,0,0,0.0,0.0,0,LOW
XYZ20T102358,2026-07-23,6605.0,81.1,84.23,0.1,83.03,28.26,0,0,0,0.0,0.0,0,LOW
XYZ20T102367,2026-07-23,3292.3,80.81,86.93,-0.695,49.18,31.46,0,0,0,0.0,0.0,0,LOW
XYZ20T102369,2026-07-23,7648.9,93.21,102.11,1.744,61.91,28.03,1,0,1,0.8938,89.4,1,CRITICAL
XYZ20T102373,2026-07-23,4424.6,83.82,87.92,0.377,63.73,38.11,0,0,0,0.0,0.0,0,LOW
XYZ20T102375,2026-07-23,6167.0,80.87,84.94,0.159,46.57,41.76,0,0,0,0.0,0.0,0,LOW
XYZ20T102376,2026-07-23,19632.6,89.06,93.88,-0.283,72.89,36.75,0,0,0,0.0,0.0,0,LOW
XYZ20T102389,2026-07-23,6983.9,93.33,101.3,0.601,63.23,38.77,0,1,0,0.2231,22.3,0,LOW
XYZ20T102391,2026-07-23,1647.9,83.51,86.93,0.075,40.86,34.7,0,0,0,0.0,0.0,0,LOW
XYZ20T102392,2026-07-23,14467.5,80.38,86.68,0.5,64.37,32.21,0,0,0,0.0,0.0,0,LOW
XYZ20T102403,2026-07-23,13635.7,84.19,90.06,0.307,61.71,35.97,0,0,0,0.0,0.0,0,LOW
XYZ20T102405,2026-07-23,8337.0,80.26,84.23,0.169,57.67,42.36,0,0,0,0.0,0.0,0,LOW
XYZ20T102413,2026-07-23,10566.4,79.68,83.25,-0.246,41.96,37.47,0,0,0,0.0,0.0,0,LOW
XYZ20T102420,2026-07-23,9583.9,81.16,86.81,0.124,45.23,33.32,0,0,0,0.0,0.0,0,LOW
XYZ20T102424,2026-07-23,13286.8,89.72,100.83,0.49,57.0,29.83,1,1,0,0.2194,21.9,0,LOW
XYZ20T102428,2026-07-23,10390.8,78.62,83.21,-0.293,36.33,26.5,0,0,0,0.0,0.0,0,LOW
XYZ20T102429,2026-07-23,2992.3,85.8,91.85,-0.372,50.62,33.28,0,0,0,0.0,0.0,0,LOW
XYZ20T102432,2026-07-23,24942.4,84.74,92.62,-1.188,72.56,25.8,0,0,0,0.0,0.0,0,LOW
XYZ20T102436,2026-07-23,1181.1,80.62,85.22,0.297,63.22,35.73,0,0,0,0.0,0.0,0,LOW
XYZ20T102450,2026-07-23,12083.5,80.94,86.83,0.009,64.58,47.29,0,0,0,0.0,0.0,0,LOW
XYZ20T102452,2026-07-23,17209.3,83.57,87.16,-0.2,52.66,30.83,0,0,0,0.0,0.0,0,LOW
XYZ20T102453,2026-07-23,6985.4,93.14,100.01,0.899,72.16,30.95,0,1,0,0.3577,35.8,1,MODERATE
XYZ20T102454,2026-07-23,3235.8,78.83,83.07,0.024,49.37,31.91,0,0,0,0.0,0.0,0,LOW
XYZ20T102457,2026-07-23,7583.8,82.02,88.99,-0.038,52.25,31.79,0,0,0,0.0,0.0,0,LOW
XYZ20T102462,2026-07-23,5747.7,77.95,83.5,-0.568,69.78,34.64,0,0,0,0.0,0.0,0,LOW
XYZ20T102463,2026-07-23,24880.4,88.26,93.72,1.011,45.49,43.87,0,0,0,0.1477,14.8,0,LOW
XYZ20T102471,2026-07-23,4049.4,77.27,82.74,-2.092,65.89,28.08,0,0,0,0.0,0.0,0,LOW
XYZ20T102479,2026-07-23,2714.2,83.67,87.99,-0.193,56.76,41.08,0,0,0,0.0,0.0,0,LOW
XYZ20T102482,2026-07-23,14619.2,86.32,89.48,0.179,65.55,37.51,0,0,0,0.0,0.0,0,LOW
XYZ20T102488,2026-07-23,12410.0,80.74,86.37,-0.182,59.85,38.94,0,0,0,0.0,0.0,0,LOW
XYZ20T102491,2026-07-23,6055.6,86.32,89.7,-0.983,54.33,30.54,0,0,0,0.0,0.0,0,LOW
XYZ20T102501,2026-07-23,860.5,86.19,91.19,0.601,58.8,32.91,0,0,0,0.0,0.0,0,LOW
XYZ20T102510,2026-07-23,10599.8,87.49,92.68,-0.185,66.91,30.71,0,0,0,0.0,0.0,0,LOW
XYZ20T102517,2026-07-23,11085.2,81.78,87.53,0.363,43.69,40.55,0,0,0,0.0,0.0,0,LOW
XYZ20T102524,2026-07-23,1173.0,80.2,84.8,0.249,65.35,23.47,0,0,0,0.0,0.0,0,LOW
XYZ20T102527,2026-07-23,20280.9,90.13,95.8,-0.182,65.42,34.06,0,0,0,0.0,0.0,0,LOW
XYZ20T102528,2026-07-23,14369.7,82.16,86.9,-0.247,65.04,30.08,0,0,0,0.0,0.0,0,LOW
XYZ20T102545,2026-07-23,24225.8,78.61,83.9,0.068,71.72,36.68,0,0,0,0.0,0.0,0,LOW
XYZ20T102555,2026-07-23,11214.5,83.49,89.28,0.222,66.36,24.65,0,0,0,0.0,0.0,0,LOW
XYZ20T102557,2026-07-23,22278.2,81.22,87.33,-0.203,59.18,36.67,0,0,0,0.0,0.0,0,LOW
XYZ20T102561,2026-07-23,4604.7,90.4,94.34,0.412,53.53,37.03,0,0,0,0.0,0.0,0,LOW
XYZ20T102562,2026-07-23,351.1,80.37,86.51,0.257,49.54,33.5,0,0,0,0.0,0.0,0,LOW
XYZ20T102568,2026-07-23,17616.9,84.65,89.57,-0.659,46.33,34.54,0,0,0,0.0,0.0,0,LOW
XYZ20T102572,2026-07-23,8581.7,82.17,85.67,-0.038,81.54,38.95,0,0,0,0.0,0.0,0,LOW
XYZ20T102578,2026-07-23,3720.9,79.83,84.04,-0.281,45.87,42.63,0,0,0,0.0,0.0,0,LOW
XYZ20T102582,2026-07-23,11924.9,77.62,84.04,0.244,42.4,39.75,0,0,0,0.0,0.0,0,LOW
XYZ20T102587,2026-07-23,1482.7,86.35,93.32,-0.046,43.01,46.89,0,0,0,0.0033,0.3,0,LOW
XYZ20T102591,2026-07-23,17946.1,86.96,93.29,0.649,58.71,33.37,0,0,0,0.2107,21.1,0,LOW
XYZ20T102597,2026-07-23,6715.2,76.94,80.12,-0.592,58.07,25.32,0,0,0,0.0,0.0,0,LOW
XYZ20T102600,2026-07-23,1073.3,80.18,83.42,-0.017,63.72,31.16,0,0,0,0.0,0.0,0,LOW
XYZ20T102605,2026-07-23,23233.2,77.78,81.43,0.178,47.27,33.72,0,0,0,0.0,0.0,0,LOW
XYZ20T102622,2026-07-23,1160.7,83.77,86.8,0.04,67.17,43.61,0,0,0,0.0,0.0,0,LOW
XYZ20T102626,2026-07-23,15347.1,87.59,92.39,-0.047,61.04,36.19,0,0,0,0.0,0.0,0,LOW
XYZ20T102629,2026-07-23,11339.2,77.06,80.67,-0.118,51.18,33.62,0,0,0,0.0,0.0,0,LOW
XYZ20T102634,2026-07-23,17807.6,84.91,88.24,0.036,51.9,36.71,0,0,0,0.0,0.0,0,LOW
XYZ20T102639,2026-07-23,17196.9,79.03,84.06,-0.324,57.1,32.15,0,0,0,0.0,0.0,0,LOW
XYZ20T102640,2026-07-23,5890.7,86.39,91.57,0.24,67.18,29.44,0,0,0,0.0,0.0,0,LOW
XYZ20T102642,2026-07-23,17119.3,76.42,81.11,0.036,31.57,30.39,0,0,0,0.0,0.0,0,LOW
XYZ20T102643,2026-07-23,13613.7,81.72,86.51,-2.388,70.73,25.15,0,0,0,0.0,0.0,0,LOW
XYZ20T102649,2026-07-23,16189.0,86.44,89.81,-0.033,51.44,34.0,0,0,0,0.0,0.0,0,LOW
XYZ20T102652,2026-07-23,10941.1,78.16,82.93,-2.888,55.57,31.02,0,0,0,0.0,0.0,0,LOW
XYZ20T102669,2026-07-23,9812.6,91.23,97.77,1.479,50.34,38.53,0,0,0,0.9383,93.8,1,CRITICAL
XYZ20T102674,2026-07-23,5724.5,79.75,83.98,0.076,53.6,32.48,0,0,0,0.0,0.0,0,LOW
XYZ20T102675,2026-07-23,4023.2,88.31,94.4,0.474,49.46,31.79,0,0,0,0.0,0.0,0,LOW
XYZ20T102688,2026-07-23,23354.8,80.62,85.57,-0.129,73.55,26.6,0,0,0,0.0,0.0,0,LOW
XYZ20T102691,2026-07-23,3487.8,79.57,84.92,0.485,59.34,33.8,0,0,0,0.0,0.0,0,LOW
XYZ20T102694,2026-07-23,10244.2,94.17,102.47,1.474,41.71,37.46,1,0,1,0.7458,74.6,1,HIGH
XYZ20T102695,2026-07-23,2871.8,79.83,86.1,0.564,44.12,27.11,0,0,0,0.0,0.0,0,LOW
XYZ20T102696,2026-07-23,10391.4,77.59,83.23,-0.425,50.31,35.3,0,0,0,0.0,0.0,0,LOW
XYZ20T102701,2026-07-23,9271.4,94.9,103.64,1.064,73.67,22.2,1,0,0,0.2519,25.2,0,LOW
XYZ20T102703,2026-07-23,18637.8,83.16,86.59,-1.458,40.08,41.75,0,0,0,0.0,0.0,0,LOW
XYZ20T102704,2026-07-23,9278.5,81.4,85.53,-0.067,45.85,33.99,0,0,0,0.0,0.0,0,LOW
XYZ20T102706,2026-07-23,13250.5,81.34,87.53,-0.115,69.63,34.56,0,0,0,0.0,0.0,0,LOW
XYZ20T102709,2026-07-23,630.9,83.51,89.33,0.049,57.3,35.1,0,0,0,0.0,0.0,0,LOW
XYZ20T102713,2026-07-23,21998.2,83.58,88.26,0.166,69.81,37.15,0,0,0,0.0,0.0,0,LOW
XYZ20T102714,2026-07-23,4487.0,81.26,86.73,-1.669,74.78,30.29,0,0,0,0.0,0.0,0,LOW
XYZ20T102716,2026-07-23,17627.2,83.17,89.02,-0.251,72.51,38.87,0,0,0,0.0,0.0,0,LOW
XYZ20T102719,2026-07-23,13396.1,88.31,92.37,-0.089,72.23,31.4,0,0,0,0.0,0.0,0,LOW
XYZ20T102730,2026-07-23,10393.5,84.88,88.08,0.111,40.04,34.68,0,0,0,0.0,0.0,0,LOW
XYZ20T102734,2026-07-23,995.4,83.51,90.34,0.194,62.37,32.24,0,0,0,0.0,0.0,0,LOW
XYZ20T102735,2026-07-23,10513.5,87.61,94.36,-0.421,80.59,29.89,0,0,0,0.0,0.0,0,LOW
XYZ20T102745,2026-07-23,20173.9,81.56,85.5,0.213,68.41,35.34,0,0,0,0.0,0.0,0,LOW
XYZ20T102761,2026-07-23,18432.0,79.59,83.33,0.574,71.48,39.4,0,0,0,0.0,0.0,0,LOW
XYZ20T102763,2026-07-23,16110.9,94.91,103.93,1.352,61.84,31.66,0,0,0,0.7181,71.8,1,HIGH
XYZ20T102764,2026-07-23,17039.7,83.55,89.48,-0.171,73.87,27.63,0,0,0,0.0,0.0,0,LOW
XYZ20T102770,2026-07-23,11864.1,83.87,87.78,-0.213,51.11,33.14,0,0,0,0.0,0.0,0,LOW
XYZ20T102772,2026-07-23,1749.6,80.15,83.77,-0.094,50.4,41.3,0,0,0,0.0,0.0,0,LOW
XYZ20T102784,2026-07-23,11389.4,80.31,86.7,-0.093,57.65,34.3,0,0,0,0.0,0.0,0,LOW
XYZ20T102790,2026-07-23,23187.3,81.18,84.68,-0.453,44.97,37.12,0,0,0,0.0,0.0,0,LOW
XYZ20T102791,2026-07-23,6784.7,80.12,84.18,0.14,55.47,32.32,0,0,0,0.0,0.0,0,LOW
XYZ20T102798,2026-07-23,9819.9,87.06,90.71,-0.253,75.2,32.72,0,0,0,0.0,0.0,0,LOW
XYZ20T102805,2026-07-23,8479.3,85.0,90.81,0.331,79.71,39.83,0,0,0,0.0,0.0,0,LOW
XYZ20T102806,2026-07-23,16336.6,81.6,88.06,-0.011,76.59,37.23,0,0,0,0.0,0.0,0,LOW
XYZ20T102814,2026-07-23,3666.5,83.42,87.63,0.038,50.13,24.11,0,0,0,0.0,0.0,0,LOW
XYZ20T102815,2026-07-23,16691.4,85.37,91.18,-0.419,61.9,34.14,0,0,0,0.0,0.0,0,LOW
XYZ20T102820,2026-07-23,2871.0,83.96,87.51,-0.233,59.67,37.34,0,0,0,0.0,0.0,0,LOW
XYZ20T102825,2026-07-23,13972.6,90.25,99.76,0.393,44.86,37.03,0,1,0,0.046,4.6,0,LOW
XYZ20T102833,2026-07-23,14477.9,82.28,86.27,-0.817,50.43,38.72,0,0,0,0.0,0.0,0,LOW
XYZ20T102834,2026-07-23,538.8,99.68,108.06,1.419,56.54,34.72,0,0,1,0.6617,66.2,1,HIGH
XYZ20T102841,2026-07-23,2179.4,87.02,92.02,-0.327,57.27,32.53,0,0,0,0.0,0.0,0,LOW
XYZ20T102845,2026-07-23,14255.6,83.42,89.34,-0.086,54.48,42.76,0,0,0,0.0,0.0,0,LOW
XYZ20T102855,2026-07-23,1724.4,84.19,89.21,-0.257,77.82,33.06,0,0,0,0.0,0.0,0,LOW
XYZ20T102856,2026-07-23,2638.8,81.03,87.12,-0.046,58.83,40.75,0,0,0,0.0,0.0,0,LOW
XYZ20T102885,2026-07-23,8165.4,82.26,87.93,-0.19,64.42,23.16,0,0,0,0.0,0.0,0,LOW
XYZ20T102891,2026-07-23,7838.5,83.98,89.04,0.377,57.0,42.33,0,0,0,0.0,0.0,0,LOW
XYZ20T102896,2026-07-23,961.2,85.46,90.91,-1.181,54.41,43.6,0,0,0,0.0,0.0,0,LOW
XYZ20T102903,2026-07-23,1558.4,84.93,91.45,0.222,61.96,33.49,0,0,0,0.0,0.0,0,LOW
XYZ20T102904,2026-07-23,4157.7,77.32,81.78,-0.238,61.34,35.79,0,0,0,0.0,0.0,0,LOW
XYZ20T102907,2026-07-23,4168.7,89.62,94.48,0.114,73.1,45.29,0,0,0,0.0,0.0,0,LOW
XYZ20T102910,2026-07-23,5662.1,86.7,92.29,0.182,56.67,37.76,0,0,0,0.0,0.0,0,LOW
XYZ20T102912,2026-07-23,3884.1,98.39,105.75,1.384,56.18,33.06,1,0,0,0.9301,93.0,1,CRITICAL
XYZ20T102919,2026-07-23,10891.2,81.57,85.47,-0.382,68.86,39.56,0,0,0,0.0,0.0,0,LOW
XYZ20T102924,2026-07-23,13249.7,87.61,90.92,0.009,69.81,38.52,0,0,0,0.0,0.0,0,LOW
XYZ20T102929,2026-07-23,7913.2,78.29,82.3,-0.008,58.64,29.69,0,0,0,0.0,0.0,0,LOW
XYZ20T102933,2026-07-23,8017.7,83.02,88.4,-1.456,53.41,42.11,0,0,0,0.0,0.0,0,LOW
XYZ20T102934,2026-07-23,5335.2,81.82,88.27,0.018,58.0,26.0,0,0,0,0.0,0.0,0,LOW
XYZ20T102941,2026-07-23,2487.7,83.09,89.38,0.026,60.52,35.91,0,0,0,0.0,0.0,0,LOW
XYZ20T102944,2026-07-23,5953.9,81.64,84.84,0.078,53.03,38.02,0,0,0,0.0,0.0,0,LOW
XYZ20T102950,2026-07-23,12105.1,80.48,86.73,-0.309,54.2,35.98,0,0,0,0.0,0.0,0,LOW
XYZ20T102956,2026-07-23,12944.9,83.93,89.53,0.116,74.95,34.83,0,0,0,0.0,0.0,0,LOW
XYZ20T102960,2026-07-23,4030.0,82.43,87.17,-0.254,48.23,25.61,0,0,0,0.0,0.0,0,LOW
XYZ20T102963,2026-07-23,15762.0,79.15,85.58,-0.182,50.65,26.76,0,0,0,0.0,0.0,0,LOW
XYZ20T102974,2026-07-23,16382.1,88.21,92.12,0.084,68.95,36.56,0,0,0,0.0,0.0,0,LOW
XYZ20T102998,2026-07-23,1895.1,78.65,84.57,-0.09,48.51,40.65,0,0,0,0.0,0.0,0,LOW
XYZ20T102999,2026-07-23,6634.5,84.75,91.73,-0.04,57.94,35.72,0,0,0,0.0,0.0,0,LOW
XYZ20T103000,2026-07-23,1260.0,86.41,90.97,-0.018,47.33,39.81,0,0,0,0.0,0.0,0,LOW
XYZ20T103005,2026-07-23,1904.1,86.73,91.06,-0.11,78.77,33.37,0,0,0,0.0,0.0,0,LOW
XYZ20T103006,2026-07-23,2564.9,80.81,87.67,-0.028,54.74,37.33,0,0,0,0.0,0.0,0,LOW
XYZ20T103009,2026-07-23,1568.2,95.85,101.8,1.038,70.5,29.15,0,0,1,0.8059,80.6,1,CRITICAL
XYZ20T103011,2026-07-23,3773.4,79.43,82.68,-0.512,43.48,27.71,0,0,0,0.0,0.0,0,LOW
XYZ20T103017,2026-07-23,8156.2,87.84,94.54,0.18,53.72,39.34,0,0,0,0.0,0.0,0,LOW
XYZ20T103019,2026-07-23,19385.6,78.3,81.94,-0.427,66.04,27.87,0,0,0,0.0,0.0,0,LOW
XYZ20T103021,2026-07-23,11408.7,82.77,89.16,-0.302,61.78,30.11,0,0,0,0.0,0.0,0,LOW
XYZ20T103031,2026-07-23,6465.0,84.22,87.31,0.036,60.96,37.28,0,0,0,0.0,0.0,0,LOW
XYZ20T103039,2026-07-23,19157.4,84.26,90.58,-0.177,63.18,34.48,0,0,0,0.0,0.0,0,LOW
XYZ20T103046,2026-07-23,7178.9,77.17,82.61,-0.004,36.68,31.01,0,0,0,0.0,0.0,0,LOW
XYZ20T103050,2026-07-23,1476.6,84.6,90.04,-0.082,54.75,37.24,0,0,0,0.0,0.0,0,LOW
XYZ20T103052,2026-07-23,14798.1,83.67,90.68,0.777,55.11,37.45,0,0,0,0.0531,5.3,0,LOW
XYZ20T103056,2026-07-23,3824.0,82.74,89.57,0.293,59.06,30.71,0,0,0,0.0,0.0,0,LOW
XYZ20T103059,2026-07-23,15353.0,88.93,95.63,0.25,74.26,27.84,0,0,0,0.0,0.0,0,LOW
XYZ20T103061,2026-07-23,7223.5,79.6,85.67,0.018,71.75,39.73,0,0,0,0.0,0.0,0,LOW
XYZ20T103065,2026-07-23,11444.0,91.82,96.25,0.542,80.58,43.85,0,0,0,0.1997,20.0,0,LOW
XYZ20T103073,2026-07-23,6907.5,76.12,82.49,-0.279,54.67,23.87,0,0,0,0.0,0.0,0,LOW
XYZ20T103077,2026-07-23,13388.0,81.1,87.2,0.082,45.13,36.88,0,0,0,0.0,0.0,0,LOW
XYZ20T103080,2026-07-23,4595.4,79.43,85.76,-0.225,57.61,32.42,0,0,0,0.0,0.0,0,LOW
XYZ20T103081,2026-07-23,14350.6,86.8,93.68,0.627,58.76,41.44,0,0,0,0.0228,2.3,0,LOW
XYZ20T103084,2026-07-23,24974.8,86.06,89.66,0.366,69.58,37.47,0,0,0,0.0,0.0,0,LOW
XYZ20T103090,2026-07-23,4953.4,87.06,91.75,0.297,63.58,33.87,0,0,0,0.0,0.0,0,LOW
XYZ20T103091,2026-07-23,11054.3,81.41,84.44,0.371,40.5,42.92,0,0,0,0.0,0.0,0,LOW
XYZ20T103092,2026-07-23,13255.5,82.25,87.15,0.413,70.83,28.42,0,0,0,0.0,0.0,0,LOW
XYZ20T103101,2026-07-23,22661.7,86.22,93.84,1.203,52.39,30.98,0,1,0,0.3398,34.0,1,MODERATE
XYZ20T103103,2026-07-23,997.6,83.31,87.21,-0.042,64.71,43.82,0,0,0,0.0,0.0,0,LOW
XYZ20T103112,2026-07-23,12580.8,79.94,86.04,0.24,67.69,37.03,0,0,0,0.0,0.0,0,LOW
XYZ20T103115,2026-07-23,5167.4,85.68,97.89,0.592,51.56,34.55,1,1,0,0.394,39.4,1,MODERATE
XYZ20T103116,2026-07-23,17290.9,82.31,87.46,-1.3,77.46,30.13,0,0,0,0.0,0.0,0,LOW
XYZ20T103122,2026-07-23,3093.5,82.44,86.46,-2.02,61.69,35.66,0,0,0,0.0,0.0,0,LOW
XYZ20T103123,2026-07-23,6016.3,81.23,86.77,-0.507,41.14,31.2,0,0,0,0.0,0.0,0,LOW
XYZ20T103140,2026-07-23,12643.5,80.24,86.03,0.093,27.36,42.3,0,0,0,0.0,0.0,0,LOW
XYZ20T103159,2026-07-23,3337.9,82.68,86.92,0.298,68.2,31.76,0,0,0,0.0,0.0,0,LOW
XYZ20T103161,2026-07-23,5067.0,86.47,90.67,-0.118,68.86,34.89,0,0,0,0.0,0.0,0,LOW
XYZ20T103165,2026-07-23,13110.2,81.06,85.72,-0.219,58.57,31.0,0,0,0,0.0,0.0,0,LOW
XYZ20T103166,2026-07-23,4730.9,81.11,84.71,-0.506,25.0,36.17,0,0,0,0.0,0.0,0,LOW
XYZ20T103168,2026-07-23,13243.3,86.19,89.85,0.076,75.82,37.44,0,0,0,0.0,0.0,0,LOW
XYZ20T103169,2026-07-23,4673.7,82.23,87.63,-0.012,74.49,23.85,0,0,0,0.0,0.0,0,LOW
XYZ20T103189,2026-07-23,13785.9,83.58,88.89,-0.473,54.69,35.71,0,0,0,0.0,0.0,0,LOW
XYZ20T103192,2026-07-23,14205.5,83.1,86.45,0.071,62.3,33.58,0,0,0,0.0,0.0,0,LOW
XYZ20T103197,2026-07-23,12453.8,79.87,85.24,-0.298,66.16,31.94,0,0,0,0.0,0.0,0,LOW
XYZ20T100001,2026-07-24,15352.6,88.09,94.5,0.342,78.35,26.33,0,0,0,0.0,0.0,0,LOW
XYZ20T100015,2026-07-24,9035.9,82.95,86.39,-0.168,60.51,34.85,0,0,0,0.0,0.0,0,LOW
XYZ20T100025,2026-07-24,2837.3,78.0,82.28,0.365,55.68,28.25,0,0,0,0.0,0.0,0,LOW
XYZ20T100032,2026-07-24,11073.8,85.99,89.74,0.262,56.89,32.81,0,0,0,0.0,0.0,0,LOW
XYZ20T100034,2026-07-24,7082.5,83.44,89.43,-0.295,53.03,31.95,0,0,0,0.0,0.0,0,LOW
XYZ20T100046,2026-07-24,4832.2,87.51,91.28,-0.159,61.41,40.19,0,0,0,0.0,0.0,0,LOW
XYZ20T100047,2026-07-24,2880.9,83.1,87.17,0.203,36.96,33.64,0,0,0,0.0,0.0,0,LOW
XYZ20T100053,2026-07-24,13007.9,79.95,85.2,0.158,56.34,25.21,0,0,0,0.0,0.0,0,LOW
XYZ20T100054,2026-07-24,13721.5,82.15,85.19,0.315,82.46,37.66,0,0,0,0.0,0.0,0,LOW
XYZ20T100056,2026-07-24,15422.6,82.96,86.49,-2.001,58.46,39.24,0,0,0,0.0,0.0,0,LOW
XYZ20T100066,2026-07-24,10054.8,76.96,80.17,-0.584,52.81,36.76,0,0,0,0.0,0.0,0,LOW
XYZ20T100070,2026-07-24,12466.5,77.94,81.9,0.057,57.85,32.24,0,0,0,0.0,0.0,0,LOW
XYZ20T100076,2026-07-24,4632.3,79.89,86.41,-0.137,46.5,31.15,0,0,0,0.0,0.0,0,LOW
XYZ20T100083,2026-07-24,8320.5,80.24,83.41,-0.309,48.31,28.11,0,0,0,0.0,0.0,0,LOW
XYZ20T100091,2026-07-24,12943.1,80.54,84.44,-0.044,76.59,28.56,0,0,0,0.0,0.0,0,LOW
XYZ20T100096,2026-07-24,2041.1,82.1,88.98,0.695,61.69,30.23,0,0,0,0.0033,0.3,0,LOW
XYZ20T100105,2026-07-24,8040.9,83.77,89.46,-0.127,63.57,32.74,0,0,0,0.0,0.0,0,LOW
XYZ20T100110,2026-07-24,7742.4,93.28,100.03,1.526,65.78,40.09,0,1,0,0.9659,96.6,1,CRITICAL
XYZ20T100112,2026-07-24,14496.3,84.1,90.04,-0.105,58.67,34.52,0,0,0,0.0,0.0,0,LOW
XYZ20T100128,2026-07-24,13669.1,80.61,85.38,-0.235,58.25,37.26,0,0,0,0.0033,0.3,0,LOW
XYZ20T100138,2026-07-24,9702.3,85.3,91.14,-0.128,59.28,32.39,0,0,0,0.0,0.0,0,LOW
XYZ20T100143,2026-07-24,3755.4,85.78,90.57,0.002,51.57,43.96,0,0,0,0.0,0.0,0,LOW
XYZ20T100145,2026-07-24,9334.0,79.25,84.98,-0.192,63.22,36.16,0,0,0,0.0,0.0,0,LOW
XYZ20T100148,2026-07-24,3741.6,86.84,92.3,0.087,65.82,21.83,0,0,0,0.0066,0.7,0,LOW
XYZ20T100153,2026-07-24,14621.4,78.51,82.06,0.602,54.11,26.97,0,0,0,0.0,0.0,0,LOW
XYZ20T100156,2026-07-24,4785.9,84.98,90.36,-0.186,55.84,35.38,0,0,0,0.0,0.0,0,LOW
XYZ20T100166,2026-07-24,2938.6,78.92,85.51,0.512,64.9,30.43,0,0,0,0.0,0.0,0,LOW
XYZ20T100174,2026-07-24,23569.5,81.4,85.65,-0.583,55.74,29.25,0,0,0,0.0,0.0,0,LOW
XYZ20T100177,2026-07-24,1216.2,83.62,89.09,0.192,66.14,33.38,0,0,0,0.0,0.0,0,LOW
XYZ20T100178,2026-07-24,20711.4,83.83,88.27,0.065,51.61,26.62,0,0,0,0.0,0.0,0,LOW
XYZ20T100179,2026-07-24,1388.7,85.75,89.47,0.307,54.77,32.92,0,0,0,0.0,0.0,0,LOW
XYZ20T100181,2026-07-24,19351.0,89.43,95.24,0.166,84.95,42.43,0,0,0,0.0,0.0,0,LOW
XYZ20T100182,2026-07-24,18666.2,83.84,89.41,-0.528,66.87,30.63,0,0,0,0.0,0.0,0,LOW
XYZ20T100187,2026-07-24,15017.6,81.56,84.64,-0.357,60.47,30.4,0,0,0,0.0,0.0,0,LOW
XYZ20T100188,2026-07-24,16463.8,83.98,90.05,0.172,78.04,34.79,0,0,0,0.0,0.0,0,LOW
XYZ20T100192,2026-07-24,21513.5,87.83,92.26,0.158,70.76,29.65,0,0,0,0.0,0.0,0,LOW
XYZ20T100196,2026-07-24,3854.7,78.75,85.15,-0.366,63.94,34.0,0,0,0,0.0,0.0,0,LOW
XYZ20T100198,2026-07-24,1909.9,83.08,87.05,0.358,66.76,38.18,0,0,0,0.0,0.0,0,LOW
XYZ20T100200,2026-07-24,4163.1,82.35,86.48,-0.212,35.6,40.11,0,0,0,0.0,0.0,0,LOW
XYZ20T100207,2026-07-24,6927.0,80.66,87.45,0.327,57.14,35.21,0,0,0,0.0,0.0,0,LOW
XYZ20T100215,2026-07-24,7350.2,82.55,89.2,-0.026,62.39,44.14,0,0,0,0.0,0.0,0,LOW
XYZ20T100243,2026-07-24,8625.3,78.99,83.1,0.224,67.4,32.41,0,0,0,0.0,0.0,0,LOW
XYZ20T100244,2026-07-24,3409.3,82.64,86.96,0.324,79.68,31.23,0,0,0,0.0,0.0,0,LOW
XYZ20T100250,2026-07-24,7182.0,79.82,82.97,-0.111,75.08,36.72,0,0,0,0.0,0.0,0,LOW
XYZ20T100255,2026-07-24,4797.0,80.63,84.21,-0.091,64.25,34.62,0,0,0,0.0,0.0,0,LOW
XYZ20T100258,2026-07-24,9520.2,81.07,84.92,0.122,69.12,38.28,0,0,0,0.0,0.0,0,LOW
XYZ20T100260,2026-07-24,15852.6,86.36,91.3,0.107,79.79,31.28,0,0,0,0.0,0.0,0,LOW
XYZ20T100261,2026-07-24,16395.1,86.3,91.03,-0.113,76.36,39.56,0,0,0,0.0,0.0,0,LOW
XYZ20T100270,2026-07-24,6105.7,80.47,83.55,-0.03,68.82,34.88,0,0,0,0.0,0.0,0,LOW
XYZ20T100274,2026-07-24,7521.6,80.55,87.35,0.291,51.47,30.58,0,0,0,0.0,0.0,0,LOW
XYZ20T100293,2026-07-24,4543.7,78.67,82.94,-0.28,45.54,39.81,0,0,0,0.0,0.0,0,LOW
XYZ20T100295,2026-07-24,836.4,83.61,89.26,0.158,75.73,36.64,0,0,0,0.0,0.0,0,LOW
XYZ20T100299,2026-07-24,19922.3,86.16,91.75,-0.006,78.0,39.05,0,0,0,0.0,0.0,0,LOW
XYZ20T100301,2026-07-24,18805.1,79.37,83.9,0.103,62.03,34.46,0,0,0,0.0,0.0,0,LOW
XYZ20T100303,2026-07-24,24956.3,78.18,83.05,0.276,65.48,29.71,0,0,0,0.0,0.0,0,LOW
XYZ20T100304,2026-07-24,11069.3,85.34,90.05,0.215,63.1,35.17,0,0,0,0.0,0.0,0,LOW
XYZ20T100306,2026-07-24,12527.6,85.36,90.5,0.032,57.0,33.63,0,0,0,0.0,0.0,0,LOW
XYZ20T100320,2026-07-24,842.5,81.8,87.8,-0.024,62.98,28.34,0,0,0,0.0,0.0,0,LOW
XYZ20T100324,2026-07-24,13039.1,86.57,92.71,0.38,75.54,36.87,0,0,0,0.0,0.0,0,LOW
XYZ20T100327,2026-07-24,1742.9,81.5,87.1,0.932,38.01,28.99,0,0,0,0.0996,10.0,0,LOW
XYZ20T100328,2026-07-24,17306.9,87.4,92.21,0.175,73.59,42.49,0,0,0,0.0,0.0,0,LOW
XYZ20T100329,2026-07-24,3399.0,81.3,84.63,-0.081,71.13,29.98,0,0,0,0.0,0.0,0,LOW
XYZ20T100331,2026-07-24,24933.5,85.81,90.73,-0.025,57.7,34.95,0,0,0,0.0,0.0,0,LOW
XYZ20T100332,2026-07-24,24945.8,82.2,85.4,-0.254,67.52,31.96,0,0,0,0.0,0.0,0,LOW
XYZ20T100338,2026-07-24,6552.8,79.75,84.06,0.284,55.06,32.23,0,0,0,0.0,0.0,0,LOW
XYZ20T100339,2026-07-24,2981.5,87.98,91.49,0.234,62.05,39.28,0,0,0,0.0,0.0,0,LOW
XYZ20T100350,2026-07-24,10924.3,87.87,93.13,0.609,77.69,44.3,0,0,0,0.0065,0.6,0,LOW
XYZ20T100361,2026-07-24,17481.3,79.81,84.12,0.037,56.82,32.75,0,0,0,0.0,0.0,0,LOW
XYZ20T100371,2026-07-24,10190.9,77.63,82.28,-2.363,63.07,25.57,0,0,0,0.0,0.0,0,LOW
XYZ20T100373,2026-07-24,13769.5,88.3,96.99,1.378,52.41,27.09,0,0,1,0.5487,54.9,1,HIGH
XYZ20T100377,2026-07-24,12330.7,86.55,93.19,-0.182,49.62,28.89,0,0,0,0.0,0.0,0,LOW
XYZ20T100379,2026-07-24,8519.8,83.83,92.79,0.943,65.53,35.02,0,0,0,0.1905,19.0,0,LOW
XYZ20T100380,2026-07-24,7594.9,78.23,85.19,-0.075,48.34,24.99,0,0,0,0.0,0.0,0,LOW
XYZ20T100382,2026-07-24,12293.1,85.07,88.88,-1.24,68.28,41.96,0,0,0,0.0,0.0,0,LOW
XYZ20T100392,2026-07-24,15113.1,82.52,86.19,-0.936,83.77,24.88,0,0,0,0.0,0.0,0,LOW
XYZ20T100399,2026-07-24,4730.7,83.17,88.97,0.619,84.81,44.88,0,0,0,0.0,0.0,0,LOW
XYZ20T100401,2026-07-24,10774.0,87.67,93.61,-2.081,85.47,23.91,0,0,0,0.0,0.0,0,LOW
XYZ20T100412,2026-07-24,2046.8,91.16,99.44,1.183,56.1,28.98,1,1,0,0.8923,89.2,1,CRITICAL
XYZ20T100416,2026-07-24,2961.9,77.32,81.58,-0.322,43.1,26.56,0,0,0,0.0,0.0,0,LOW
XYZ20T100418,2026-07-24,7516.7,86.91,92.26,-0.992,78.84,39.79,0,0,0,0.0,0.0,0,LOW
XYZ20T100419,2026-07-24,7542.5,94.6,99.56,-1.084,86.26,32.12,0,0,0,0.0164,1.6,0,LOW
XYZ20T100424,2026-07-24,16370.2,79.67,86.33,0.1,71.96,38.73,0,0,0,0.0,0.0,0,LOW
XYZ20T100427,2026-07-24,1731.3,87.35,92.33,-0.136,62.46,41.77,0,0,0,0.0,0.0,0,LOW
XYZ20T100430,2026-07-24,13608.1,80.62,87.48,-0.138,59.45,31.73,0,0,0,0.0,0.0,0,LOW
XYZ20T100432,2026-07-24,728.2,82.25,86.08,-0.157,35.13,27.86,0,0,0,0.0,0.0,0,LOW
XYZ20T100436,2026-07-24,3881.7,88.83,98.4,0.433,66.42,32.56,0,0,0,0.0392,3.9,0,LOW
XYZ20T100440,2026-07-24,15445.0,78.33,81.48,0.212,35.44,31.78,0,0,0,0.0,0.0,0,LOW
XYZ20T100447,2026-07-24,7044.3,86.44,90.59,-0.238,58.06,26.41,0,0,0,0.0,0.0,0,LOW
XYZ20T100449,2026-07-24,12538.0,81.83,88.7,-0.285,49.52,41.53,0,0,0,0.0,0.0,0,LOW
XYZ20T100450,2026-07-24,6616.8,86.64,92.51,0.517,68.41,33.51,0,0,0,0.0727,7.3,0,LOW
XYZ20T100452,2026-07-24,10028.6,87.72,94.37,-0.811,51.17,25.3,0,0,0,0.0033,0.3,0,LOW
XYZ20T100457,2026-07-24,4995.5,78.99,82.47,-0.292,61.28,33.13,0,0,0,0.0,0.0,0,LOW
XYZ20T100458,2026-07-24,4141.8,82.82,87.94,0.824,43.58,27.23,0,0,0,0.0133,1.3,0,LOW
XYZ20T100462,2026-07-24,4290.3,87.48,93.33,0.09,64.67,35.93,0,0,0,0.0,0.0,0,LOW
XYZ20T100468,2026-07-24,7059.2,87.0,92.15,0.47,47.37,32.17,0,0,0,0.0,0.0,0,LOW
XYZ20T100469,2026-07-24,8325.1,82.0,85.26,-0.145,56.52,30.78,0,0,0,0.0,0.0,0,LOW
XYZ20T100475,2026-07-24,14624.6,97.54,106.4,1.453,38.61,36.1,1,0,1,0.8097,81.0,1,CRITICAL
XYZ20T100477,2026-07-24,5616.2,79.85,84.77,0.319,44.64,38.16,0,0,0,0.0,0.0,0,LOW
XYZ20T100483,2026-07-24,22533.4,83.17,89.27,-0.088,45.55,35.86,0,0,0,0.0,0.0,0,LOW
XYZ20T100491,2026-07-24,8914.1,77.51,82.14,-0.045,51.84,38.72,0,0,0,0.0,0.0,0,LOW
XYZ20T100498,2026-07-24,24952.6,83.94,89.62,-0.182,39.09,36.98,0,0,0,0.0,0.0,0,LOW
XYZ20T100499,2026-07-24,15810.1,76.57,81.69,-0.318,36.87,28.62,0,0,0,0.0,0.0,0,LOW
XYZ20T100500,2026-07-24,1497.6,82.8,89.54,-0.352,25.0,30.22,0,0,0,0.0,0.0,0,LOW
XYZ20T100503,2026-07-24,11203.6,80.04,83.74,-0.173,66.72,34.08,0,0,0,0.0,0.0,0,LOW
XYZ20T100507,2026-07-24,5579.2,80.99,85.09,0.367,58.74,34.43,0,0,0,0.0,0.0,0,LOW
XYZ20T100517,2026-07-24,7969.0,83.12,89.26,0.027,65.57,29.1,0,0,0,0.0,0.0,0,LOW
XYZ20T100528,2026-07-24,15117.1,82.13,85.25,0.099,59.62,36.56,0,0,0,0.0,0.0,0,LOW
XYZ20T100529,2026-07-24,16320.5,81.4,85.38,-0.187,55.94,29.04,0,0,0,0.0,0.0,0,LOW
XYZ20T100533,2026-07-24,1964.3,83.2,89.28,-0.444,62.31,33.3,0,0,0,0.0,0.0,0,LOW
XYZ20T100537,2026-07-24,23239.5,86.65,96.98,0.869,51.58,28.03,1,1,0,0.5098,51.0,1,HIGH
XYZ20T100541,2026-07-24,13087.4,85.98,92.68,0.944,78.87,42.2,0,0,0,0.0977,9.8,0,LOW
XYZ20T100551,2026-07-24,13023.2,79.34,84.61,-0.112,62.89,33.27,0,0,0,0.0,0.0,0,LOW
XYZ20T100552,2026-07-24,3482.6,79.69,83.6,-0.013,44.09,37.17,0,0,0,0.0,0.0,0,LOW
XYZ20T100556,2026-07-24,11102.3,80.46,85.37,-0.201,61.81,31.75,0,0,0,0.0,0.0,0,LOW
XYZ20T100557,2026-07-24,8895.0,88.67,92.6,0.492,71.13,30.04,0,0,0,0.0,0.0,0,LOW
XYZ20T100560,2026-07-24,832.3,76.99,80.67,-0.071,49.46,30.25,0,0,0,0.0,0.0,0,LOW
XYZ20T100569,2026-07-24,9683.8,80.2,83.37,-0.161,61.66,33.06,0,0,0,0.0,0.0,0,LOW
XYZ20T100573,2026-07-24,2654.3,82.57,89.04,-0.662,77.31,36.87,0,0,0,0.0,0.0,0,LOW
XYZ20T100580,2026-07-24,6999.2,83.8,89.5,-0.356,61.92,33.52,0,0,0,0.0,0.0,0,LOW
XYZ20T100581,2026-07-24,11332.4,85.69,91.59,0.407,58.92,45.68,0,0,0,0.0,0.0,0,LOW
XYZ20T100583,2026-07-24,14379.8,88.77,93.62,0.178,66.51,38.24,0,0,0,0.0,0.0,0,LOW
XYZ20T100586,2026-07-24,11240.6,80.1,84.9,-0.334,49.42,24.78,0,0,0,0.0,0.0,0,LOW
XYZ20T100591,2026-07-24,14046.4,88.84,92.39,0.138,58.83,35.8,0,0,0,0.0,0.0,0,LOW
XYZ20T100592,2026-07-24,24157.4,87.62,92.34,0.086,71.28,27.92,0,0,0,0.0,0.0,0,LOW
XYZ20T100594,2026-07-24,12436.8,85.46,90.39,0.441,78.76,38.26,0,0,0,0.0,0.0,0,LOW
XYZ20T100595,2026-07-24,8001.2,81.51,86.37,0.037,43.42,28.63,0,0,0,0.0,0.0,0,LOW
XYZ20T100597,2026-07-24,2515.2,91.13,99.95,1.649,54.39,36.55,0,1,0,0.9515,95.2,1,CRITICAL
XYZ20T100600,2026-07-24,19880.9,81.14,84.33,0.461,65.37,34.31,0,0,0,0.0,0.0,0,LOW
XYZ20T100604,2026-07-24,4272.5,87.06,94.69,1.152,47.56,33.76,1,0,0,0.1423,14.2,0,LOW
XYZ20T100610,2026-07-24,18854.4,79.44,86.18,-0.083,74.59,31.07,0,0,0,0.0,0.0,0,LOW
XYZ20T100621,2026-07-24,8441.9,89.09,94.85,-0.142,52.18,32.79,0,0,0,0.0,0.0,0,LOW
XYZ20T100624,2026-07-24,5330.0,82.74,86.99,-0.125,60.67,37.82,0,0,0,0.0,0.0,0,LOW
XYZ20T100625,2026-07-24,7030.9,88.38,95.04,0.65,52.1,37.31,0,0,0,0.0653,6.5,0,LOW
XYZ20T100630,2026-07-24,6230.7,82.45,87.48,-0.155,79.17,29.27,0,0,0,0.0,0.0,0,LOW
XYZ20T100633,2026-07-24,2796.9,80.04,84.25,-0.211,67.83,33.02,0,0,0,0.0,0.0,0,LOW
XYZ20T100636,2026-07-24,13072.1,78.16,82.18,-0.779,63.64,28.99,0,0,0,0.0,0.0,0,LOW
XYZ20T100641,2026-07-24,14886.6,86.15,90.03,-0.17,58.28,26.47,0,0,0,0.0,0.0,0,LOW
XYZ20T100643,2026-07-24,4253.8,80.93,86.88,0.101,51.96,32.35,0,0,0,0.0,0.0,0,LOW
XYZ20T100652,2026-07-24,607.2,90.25,96.05,0.03,71.45,40.37,0,0,0,0.0,0.0,0,LOW
XYZ20T100656,2026-07-24,15908.3,85.28,91.22,0.079,63.69,39.41,0,0,0,0.0,0.0,0,LOW
XYZ20T100662,2026-07-24,17173.2,86.71,92.82,0.219,70.37,32.02,0,0,0,0.0,0.0,0,LOW
XYZ20T100675,2026-07-24,10056.0,81.64,87.8,-1.094,38.16,26.82,0,0,0,0.0,0.0,0,LOW
XYZ20T100676,2026-07-24,18297.8,89.13,95.77,0.787,62.71,48.0,0,0,0,0.0677,6.8,0,LOW
XYZ20T100684,2026-07-24,5680.3,78.03,83.89,0.011,48.29,34.54,0,0,0,0.0,0.0,0,LOW
XYZ20T100685,2026-07-24,1630.3,82.25,85.82,0.136,57.08,37.86,0,0,0,0.0,0.0,0,LOW
XYZ20T100704,2026-07-24,8805.6,81.02,87.15,0.367,60.73,32.17,0,0,0,0.0,0.0,0,LOW
XYZ20T100712,2026-07-24,509.8,85.12,89.56,0.265,37.88,35.41,0,0,0,0.0,0.0,0,LOW
XYZ20T100714,2026-07-24,19081.6,85.0,88.0,-0.132,48.84,31.46,0,0,0,0.0,0.0,0,LOW
XYZ20T100716,2026-07-24,6065.5,79.72,86.03,0.119,55.72,39.12,0,0,0,0.0,0.0,0,LOW
XYZ20T100724,2026-07-24,4585.5,76.08,82.0,-0.468,43.08,34.81,0,0,0,0.0,0.0,0,LOW
XYZ20T100726,2026-07-24,6372.1,81.2,87.96,-0.215,41.46,32.48,0,0,0,0.0,0.0,0,LOW
XYZ20T100730,2026-07-24,5774.6,84.48,88.75,0.276,52.72,34.21,0,0,0,0.0,0.0,0,LOW
XYZ20T100740,2026-07-24,12420.5,82.73,87.67,-0.639,48.9,40.32,0,0,0,0.0,0.0,0,LOW
XYZ20T100747,2026-07-24,1642.8,83.88,87.14,0.273,75.83,32.97,0,0,0,0.0,0.0,0,LOW
XYZ20T100759,2026-07-24,11459.7,90.96,96.26,0.742,60.38,28.3,0,0,0,0.2804,28.0,0,LOW
XYZ20T100764,2026-07-24,19234.7,82.16,86.81,-0.08,35.03,33.11,0,0,0,0.0,0.0,0,LOW
XYZ20T100766,2026-07-24,19760.0,81.68,85.23,0.025,69.94,24.32,0,0,0,0.0,0.0,0,LOW
XYZ20T100773,2026-07-24,16940.9,82.13,85.5,0.893,71.9,37.95,0,0,0,0.0,0.0,0,LOW
XYZ20T100778,2026-07-24,883.5,80.92,84.95,-0.365,60.18,31.91,0,0,0,0.0,0.0,0,LOW
XYZ20T100781,2026-07-24,15833.5,81.87,84.97,0.109,57.28,34.16,0,0,0,0.0,0.0,0,LOW
XYZ20T100793,2026-07-24,24886.0,78.07,81.08,0.339,47.56,37.12,0,0,0,0.0,0.0,0,LOW
XYZ20T100796,2026-07-24,9716.1,85.3,89.06,-0.527,48.09,37.43,1,0,0,0.0033,0.3,0,LOW
XYZ20T100809,2026-07-24,6291.3,82.07,85.16,0.284,63.29,29.82,0,0,0,0.0,0.0,0,LOW
XYZ20T100826,2026-07-24,17624.4,79.41,85.32,0.358,67.59,36.43,0,0,0,0.0,0.0,0,LOW
XYZ20T100827,2026-07-24,9961.5,83.73,87.3,-0.076,66.77,30.44,0,0,0,0.0,0.0,0,LOW
XYZ20T100829,2026-07-24,15075.7,84.82,89.23,-2.256,61.12,29.32,0,0,0,0.0,0.0,0,LOW
XYZ20T100832,2026-07-24,16782.9,82.87,87.89,-0.402,54.16,31.5,0,0,0,0.0,0.0,0,LOW
XYZ20T100833,2026-07-24,3830.4,94.22,102.22,0.748,70.57,29.46,0,0,1,0.3476,34.8,1,MODERATE
XYZ20T100840,2026-07-24,11014.5,86.4,90.44,0.182,73.8,36.83,0,0,0,0.0,0.0,0,LOW
XYZ20T100844,2026-07-24,2973.9,81.29,87.53,-0.128,55.29,29.71,0,0,0,0.0,0.0,0,LOW
XYZ20T100848,2026-07-24,12945.6,76.64,81.21,-0.478,42.07,21.63,0,0,0,0.0,0.0,0,LOW
XYZ20T100849,2026-07-24,10628.7,80.87,85.9,0.02,84.27,29.41,0,0,0,0.0,0.0,0,LOW
XYZ20T100851,2026-07-24,22383.6,77.73,82.42,-0.094,56.82,30.02,0,0,0,0.0,0.0,0,LOW
XYZ20T100856,2026-07-24,20155.6,81.84,88.21,-0.004,56.38,37.42,1,0,0,0.0,0.0,0,LOW
XYZ20T100858,2026-07-24,2981.3,87.89,94.84,-0.212,73.69,37.15,0,0,0,0.0,0.0,0,LOW
XYZ20T100868,2026-07-24,21222.3,87.16,93.83,0.886,64.87,33.38,0,1,0,0.0922,9.2,0,LOW
XYZ20T100869,2026-07-24,4299.3,88.39,92.99,-0.046,74.97,29.59,0,0,0,0.0,0.0,0,LOW
XYZ20T100871,2026-07-24,8872.3,78.05,84.22,0.198,41.39,40.1,0,0,0,0.0,0.0,0,LOW
XYZ20T100877,2026-07-24,17866.8,83.71,88.44,-0.419,64.95,33.9,0,0,0,0.0,0.0,0,LOW
XYZ20T100879,2026-07-24,9839.4,88.81,95.29,1.05,45.21,30.84,0,1,0,0.2965,29.6,0,LOW
XYZ20T100881,2026-07-24,11866.9,86.05,90.8,0.288,53.36,33.51,0,0,0,0.0,0.0,0,LOW
XYZ20T100884,2026-07-24,5728.3,85.54,88.62,-0.588,60.64,32.33,0,0,0,0.0,0.0,0,LOW
XYZ20T100899,2026-07-24,10283.1,77.99,82.92,-0.374,44.91,33.25,0,0,0,0.0,0.0,0,LOW
XYZ20T100901,2026-07-24,6503.0,81.79,88.07,-0.278,64.73,25.87,0,0,0,0.0,0.0,0,LOW
XYZ20T100902,2026-07-24,22433.5,77.78,81.68,-0.184,40.46,32.51,0,0,0,0.0,0.0,0,LOW
XYZ20T100907,2026-07-24,14885.1,81.41,84.83,-0.505,39.93,32.93,0,0,0,0.0,0.0,0,LOW
XYZ20T100908,2026-07-24,1941.6,90.39,97.99,1.057,84.17,33.87,0,0,0,0.7518,75.2,1,CRITICAL
XYZ20T100911,2026-07-24,2934.6,88.6,93.43,0.221,80.01,29.81,0,0,0,0.0,0.0,0,LOW
XYZ20T100915,2026-07-24,7650.6,77.83,82.85,-2.648,46.43,26.95,0,0,0,0.0,0.0,0,LOW
XYZ20T100919,2026-07-24,9539.8,78.94,85.16,-0.202,75.55,35.58,0,0,0,0.0,0.0,0,LOW
XYZ20T100924,2026-07-24,13765.4,84.9,89.2,-0.397,55.82,38.03,0,0,0,0.0,0.0,0,LOW
XYZ20T100926,2026-07-24,18309.0,80.94,85.03,-0.021,63.74,28.82,0,0,0,0.0,0.0,0,LOW
XYZ20T100934,2026-07-24,4652.0,78.07,84.56,-0.431,48.89,23.95,0,0,0,0.0,0.0,0,LOW
XYZ20T100947,2026-07-24,3929.1,84.91,90.59,-1.803,69.59,35.19,0,0,0,0.0,0.0,0,LOW
XYZ20T100976,2026-07-24,2117.6,80.93,87.89,0.468,65.25,28.4,0,0,0,0.0,0.0,0,LOW
XYZ20T100978,2026-07-24,17578.5,84.22,89.47,0.164,77.13,32.88,0,0,0,0.0,0.0,0,LOW
XYZ20T100986,2026-07-24,5230.4,85.33,91.09,0.671,77.63,34.86,0,0,0,0.0032,0.3,0,LOW
XYZ20T100988,2026-07-24,12938.8,83.15,89.26,0.278,70.24,35.92,0,0,0,0.0,0.0,0,LOW
XYZ20T100989,2026-07-24,4860.8,85.59,89.33,-0.092,59.13,33.25,0,0,0,0.0,0.0,0,LOW
XYZ20T100991,2026-07-24,4688.0,84.8,91.52,-0.128,56.47,27.95,0,0,0,0.0,0.0,0,LOW
XYZ20T100992,2026-07-24,3473.9,79.45,83.48,-0.942,73.85,27.36,0,0,0,0.0,0.0,0,LOW
XYZ20T100993,2026-07-24,3013.6,85.45,88.56,0.57,82.4,45.71,0,0,0,0.0,0.0,0,LOW
XYZ20T100999,2026-07-24,5761.7,79.99,84.45,0.513,56.44,25.24,0,0,0,0.0,0.0,0,LOW
XYZ20T101011,2026-07-24,4036.9,89.33,92.41,0.159,69.77,33.36,0,0,0,0.0,0.0,0,LOW
XYZ20T101013,2026-07-24,8738.0,84.4,89.36,-0.193,53.79,34.28,0,0,0,0.0,0.0,0,LOW
XYZ20T101017,2026-07-24,15793.1,80.75,85.75,-1.038,61.39,36.7,0,0,0,0.0,0.0,0,LOW
XYZ20T101030,2026-07-24,14475.0,87.97,93.36,0.123,50.58,33.73,0,0,0,0.0,0.0,0,LOW
XYZ20T101041,2026-07-24,11128.0,90.23,95.94,0.428,74.12,31.99,0,0,0,0.0033,0.3,0,LOW
XYZ20T101067,2026-07-24,4416.1,90.24,99.36,0.982,58.8,38.07,0,0,1,0.1848,18.5,0,LOW
XYZ20T101069,2026-07-24,20689.7,84.28,89.78,-0.139,52.24,39.55,0,0,0,0.0,0.0,0,LOW
XYZ20T101070,2026-07-24,840.6,94.13,102.39,1.364,72.94,43.97,0,0,0,0.8801,88.0,1,CRITICAL
XYZ20T101080,2026-07-24,2807.8,79.55,86.44,-0.418,67.55,48.0,0,0,0,0.0,0.0,0,LOW
XYZ20T101090,2026-07-24,950.1,85.74,90.97,-0.186,52.16,36.25,0,0,0,0.0,0.0,0,LOW
XYZ20T101094,2026-07-24,13423.9,80.92,86.52,-0.305,61.98,30.43,0,0,0,0.0,0.0,0,LOW
XYZ20T101096,2026-07-24,2500.7,84.54,89.8,-0.256,77.69,33.37,0,0,0,0.0,0.0,0,LOW
XYZ20T101100,2026-07-24,5645.5,87.52,93.56,-1.193,53.86,34.13,0,0,0,0.0,0.0,0,LOW
XYZ20T101102,2026-07-24,24931.1,83.84,89.5,-0.293,81.66,36.73,0,0,0,0.0,0.0,0,LOW
XYZ20T101107,2026-07-24,15880.0,80.09,85.13,0.358,78.16,31.65,0,0,0,0.0,0.0,0,LOW
XYZ20T101112,2026-07-24,5908.2,78.09,82.54,-1.626,44.84,37.28,0,0,0,0.0,0.0,0,LOW
XYZ20T101117,2026-07-24,3124.8,85.35,89.12,0.239,55.87,37.73,0,0,0,0.0,0.0,0,LOW
XYZ20T101120,2026-07-24,12947.4,85.29,91.15,-0.018,41.27,34.48,0,0,0,0.0,0.0,0,LOW
XYZ20T101122,2026-07-24,10771.7,83.52,90.06,-0.648,62.35,30.78,0,0,0,0.0,0.0,0,LOW
XYZ20T101132,2026-07-24,3660.9,83.29,89.18,0.15,53.25,37.21,0,0,0,0.0,0.0,0,LOW
XYZ20T101134,2026-07-24,21217.6,93.91,104.44,1.362,69.49,35.95,1,1,0,0.8694,86.9,1,CRITICAL
XYZ20T101142,2026-07-24,5069.0,80.26,86.68,-0.418,43.13,32.4,0,0,0,0.0,0.0,0,LOW
XYZ20T101147,2026-07-24,24486.2,84.6,88.5,0.135,76.5,36.54,0,0,0,0.0,0.0,0,LOW
XYZ20T101149,2026-07-24,12501.9,75.89,82.08,-0.672,34.25,33.07,0,0,0,0.0,0.0,0,LOW
XYZ20T101150,2026-07-24,16938.8,77.45,80.73,-0.218,48.84,39.2,0,0,0,0.0,0.0,0,LOW
XYZ20T101153,2026-07-24,4039.8,86.49,90.6,-0.072,45.05,36.08,0,0,0,0.0,0.0,0,LOW
XYZ20T101156,2026-07-24,10585.6,80.48,85.3,0.002,50.97,42.33,0,0,0,0.0,0.0,0,LOW
XYZ20T101158,2026-07-24,5796.4,88.3,93.49,-0.012,66.68,31.07,0,0,0,0.0,0.0,0,LOW
XYZ20T101165,2026-07-24,18414.6,79.54,86.28,0.169,59.05,34.1,0,0,0,0.0,0.0,0,LOW
XYZ20T101169,2026-07-24,11372.3,79.67,86.5,-0.254,61.44,29.62,0,0,0,0.0,0.0,0,LOW
XYZ20T101173,2026-07-24,366.8,82.39,86.86,-0.115,74.48,35.17,0,0,0,0.0,0.0,0,LOW
XYZ20T101175,2026-07-24,5000.5,87.27,90.48,0.161,62.31,42.34,0,0,0,0.0,0.0,0,LOW
XYZ20T101192,2026-07-24,5522.8,85.94,90.14,0.292,41.53,39.33,0,0,0,0.0,0.0,0,LOW
XYZ20T101205,2026-07-24,8689.7,78.48,82.54,0.348,61.56,36.84,0,0,0,0.0,0.0,0,LOW
XYZ20T101208,2026-07-24,10507.1,84.05,90.29,0.242,49.66,36.45,0,0,0,0.0,0.0,0,LOW
XYZ20T101210,2026-07-24,7311.1,88.78,95.65,0.637,63.19,41.69,0,0,0,0.0549,5.5,0,LOW
XYZ20T101215,2026-07-24,13694.8,95.19,104.46,0.996,57.53,38.42,0,1,0,0.9016,90.2,1,CRITICAL
XYZ20T101216,2026-07-24,1240.1,76.98,80.7,-0.106,42.58,27.34,0,0,0,0.0,0.0,0,LOW
XYZ20T101220,2026-07-24,17308.0,85.0,89.17,-0.398,66.09,27.71,0,0,0,0.0,0.0,0,LOW
XYZ20T101222,2026-07-24,24761.8,80.44,86.71,-0.225,60.75,36.23,0,0,0,0.0,0.0,0,LOW
XYZ20T101227,2026-07-24,713.6,86.2,93.71,-0.654,51.45,31.43,0,0,0,0.0,0.0,0,LOW
XYZ20T101233,2026-07-24,10743.1,99.74,111.64,1.299,56.29,36.39,0,1,0,0.9525,95.2,1,CRITICAL
XYZ20T101236,2026-07-24,10247.2,86.63,90.7,0.169,74.95,29.68,0,0,0,0.0,0.0,0,LOW
XYZ20T101237,2026-07-24,1072.5,85.68,92.48,0.2,61.51,45.91,0,0,0,0.0,0.0,0,LOW
XYZ20T101240,2026-07-24,2680.8,81.65,87.68,0.174,65.74,30.65,0,0,0,0.0,0.0,0,LOW
XYZ20T101242,2026-07-24,13400.3,84.34,90.63,-0.248,65.64,30.1,0,0,0,0.0,0.0,0,LOW
XYZ20T101273,2026-07-24,14646.0,82.54,86.86,-0.055,54.02,27.86,0,0,0,0.0,0.0,0,LOW
XYZ20T101274,2026-07-24,3270.7,80.58,87.21,-0.653,70.58,36.74,0,0,0,0.0,0.0,0,LOW
XYZ20T101275,2026-07-24,6671.6,79.93,83.36,-0.162,66.24,34.21,0,0,0,0.0,0.0,0,LOW
XYZ20T101277,2026-07-24,14916.9,83.63,89.55,0.234,56.1,40.79,0,0,0,0.0,0.0,0,LOW
XYZ20T101280,2026-07-24,1103.9,82.23,89.1,-0.313,51.98,32.92,0,0,0,0.0,0.0,0,LOW
XYZ20T101286,2026-07-24,2256.7,79.57,85.24,-0.328,68.34,37.59,0,0,0,0.0,0.0,0,LOW
XYZ20T101290,2026-07-24,14057.6,80.13,84.92,-0.196,54.67,32.18,0,0,0,0.0,0.0,0,LOW
XYZ20T101298,2026-07-24,22018.8,87.33,92.24,0.023,65.37,38.18,0,0,0,0.0,0.0,0,LOW
XYZ20T101299,2026-07-24,6319.8,82.19,86.11,-0.368,55.12,27.89,0,0,0,0.0,0.0,0,LOW
XYZ20T101301,2026-07-24,18575.2,76.78,80.17,-0.579,58.5,36.21,0,0,0,0.0,0.0,0,LOW
XYZ20T101306,2026-07-24,1100.9,83.58,89.11,-0.472,56.54,34.38,0,0,0,0.0,0.0,0,LOW
XYZ20T101308,2026-07-24,8599.0,82.24,89.07,-0.304,46.57,31.85,0,0,0,0.0,0.0,0,LOW
XYZ20T101317,2026-07-24,639.6,84.79,90.01,-0.165,62.48,23.33,0,0,0,0.0,0.0,0,LOW
XYZ20T101318,2026-07-24,7667.8,85.33,91.21,-0.515,76.41,31.1,0,0,0,0.0,0.0,0,LOW
XYZ20T101319,2026-07-24,20933.2,86.8,90.47,-1.598,66.3,36.19,0,0,0,0.0,0.0,0,LOW
XYZ20T101326,2026-07-24,4128.8,83.86,87.1,-0.574,63.02,29.26,0,0,0,0.0,0.0,0,LOW
XYZ20T101334,2026-07-24,6054.9,86.64,92.86,0.244,59.54,39.11,0,0,0,0.0,0.0,0,LOW
XYZ20T101349,2026-07-24,13221.1,76.17,80.55,-0.17,48.35,34.39,0,0,0,0.0,0.0,0,LOW
XYZ20T101361,2026-07-24,2933.1,87.61,92.52,0.115,56.26,28.45,0,0,0,0.0,0.0,0,LOW
XYZ20T101369,2026-07-24,10338.1,88.06,94.64,-1.356,49.63,34.33,0,0,0,0.0,0.0,0,LOW
XYZ20T101374,2026-07-24,13310.4,80.14,85.57,-0.622,48.19,26.81,0,0,0,0.0,0.0,0,LOW
XYZ20T101384,2026-07-24,14893.9,81.88,85.37,0.34,67.5,28.67,0,0,0,0.0,0.0,0,LOW
XYZ20T101385,2026-07-24,13562.6,89.14,94.82,0.971,69.68,34.4,0,1,0,0.1703,17.0,0,LOW
XYZ20T101393,2026-07-24,17456.3,90.14,95.49,-0.093,77.5,35.47,0,0,0,0.0033,0.3,0,LOW
XYZ20T101406,2026-07-24,16640.6,80.11,85.09,0.289,86.82,32.25,0,0,0,0.0,0.0,0,LOW
XYZ20T101413,2026-07-24,14091.1,83.31,86.38,-0.149,50.49,26.98,0,0,0,0.0,0.0,0,LOW
XYZ20T101419,2026-07-24,12396.9,95.42,103.68,1.782,86.96,32.69,1,0,1,0.4949,49.5,1,MODERATE
XYZ20T101423,2026-07-24,19051.1,85.06,91.65,-1.795,68.83,27.24,0,0,0,0.0,0.0,0,LOW
XYZ20T101428,2026-07-24,6245.0,87.52,90.95,0.449,45.07,38.94,0,0,0,0.0,0.0,0,LOW
XYZ20T101431,2026-07-24,24955.8,88.23,91.27,0.367,84.28,38.95,0,0,0,0.0,0.0,0,LOW
XYZ20T101434,2026-07-24,11447.4,83.3,87.69,-0.059,58.12,24.02,0,0,0,0.0,0.0,0,LOW
XYZ20T101435,2026-07-24,12930.0,79.43,82.82,0.166,62.82,32.7,0,0,0,0.0,0.0,0,LOW
XYZ20T101437,2026-07-24,3302.3,87.3,94.27,0.379,68.78,38.66,0,0,0,0.0,0.0,0,LOW
XYZ20T101446,2026-07-24,9253.5,79.9,85.8,-0.405,77.86,33.59,0,0,0,0.0,0.0,0,LOW
XYZ20T101468,2026-07-24,8323.2,83.77,89.39,-0.426,65.95,35.3,0,0,0,0.0,0.0,0,LOW
XYZ20T101479,2026-07-24,1413.9,86.82,94.81,0.805,60.56,42.58,0,1,0,0.0777,7.8,0,LOW
XYZ20T101484,2026-07-24,14410.9,76.56,79.59,0.162,44.79,35.79,1,0,0,0.0,0.0,0,LOW
XYZ20T101491,2026-07-24,13807.7,86.34,90.09,0.733,70.79,33.14,0,0,0,0.0065,0.7,0,LOW
XYZ20T101498,2026-07-24,13469.7,77.78,83.43,-0.022,54.09,29.8,0,0,0,0.0,0.0,0,LOW
XYZ20T101500,2026-07-24,4275.5,80.5,87.38,0.067,46.8,31.32,0,0,0,0.0,0.0,0,LOW
XYZ20T101501,2026-07-24,16280.5,88.26,94.49,0.417,69.96,40.12,0,0,0,0.0,0.0,0,LOW
XYZ20T101502,2026-07-24,10725.8,80.55,84.19,0.202,57.7,33.78,0,0,0,0.0,0.0,0,LOW
XYZ20T101504,2026-07-24,7267.0,76.15,80.82,-0.149,46.65,32.16,1,0,0,0.0033,0.3,0,LOW
XYZ20T101511,2026-07-24,620.7,84.07,90.35,-0.046,65.47,39.79,0,0,0,0.0,0.0,0,LOW
XYZ20T101519,2026-07-24,13867.0,80.1,83.54,-0.302,53.53,36.16,0,0,0,0.0,0.0,0,LOW
XYZ20T101525,2026-07-24,8243.8,85.81,90.2,0.336,41.45,38.55,0,0,0,0.0,0.0,0,LOW
XYZ20T101526,2026-07-24,1231.9,77.17,84.13,0.149,64.22,29.11,0,0,0,0.0,0.0,0,LOW
XYZ20T101530,2026-07-24,20192.4,85.07,88.45,0.393,75.76,27.66,0,0,0,0.0,0.0,0,LOW
XYZ20T101534,2026-07-24,5873.5,82.2,86.04,0.591,66.34,36.87,0,0,0,0.0,0.0,0,LOW
XYZ20T101549,2026-07-24,2016.9,76.33,79.42,-0.259,55.18,25.46,0,0,0,0.0,0.0,0,LOW
XYZ20T101550,2026-07-24,5047.3,77.68,81.61,-0.218,53.11,31.53,0,0,0,0.0,0.0,0,LOW
XYZ20T101551,2026-07-24,590.8,82.43,87.97,0.179,61.09,36.77,0,0,0,0.0,0.0,0,LOW
XYZ20T101555,2026-07-24,12523.6,85.34,89.97,0.203,67.87,34.05,0,0,0,0.0,0.0,0,LOW
XYZ20T101558,2026-07-24,6131.2,80.43,84.59,-0.266,67.75,36.54,0,0,0,0.0,0.0,0,LOW
XYZ20T101562,2026-07-24,14198.3,81.45,87.13,-0.525,59.23,28.31,0,0,0,0.0,0.0,0,LOW
XYZ20T101567,2026-07-24,17197.8,83.33,88.15,0.08,54.6,29.11,1,0,0,0.0,0.0,0,LOW
XYZ20T101573,2026-07-24,1939.1,81.74,86.59,-0.564,55.39,29.95,0,0,0,0.0,0.0,0,LOW
XYZ20T101582,2026-07-24,15495.7,77.28,80.33,-0.29,63.79,33.52,0,0,0,0.0,0.0,0,LOW
XYZ20T101586,2026-07-24,16395.6,83.22,86.54,0.164,40.16,27.65,0,0,0,0.0,0.0,0,LOW
XYZ20T101593,2026-07-24,374.3,77.67,82.68,0.087,39.27,41.48,0,0,0,0.0,0.0,0,LOW
XYZ20T101594,2026-07-24,12743.9,81.07,86.66,0.139,58.61,34.24,0,0,0,0.0,0.0,0,LOW
XYZ20T101629,2026-07-24,5894.1,79.85,84.7,-0.243,51.6,33.06,0,0,0,0.0,0.0,0,LOW
XYZ20T101633,2026-07-24,13109.0,80.47,86.96,0.246,42.17,32.08,0,0,0,0.0,0.0,0,LOW
XYZ20T101659,2026-07-24,6227.4,85.76,91.89,0.127,72.89,36.76,0,0,0,0.0,0.0,0,LOW
XYZ20T101662,2026-07-24,11520.6,76.91,81.36,-0.004,59.91,30.36,0,0,0,0.0,0.0,0,LOW
XYZ20T101663,2026-07-24,20831.2,81.21,85.13,-0.066,70.77,32.64,0,0,0,0.0,0.0,0,LOW
XYZ20T101669,2026-07-24,4361.0,82.81,88.8,-0.012,66.43,24.96,0,0,0,0.0,0.0,0,LOW
XYZ20T101677,2026-07-24,4128.7,81.75,88.73,-0.218,71.34,28.16,0,0,0,0.0,0.0,0,LOW
XYZ20T101678,2026-07-24,5491.5,77.72,82.31,-0.042,40.48,40.06,0,0,0,0.0,0.0,0,LOW
XYZ20T101685,2026-07-24,11653.3,79.22,82.82,-0.016,51.87,37.68,0,0,0,0.0,0.0,0,LOW
XYZ20T101692,2026-07-24,441.4,81.16,86.29,0.204,45.3,33.84,0,0,0,0.0,0.0,0,LOW
XYZ20T101693,2026-07-24,22576.8,82.37,85.93,-1.589,80.7,24.74,0,0,0,0.0,0.0,0,LOW
XYZ20T101696,2026-07-24,15629.9,85.96,90.09,-1.509,61.41,29.38,0,0,0,0.0,0.0,0,LOW
XYZ20T101698,2026-07-24,4767.5,81.41,87.68,-0.009,60.39,26.98,0,0,0,0.0,0.0,0,LOW
XYZ20T101699,2026-07-24,24946.4,76.6,81.4,-0.983,40.0,24.22,0,0,0,0.0,0.0,0,LOW
XYZ20T101702,2026-07-24,2288.8,78.11,81.27,-0.435,75.57,39.4,0,0,0,0.0,0.0,0,LOW
XYZ20T101718,2026-07-24,2590.8,86.72,91.93,0.659,55.06,41.52,0,0,0,0.0065,0.6,0,LOW
XYZ20T101728,2026-07-24,561.4,87.54,93.37,-0.059,68.13,28.54,0,0,0,0.0,0.0,0,LOW
XYZ20T101733,2026-07-24,9309.6,88.55,91.98,0.19,63.23,38.07,0,0,0,0.0,0.0,0,LOW
XYZ20T101735,2026-07-24,12586.5,79.26,83.69,0.14,47.07,35.57,0,0,0,0.0,0.0,0,LOW
XYZ20T101740,2026-07-24,16752.3,79.71,84.32,0.107,74.43,28.53,0,0,0,0.0,0.0,0,LOW
XYZ20T101764,2026-07-24,6362.9,81.47,87.97,-0.012,52.77,43.96,0,0,0,0.0,0.0,0,LOW
XYZ20T101767,2026-07-24,1745.4,81.52,87.54,-0.329,35.8,31.55,0,0,0,0.0,0.0,0,LOW
XYZ20T101768,2026-07-24,3724.2,84.04,90.89,0.339,80.13,24.37,0,0,0,0.0,0.0,0,LOW
XYZ20T101773,2026-07-24,11692.4,82.23,85.37,0.149,72.15,29.4,0,0,0,0.0,0.0,0,LOW
XYZ20T101782,2026-07-24,4228.9,79.75,83.68,0.116,43.67,33.94,0,0,0,0.0,0.0,0,LOW
XYZ20T101789,2026-07-24,8733.0,79.48,84.06,-0.292,83.9,31.19,0,0,0,0.0,0.0,0,LOW
XYZ20T101790,2026-07-24,4257.9,96.33,105.2,1.423,42.94,33.5,0,0,1,0.9228,92.3,1,CRITICAL
XYZ20T101791,2026-07-24,16789.6,84.62,87.96,0.324,60.66,30.07,0,0,0,0.0,0.0,0,LOW
XYZ20T101792,2026-07-24,1467.8,85.04,88.35,0.106,67.79,29.21,0,0,0,0.0,0.0,0,LOW
XYZ20T101794,2026-07-24,10803.5,87.39,93.28,0.208,50.14,38.31,0,0,0,0.0,0.0,0,LOW
XYZ20T101805,2026-07-24,13047.4,84.01,88.97,-0.236,67.46,32.43,0,0,0,0.0,0.0,0,LOW
XYZ20T101807,2026-07-24,9986.1,85.1,89.93,0.084,53.28,39.38,0,0,0,0.0,0.0,0,LOW
XYZ20T101809,2026-07-24,11942.4,84.98,90.75,0.196,66.21,36.89,0,0,0,0.0,0.0,0,LOW
XYZ20T101820,2026-07-24,8508.6,83.85,87.17,-0.127,62.23,24.21,0,0,0,0.0,0.0,0,LOW
XYZ20T101825,2026-07-24,10322.1,84.85,90.68,-0.112,66.3,32.33,0,0,0,0.0,0.0,0,LOW
XYZ20T101832,2026-07-24,13303.6,83.82,90.49,0.334,78.7,32.23,0,0,0,0.0,0.0,0,LOW
XYZ20T101838,2026-07-24,12924.5,79.58,83.7,-2.009,67.26,37.36,0,0,0,0.0,0.0,0,LOW
XYZ20T101842,2026-07-24,6906.4,77.67,84.02,-0.266,58.29,33.29,0,0,0,0.0,0.0,0,LOW
XYZ20T101848,2026-07-24,22177.4,80.03,84.14,0.138,60.79,37.19,0,0,0,0.0,0.0,0,LOW
XYZ20T101861,2026-07-24,9804.6,79.31,83.44,-0.045,37.49,32.6,0,0,0,0.0,0.0,0,LOW
XYZ20T101862,2026-07-24,7616.6,86.79,92.74,0.135,55.77,34.35,0,0,0,0.0,0.0,0,LOW
XYZ20T101866,2026-07-24,5521.7,80.42,84.03,0.288,62.05,44.95,0,0,0,0.0,0.0,0,LOW
XYZ20T101868,2026-07-24,6619.5,83.67,87.7,0.062,62.07,35.92,0,0,0,0.0,0.0,0,LOW
XYZ20T101869,2026-07-24,4218.5,77.67,80.78,0.23,41.43,34.03,0,0,0,0.0,0.0,0,LOW
XYZ20T101884,2026-07-24,24915.5,85.97,90.3,0.138,53.45,36.91,0,0,0,0.0,0.0,0,LOW
XYZ20T101886,2026-07-24,2654.2,86.11,92.43,0.115,78.32,30.66,0,0,0,0.0,0.0,0,LOW
XYZ20T101892,2026-07-24,8868.2,83.59,88.07,0.115,57.17,48.0,0,0,0,0.0,0.0,0,LOW
XYZ20T101897,2026-07-24,20074.4,81.13,86.12,0.016,49.67,36.97,0,0,0,0.0,0.0,0,LOW
XYZ20T101898,2026-07-24,11929.7,86.37,93.25,0.235,49.69,43.96,0,0,0,0.0,0.0,0,LOW
XYZ20T101900,2026-07-24,24937.4,81.87,85.81,-0.208,37.18,41.52,0,0,0,0.0,0.0,0,LOW
XYZ20T101905,2026-07-24,18294.0,81.65,88.48,0.054,42.81,33.14,0,0,0,0.0,0.0,0,LOW
XYZ20T101912,2026-07-24,6774.4,77.54,82.9,-0.029,56.25,30.52,0,0,0,0.0,0.0,0,LOW
XYZ20T101915,2026-07-24,618.9,92.83,101.72,0.737,70.13,27.75,0,0,0,0.1114,11.1,0,LOW
XYZ20T101917,2026-07-24,13559.7,83.42,89.06,0.253,81.83,35.35,0,0,0,0.0,0.0,0,LOW
XYZ20T101921,2026-07-24,15087.5,80.51,86.19,-0.049,58.69,35.39,0,0,0,0.0,0.0,0,LOW
XYZ20T101922,2026-07-24,1262.9,89.26,94.8,-0.855,62.4,39.12,0,0,0,0.0,0.0,0,LOW
XYZ20T101924,2026-07-24,14673.8,81.55,88.33,-0.0,59.02,41.43,0,0,0,0.0,0.0,0,LOW
XYZ20T101928,2026-07-24,14434.5,81.58,84.61,-0.704,38.72,35.98,0,0,0,0.0,0.0,0,LOW
XYZ20T101935,2026-07-24,3621.2,87.07,93.59,-0.097,45.46,37.37,0,0,0,0.0,0.0,0,LOW
XYZ20T101946,2026-07-24,9790.8,86.58,90.07,0.205,57.47,35.65,0,0,0,0.0,0.0,0,LOW
XYZ20T101957,2026-07-24,14698.5,79.25,85.15,-0.01,62.93,26.71,0,0,0,0.0,0.0,0,LOW
XYZ20T101958,2026-07-24,24974.6,83.9,90.67,0.115,38.65,30.82,0,0,0,0.0033,0.3,0,LOW
XYZ20T101959,2026-07-24,12748.5,77.19,80.9,0.288,42.81,35.08,0,0,0,0.0,0.0,0,LOW
XYZ20T101960,2026-07-24,11757.1,79.0,83.29,-0.652,56.9,35.67,0,0,0,0.0,0.0,0,LOW
XYZ20T101964,2026-07-24,3399.7,86.14,91.4,-0.01,58.03,36.84,0,0,0,0.0,0.0,0,LOW
XYZ20T101965,2026-07-24,6540.2,83.58,88.24,-0.016,55.14,39.59,0,0,0,0.0,0.0,0,LOW
XYZ20T101978,2026-07-24,18245.1,83.18,88.41,0.173,63.65,33.16,0,0,0,0.0,0.0,0,LOW
XYZ20T101983,2026-07-24,484.6,84.22,88.05,-0.366,48.3,31.4,0,0,0,0.0,0.0,0,LOW
XYZ20T101996,2026-07-24,11414.1,86.17,92.6,0.458,69.38,34.91,0,0,0,0.0,0.0,0,LOW
XYZ20T102000,2026-07-24,629.8,82.01,85.41,0.187,53.12,30.12,0,0,0,0.0,0.0,0,LOW
XYZ20T102004,2026-07-24,752.5,80.45,85.25,-0.89,79.61,33.05,0,0,0,0.0,0.0,0,LOW
XYZ20T102009,2026-07-24,23399.9,86.28,92.99,0.142,56.96,32.98,0,0,0,0.0166,1.7,0,LOW
XYZ20T102012,2026-07-24,3679.1,77.95,83.97,-0.177,49.02,27.9,0,0,0,0.0,0.0,0,LOW
XYZ20T102025,2026-07-24,14577.8,78.76,85.28,-0.369,63.18,42.61,0,0,0,0.0,0.0,0,LOW
XYZ20T102026,2026-07-24,2744.4,85.59,89.92,-0.312,74.68,33.54,0,0,0,0.0,0.0,0,LOW
XYZ20T102029,2026-07-24,17072.6,92.39,97.58,0.391,71.34,36.83,0,0,0,0.0459,4.6,0,LOW
XYZ20T102030,2026-07-24,3082.6,90.6,96.32,0.389,84.76,46.92,0,0,0,0.0162,1.6,0,LOW
XYZ20T102031,2026-07-24,2835.1,84.38,89.35,-0.884,49.62,35.78,0,0,0,0.0,0.0,0,LOW
XYZ20T102038,2026-07-24,10760.4,80.04,86.38,0.34,63.08,32.5,0,0,0,0.0,0.0,0,LOW
XYZ20T102041,2026-07-24,7889.0,81.75,88.6,-0.248,55.98,30.26,0,0,0,0.0,0.0,0,LOW
XYZ20T102046,2026-07-24,5993.6,80.64,85.15,0.053,40.55,34.7,0,0,0,0.0,0.0,0,LOW
XYZ20T102048,2026-07-24,9295.4,87.36,93.45,-0.797,50.56,40.02,0,0,0,0.0033,0.3,0,LOW
XYZ20T102053,2026-07-24,12570.5,81.12,87.08,0.294,62.77,39.66,0,0,0,0.0,0.0,0,LOW
XYZ20T102054,2026-07-24,14042.5,89.14,94.23,0.295,77.02,39.74,0,0,0,0.0,0.0,0,LOW
XYZ20T102055,2026-07-24,4340.7,80.94,87.23,0.282,53.57,36.94,0,0,0,0.0,0.0,0,LOW
XYZ20T102060,2026-07-24,9939.5,84.7,87.88,-0.348,46.62,36.8,0,0,0,0.0,0.0,0,LOW
XYZ20T102065,2026-07-24,8980.9,83.04,86.5,-0.119,61.31,36.88,0,0,0,0.0,0.0,0,LOW
XYZ20T102073,2026-07-24,1934.3,84.58,89.31,-0.009,36.34,31.15,0,0,0,0.0,0.0,0,LOW
XYZ20T102090,2026-07-24,9996.8,81.52,88.17,-0.255,36.98,36.8,0,0,0,0.0,0.0,0,LOW
XYZ20T102097,2026-07-24,599.4,89.29,95.71,0.503,58.62,36.22,0,0,0,0.0232,2.3,0,LOW
XYZ20T102102,2026-07-24,11866.3,83.59,87.94,0.528,77.09,37.12,0,0,0,0.0033,0.3,0,LOW
XYZ20T102103,2026-07-24,4825.9,81.54,84.64,-0.027,47.12,35.08,0,0,0,0.0,0.0,0,LOW
XYZ20T102108,2026-07-24,18253.5,86.3,91.16,-0.304,58.62,35.73,0,0,0,0.0,0.0,0,LOW
XYZ20T102121,2026-07-24,4042.2,76.76,82.38,-0.39,41.32,32.07,0,0,0,0.0,0.0,0,LOW
XYZ20T102127,2026-07-24,5585.4,82.35,88.47,0.369,60.31,41.06,0,0,0,0.0,0.0,0,LOW
XYZ20T102132,2026-07-24,5950.3,87.64,95.17,1.295,66.92,39.01,1,0,1,0.3874,38.7,1,MODERATE
XYZ20T102138,2026-07-24,2030.9,82.83,87.11,0.043,60.44,36.35,0,0,0,0.0,0.0,0,LOW
XYZ20T102169,2026-07-24,4357.3,79.27,83.76,0.087,49.74,42.22,0,0,0,0.0,0.0,0,LOW
XYZ20T102176,2026-07-24,1896.7,79.96,84.44,-0.702,78.83,33.0,0,0,0,0.0,0.0,0,LOW
XYZ20T102178,2026-07-24,24939.4,79.79,85.85,-0.586,59.92,32.04,0,0,0,0.0,0.0,0,LOW
XYZ20T102182,2026-07-24,18763.1,84.1,87.96,0.78,48.75,43.4,0,0,0,0.0098,1.0,0,LOW
XYZ20T102191,2026-07-24,8485.9,80.54,86.33,0.18,42.56,42.56,0,0,0,0.0,0.0,0,LOW
XYZ20T102196,2026-07-24,13862.6,79.28,82.38,-0.226,56.11,38.52,0,0,0,0.0,0.0,0,LOW
XYZ20T102203,2026-07-24,12132.6,77.19,82.67,-0.146,61.55,34.32,0,0,0,0.0,0.0,0,LOW
XYZ20T102212,2026-07-24,2712.1,84.05,90.79,-0.553,52.58,34.46,0,0,0,0.0,0.0,0,LOW
XYZ20T102214,2026-07-24,19741.9,86.69,91.06,0.034,52.02,34.01,0,0,0,0.0,0.0,0,LOW
XYZ20T102217,2026-07-24,5657.2,82.76,89.47,0.255,53.34,37.39,0,0,0,0.0,0.0,0,LOW
XYZ20T102223,2026-07-24,11993.9,81.99,86.16,-0.045,57.79,30.9,0,0,0,0.0,0.0,0,LOW
XYZ20T102226,2026-07-24,3106.3,84.16,87.36,-0.105,64.42,33.33,0,0,0,0.0,0.0,0,LOW
XYZ20T102230,2026-07-24,11717.3,80.18,84.35,-0.396,49.56,31.97,0,0,0,0.0,0.0,0,LOW
XYZ20T102240,2026-07-24,11276.8,100.4,109.07,1.935,82.95,29.35,1,0,1,0.9401,94.0,1,CRITICAL
XYZ20T102251,2026-07-24,12542.0,81.01,85.13,-0.17,51.55,39.22,0,0,0,0.0,0.0,0,LOW
XYZ20T102259,2026-07-24,17040.6,83.01,88.97,0.791,71.51,35.15,0,0,0,0.0,0.0,0,LOW
XYZ20T102267,2026-07-24,11787.9,83.87,88.77,-0.028,60.96,26.09,0,0,0,0.0,0.0,0,LOW
XYZ20T102268,2026-07-24,12519.3,81.66,88.45,0.241,44.61,32.33,0,0,0,0.0,0.0,0,LOW
XYZ20T102285,2026-07-24,19898.5,97.16,105.55,1.142,65.77,22.33,0,1,0,0.251,25.1,0,LOW
XYZ20T102287,2026-07-24,2815.6,86.21,89.73,-0.06,54.16,33.05,0,0,0,0.0,0.0,0,LOW
XYZ20T102291,2026-07-24,14697.1,79.4,83.24,-0.008,67.36,29.6,0,0,0,0.0,0.0,0,LOW
XYZ20T102294,2026-07-24,1561.0,79.97,83.88,-1.14,44.96,33.65,0,0,0,0.0,0.0,0,LOW
XYZ20T102325,2026-07-24,14005.6,79.65,85.94,-0.277,66.33,30.58,0,0,0,0.0,0.0,0,LOW
XYZ20T102327,2026-07-24,12160.9,82.2,88.03,0.091,65.71,24.56,0,0,0,0.0,0.0,0,LOW
XYZ20T102330,2026-07-24,16389.7,82.49,86.17,0.483,58.62,33.4,0,0,0,0.0,0.0,0,LOW
XYZ20T102345,2026-07-24,20221.3,85.49,92.01,-0.497,49.26,31.79,0,0,0,0.0,0.0,0,LOW
XYZ20T102348,2026-07-24,15383.9,85.27,92.05,-0.041,75.12,29.78,0,0,0,0.0,0.0,0,LOW
XYZ20T102358,2026-07-24,6610.3,81.42,87.69,-0.018,82.94,26.65,0,0,0,0.0,0.0,0,LOW
XYZ20T102367,2026-07-24,3296.9,82.51,88.94,-0.254,49.44,40.46,0,0,0,0.0,0.0,0,LOW
XYZ20T102369,2026-07-24,7656.4,95.74,107.15,1.673,67.15,31.18,1,1,0,0.857,85.7,1,CRITICAL
XYZ20T102373,2026-07-24,4434.5,81.33,87.56,0.174,52.57,30.86,0,0,0,0.0,0.0,0,LOW
XYZ20T102375,2026-07-24,6177.9,79.64,84.64,0.228,66.96,35.52,0,0,0,0.0,0.0,0,LOW
XYZ20T102376,2026-07-24,19643.0,88.12,91.56,-0.169,69.89,38.19,0,0,0,0.0,0.0,0,LOW
XYZ20T102389,2026-07-24,6993.4,90.0,99.26,-0.059,53.66,33.38,0,0,0,0.0231,2.3,0,LOW
XYZ20T102391,2026-07-24,1653.8,83.43,87.77,-0.162,53.26,28.82,0,0,0,0.0,0.0,0,LOW
XYZ20T102392,2026-07-24,14477.4,80.58,85.73,0.333,61.5,29.01,0,0,0,0.0,0.0,0,LOW
XYZ20T102403,2026-07-24,13647.4,81.62,87.58,0.107,59.34,36.55,0,0,0,0.0,0.0,0,LOW
XYZ20T102405,2026-07-24,8342.3,81.26,86.48,0.009,71.5,36.62,0,0,0,0.0,0.0,0,LOW
XYZ20T102413,2026-07-24,10577.7,80.43,86.15,-0.132,48.51,34.38,0,0,0,0.0,0.0,0,LOW
XYZ20T102420,2026-07-24,9591.2,82.07,88.3,-0.231,46.49,34.65,0,0,0,0.0,0.0,0,LOW
XYZ20T102424,2026-07-24,13292.4,88.98,100.18,1.249,61.88,29.93,0,1,0,0.848,84.8,1,CRITICAL
XYZ20T102428,2026-07-24,10401.3,81.22,84.62,-0.061,45.66,36.74,0,0,0,0.0,0.0,0,LOW
XYZ20T102429,2026-07-24,2996.7,86.86,90.21,-0.05,64.65,34.58,0,0,0,0.0,0.0,0,LOW
XYZ20T102432,2026-07-24,24952.3,81.99,86.5,-2.109,74.89,32.05,0,0,0,0.0,0.0,0,LOW
XYZ20T102436,2026-07-24,1186.2,79.0,83.55,0.312,57.79,34.27,0,0,0,0.0,0.0,0,LOW
XYZ20T102450,2026-07-24,12092.4,80.0,86.18,0.348,60.99,40.48,0,0,0,0.0,0.0,0,LOW
XYZ20T102452,2026-07-24,17220.4,84.35,87.95,-0.373,48.81,31.91,0,0,0,0.0,0.0,0,LOW
XYZ20T102453,2026-07-24,6997.1,93.19,101.94,0.742,76.68,35.48,0,0,0,0.1085,10.9,0,LOW
XYZ20T102454,2026-07-24,3245.0,80.17,84.14,0.05,58.77,38.68,0,0,0,0.0,0.0,0,LOW
XYZ20T102457,2026-07-24,7590.2,81.94,86.82,-0.197,69.83,34.26,0,0,0,0.0,0.0,0,LOW
XYZ20T102462,2026-07-24,5757.0,80.27,85.61,-0.04,64.28,41.19,0,0,0,0.0,0.0,0,LOW
XYZ20T102463,2026-07-24,24892.2,89.87,94.81,1.13,49.76,40.41,0,0,0,0.1383,13.8,0,LOW
XYZ20T102471,2026-07-24,4056.7,77.62,83.98,-1.41,62.16,33.83,0,0,0,0.0,0.0,0,LOW
XYZ20T102479,2026-07-24,2727.1,81.15,87.82,-0.851,64.56,42.41,0,0,0,0.0,0.0,0,LOW
XYZ20T102482,2026-07-24,14626.3,84.57,90.78,0.101,75.85,47.69,0,0,0,0.0,0.0,0,LOW
XYZ20T102488,2026-07-24,12418.9,80.38,85.02,-0.207,74.84,28.2,0,0,0,0.0,0.0,0,LOW
XYZ20T102491,2026-07-24,6070.4,87.9,94.57,-0.251,46.58,43.84,0,0,0,0.0,0.0,0,LOW
XYZ20T102501,2026-07-24,873.2,84.98,91.07,0.423,64.27,27.37,0,0,0,0.0,0.0,0,LOW
XYZ20T102510,2026-07-24,10608.1,86.79,93.69,-0.171,79.62,24.87,0,0,0,0.0,0.0,0,LOW
XYZ20T102517,2026-07-24,11093.7,78.39,84.65,-0.032,41.43,30.92,0,0,0,0.0,0.0,0,LOW
XYZ20T102524,2026-07-24,1180.5,84.71,88.5,0.478,79.24,45.9,0,0,0,0.0,0.0,0,LOW
XYZ20T102527,2026-07-24,20287.1,88.21,92.58,-0.128,60.16,23.36,0,0,0,0.0,0.0,0,LOW
XYZ20T102528,2026-07-24,14379.6,83.94,87.29,-0.142,62.64,37.23,0,0,0,0.0,0.0,0,LOW
XYZ20T102545,2026-07-24,24233.7,80.34,86.54,0.325,76.56,40.58,0,0,0,0.0,0.0,0,LOW
XYZ20T102555,2026-07-24,11219.5,88.2,91.84,0.494,67.65,45.9,0,0,0,0.0033,0.3,0,LOW
XYZ20T102557,2026-07-24,22283.3,80.76,85.55,0.267,48.3,33.83,0,0,0,0.0,0.0,0,LOW
XYZ20T102561,2026-07-24,4612.7,84.27,89.12,-0.144,38.76,37.03,0,0,0,0.0,0.0,0,LOW
XYZ20T102562,2026-07-24,356.6,76.36,82.11,-0.085,42.82,30.72,0,0,0,0.0,0.0,0,LOW
XYZ20T102568,2026-07-24,17629.4,82.77,86.02,-0.818,45.03,37.57,0,0,0,0.0,0.0,0,LOW
XYZ20T102572,2026-07-24,8589.7,77.65,83.29,0.061,57.06,28.14,0,0,0,0.0,0.0,0,LOW
XYZ20T102578,2026-07-24,3729.5,81.46,88.22,-0.126,44.1,42.12,0,0,0,0.0,0.0,0,LOW
XYZ20T102582,2026-07-24,11930.1,76.32,79.85,0.034,55.06,31.05,0,0,0,0.0,0.0,0,LOW
XYZ20T102587,2026-07-24,1493.9,90.43,95.69,0.396,67.52,36.3,0,0,0,0.0033,0.3,0,LOW
XYZ20T102591,2026-07-24,17955.1,84.98,90.82,0.352,54.48,39.42,0,0,0,0.0,0.0,0,LOW
XYZ20T102597,2026-07-24,6722.5,80.14,84.66,-0.558,65.28,37.4,0,0,0,0.0,0.0,0,LOW
XYZ20T102600,2026-07-24,1086.7,78.45,84.44,-0.185,64.86,34.88,0,0,0,0.0,0.0,0,LOW
XYZ20T102605,2026-07-24,23242.2,79.61,84.7,0.329,58.26,30.84,0,0,0,0.0,0.0,0,LOW
XYZ20T102622,2026-07-24,1167.3,81.6,88.02,0.15,62.97,28.81,0,0,0,0.0,0.0,0,LOW
XYZ20T102626,2026-07-24,15353.9,86.7,91.71,-0.216,44.6,32.11,0,0,0,0.0,0.0,0,LOW
XYZ20T102629,2026-07-24,11346.9,79.75,86.35,0.084,49.79,29.31,0,0,0,0.0,0.0,0,LOW
XYZ20T102634,2026-07-24,17818.5,85.62,88.78,-0.046,75.91,34.46,0,0,0,0.0,0.0,0,LOW
XYZ20T102639,2026-07-24,17207.3,79.53,85.04,0.039,73.53,36.23,0,0,0,0.0,0.0,0,LOW
XYZ20T102640,2026-07-24,5900.8,85.47,92.4,0.278,56.68,33.31,0,0,0,0.0,0.0,0,LOW
XYZ20T102642,2026-07-24,17130.2,77.74,80.86,-0.379,49.89,36.23,0,0,0,0.0,0.0,0,LOW
XYZ20T102643,2026-07-24,13620.9,82.77,89.23,-1.655,54.18,37.96,0,0,0,0.0,0.0,0,LOW
XYZ20T102649,2026-07-24,16197.2,83.89,90.1,0.008,56.22,34.65,0,0,0,0.0,0.0,0,LOW
XYZ20T102652,2026-07-24,10949.8,77.85,80.97,-2.876,73.43,26.08,0,0,0,0.0,0.0,0,LOW
XYZ20T102669,2026-07-24,9821.9,91.24,99.5,1.747,41.57,33.45,0,0,0,0.7965,79.7,1,CRITICAL
XYZ20T102674,2026-07-24,5730.4,81.52,87.57,-0.221,65.19,28.81,0,0,0,0.0,0.0,0,LOW
XYZ20T102675,2026-07-24,4030.6,85.95,92.92,0.213,54.53,42.28,0,0,0,0.0,0.0,0,LOW
XYZ20T102688,2026-07-24,23362.5,80.46,85.16,-0.241,74.64,32.47,0,0,0,0.0,0.0,0,LOW
XYZ20T102691,2026-07-24,3496.0,73.91,80.12,-0.453,52.3,25.35,0,0,0,0.0,0.0,0,LOW
XYZ20T102694,2026-07-24,10250.6,91.36,102.6,1.275,56.38,26.72,1,1,0,0.4639,46.4,1,MODERATE
XYZ20T102695,2026-07-24,2879.7,81.06,86.81,0.173,50.24,33.35,0,0,0,0.0,0.0,0,LOW
XYZ20T102696,2026-07-24,10400.2,77.67,81.46,-0.387,50.77,29.89,0,0,0,0.0,0.0,0,LOW
XYZ20T102701,2026-07-24,9280.6,98.04,104.98,1.228,77.31,31.59,1,0,1,0.8965,89.7,1,CRITICAL
XYZ20T102703,2026-07-24,18648.4,86.71,90.03,-1.354,55.33,39.6,0,0,0,0.0,0.0,0,LOW
XYZ20T102704,2026-07-24,9289.8,82.86,88.16,-0.136,40.44,31.84,0,0,0,0.0,0.0,0,LOW
XYZ20T102706,2026-07-24,13258.1,82.83,86.62,0.24,75.41,37.86,0,0,0,0.0,0.0,0,LOW
XYZ20T102709,2026-07-24,635.7,84.46,89.46,0.247,61.65,37.07,0,0,0,0.0,0.0,0,LOW
XYZ20T102713,2026-07-24,22009.2,80.85,86.51,-0.062,73.53,31.11,0,0,0,0.0,0.0,0,LOW
XYZ20T102714,2026-07-24,4495.7,82.81,87.05,-1.094,91.46,25.52,0,0,0,0.0,0.0,0,LOW
XYZ20T102716,2026-07-24,17636.1,82.06,87.73,-0.37,66.29,28.71,0,0,0,0.0,0.0,0,LOW
XYZ20T102719,2026-07-24,13401.0,86.68,91.85,-0.387,70.42,34.15,0,0,0,0.0,0.0,0,LOW
XYZ20T102730,2026-07-24,10405.1,82.07,88.97,0.09,57.8,28.93,0,0,0,0.0,0.0,0,LOW
XYZ20T102734,2026-07-24,1001.8,85.71,90.2,-0.014,74.28,43.04,0,0,0,0.0,0.0,0,LOW
XYZ20T102735,2026-07-24,10526.1,86.87,91.18,-0.057,65.26,31.09,0,0,0,0.0,0.0,0,LOW
XYZ20T102745,2026-07-24,20179.9,79.24,84.71,-0.128,61.09,26.31,0,0,0,0.0,0.0,0,LOW
XYZ20T102761,2026-07-24,18439.1,77.93,82.55,0.129,67.61,37.92,0,0,0,0.0,0.0,0,LOW
XYZ20T102763,2026-07-24,16115.8,91.36,98.71,1.087,64.12,25.62,0,0,0,0.2173,21.7,0,LOW
XYZ20T102764,2026-07-24,17049.1,87.91,91.3,0.07,61.98,44.27,0,0,0,0.0,0.0,0,LOW
XYZ20T102770,2026-07-24,11872.4,88.35,93.61,0.482,61.71,37.8,0,0,0,0.0,0.0,0,LOW
XYZ20T102772,2026-07-24,1761.1,82.41,87.24,0.1,68.04,26.83,0,0,0,0.0,0.0,0,LOW
XYZ20T102784,2026-07-24,11396.1,79.63,86.3,-0.026,61.89,27.06,0,0,0,0.0,0.0,0,LOW
XYZ20T102790,2026-07-24,23196.4,85.65,90.36,-0.077,82.9,38.53,0,0,0,0.0,0.0,0,LOW
XYZ20T102791,2026-07-24,6794.0,79.07,84.44,-0.032,36.8,28.53,0,0,0,0.0,0.0,0,LOW
XYZ20T102798,2026-07-24,9828.2,89.53,94.44,-0.218,80.13,25.34,0,0,0,0.0,0.0,0,LOW
XYZ20T102805,2026-07-24,8487.6,83.46,89.05,0.409,62.62,42.45,0,0,0,0.0,0.0,0,LOW
XYZ20T102806,2026-07-24,16343.6,85.86,90.98,0.268,69.91,35.06,0,0,0,0.0,0.0,0,LOW
XYZ20T102814,2026-07-24,3676.5,82.85,89.04,-0.095,62.78,46.63,0,0,0,0.0,0.0,0,LOW
XYZ20T102815,2026-07-24,16699.0,85.36,88.91,-0.38,55.26,30.78,0,0,0,0.0,0.0,0,LOW
XYZ20T102820,2026-07-24,2884.3,83.83,88.15,-0.446,50.15,34.19,0,0,0,0.0,0.0,0,LOW
XYZ20T102825,2026-07-24,13981.8,87.18,95.24,-0.06,59.25,35.29,0,0,0,0.0365,3.6,0,LOW
XYZ20T102833,2026-07-24,14485.1,82.89,88.02,-1.432,62.36,41.75,0,0,0,0.0,0.0,0,LOW
XYZ20T102834,2026-07-24,545.2,94.74,103.33,1.048,66.16,31.92,1,1,0,0.5908,59.1,1,HIGH
XYZ20T102841,2026-07-24,2189.3,86.83,91.16,-0.083,52.57,38.94,0,0,0,0.0,0.0,0,LOW
XYZ20T102845,2026-07-24,14260.9,87.1,93.64,0.101,58.02,46.0,0,0,0,0.0,0.0,0,LOW
XYZ20T102855,2026-07-24,1730.6,87.08,90.46,0.134,73.98,47.96,0,0,0,0.0,0.0,0,LOW
XYZ20T102856,2026-07-24,2646.7,83.69,88.86,0.112,59.93,33.05,0,0,0,0.0,0.0,0,LOW
XYZ20T102885,2026-07-24,8174.2,83.1,86.21,-0.126,65.77,25.77,0,0,0,0.0,0.0,0,LOW
XYZ20T102891,2026-07-24,7848.4,80.96,85.34,0.152,45.7,39.31,0,0,0,0.0,0.0,0,LOW
XYZ20T102896,2026-07-24,965.1,84.12,89.73,-1.444,55.47,47.45,0,0,0,0.0,0.0,0,LOW
XYZ20T102903,2026-07-24,1569.4,82.49,88.3,0.17,43.23,36.5,0,0,0,0.0,0.0,0,LOW
XYZ20T102904,2026-07-24,4164.2,82.06,88.38,0.295,70.54,40.61,0,0,0,0.0,0.0,0,LOW
XYZ20T102907,2026-07-24,4179.0,88.75,93.21,0.195,82.73,33.2,0,0,0,0.0,0.0,0,LOW
XYZ20T102910,2026-07-24,5667.1,83.01,87.46,-0.178,58.34,34.5,0,0,0,0.0,0.0,0,LOW
XYZ20T102912,2026-07-24,3895.2,99.76,107.26,1.666,47.92,45.85,0,0,1,0.9296,93.0,1,CRITICAL
XYZ20T102919,2026-07-24,10901.8,81.36,87.4,-0.33,63.93,33.5,0,0,0,0.0,0.0,0,LOW
XYZ20T102924,2026-07-24,13258.9,89.53,96.49,0.42,63.29,36.93,0,0,0,0.0227,2.3,0,LOW
XYZ20T102929,2026-07-24,7923.7,78.19,84.24,0.363,59.17,31.64,0,0,0,0.0,0.0,0,LOW
XYZ20T102933,2026-07-24,8029.6,81.84,86.52,-1.217,65.06,45.01,0,0,0,0.0,0.0,0,LOW
XYZ20T102934,2026-07-24,5348.4,83.16,86.27,0.232,69.67,41.53,0,0,0,0.0,0.0,0,LOW
XYZ20T102941,2026-07-24,2495.1,85.85,89.55,0.428,75.87,34.88,0,0,0,0.0,0.0,0,LOW
XYZ20T102944,2026-07-24,5964.3,78.38,84.67,-0.247,56.79,32.25,0,0,0,0.0,0.0,0,LOW
XYZ20T102950,2026-07-24,12109.1,82.78,86.54,-0.149,74.59,32.55,0,0,0,0.0,0.0,0,LOW
XYZ20T102956,2026-07-24,12954.3,82.99,86.9,-0.38,58.95,38.29,0,0,0,0.0,0.0,0,LOW
XYZ20T102960,2026-07-24,4036.0,80.15,87.1,-0.536,49.95,25.39,0,0,0,0.0,0.0,0,LOW
XYZ20T102963,2026-07-24,15774.1,81.19,87.73,-0.111,43.3,34.7,0,0,0,0.0,0.0,0,LOW
XYZ20T102974,2026-07-24,16390.1,86.47,91.79,0.177,43.69,41.89,0,0,0,0.0,0.0,0,LOW
XYZ20T102998,2026-07-24,1900.8,78.24,83.4,-0.447,53.31,37.17,0,0,0,0.0,0.0,0,LOW
XYZ20T102999,2026-07-24,6644.4,85.84,92.28,0.016,73.09,38.27,0,0,0,0.0,0.0,0,LOW
XYZ20T103000,2026-07-24,1265.2,82.99,87.91,-0.027,40.57,32.57,0,0,0,0.0,0.0,0,LOW
XYZ20T103005,2026-07-24,1912.1,87.1,92.18,0.087,75.86,32.53,0,0,0,0.0,0.0,0,LOW
XYZ20T103006,2026-07-24,2576.4,82.34,87.53,0.167,68.86,40.37,0,0,0,0.0,0.0,0,LOW
XYZ20T103009,2026-07-24,1579.5,97.0,104.43,1.214,71.79,35.9,1,1,0,0.8094,80.9,1,CRITICAL
XYZ20T103011,2026-07-24,3779.6,80.67,84.79,-0.308,46.9,33.43,0,0,0,0.0,0.0,0,LOW
XYZ20T103017,2026-07-24,8167.5,85.03,89.11,0.054,58.12,28.92,0,0,0,0.0,0.0,0,LOW
XYZ20T103019,2026-07-24,19398.3,80.82,84.86,-0.297,67.95,31.25,0,0,0,0.0,0.0,0,LOW
XYZ20T103021,2026-07-24,11418.0,82.41,86.7,-0.054,61.56,27.66,0,0,0,0.0,0.0,0,LOW
XYZ20T103031,2026-07-24,6477.6,81.74,84.97,0.113,58.95,31.91,0,0,0,0.0,0.0,0,LOW
XYZ20T103039,2026-07-24,19168.8,83.59,86.92,-0.384,48.09,37.1,0,0,0,0.0,0.0,0,LOW
XYZ20T103046,2026-07-24,7188.6,78.84,83.98,-0.064,58.09,32.28,0,0,0,0.0,0.0,0,LOW
XYZ20T103050,2026-07-24,1487.8,85.11,89.46,-0.14,74.35,31.24,0,0,0,0.0,0.0,0,LOW
XYZ20T103052,2026-07-24,14807.9,82.52,90.48,1.103,55.14,27.76,0,0,0,0.0066,0.7,0,LOW
XYZ20T103056,2026-07-24,3830.4,83.29,88.89,0.245,62.12,30.14,0,0,0,0.0,0.0,0,LOW
XYZ20T103059,2026-07-24,15363.3,86.57,91.78,-0.137,58.28,33.44,0,0,0,0.0,0.0,0,LOW
XYZ20T103061,2026-07-24,7227.7,80.4,83.85,0.126,68.86,35.66,0,0,0,0.0,0.0,0,LOW
XYZ20T103065,2026-07-24,11450.5,89.93,93.49,0.403,80.24,35.47,0,0,0,0.0,0.0,0,LOW
XYZ20T103073,2026-07-24,6913.3,76.13,81.28,-0.382,46.53,40.52,0,0,0,0.0,0.0,0,LOW
XYZ20T103077,2026-07-24,13396.3,78.91,84.7,-0.372,43.65,30.64,0,0,0,0.0,0.0,0,LOW
XYZ20T103080,2026-07-24,4603.4,80.36,87.19,0.393,50.24,42.36,0,0,0,0.0,0.0,0,LOW
XYZ20T103081,2026-07-24,14361.8,86.74,95.18,1.033,59.42,27.69,0,0,0,0.5314,53.1,1,HIGH
XYZ20T103084,2026-07-24,24982.4,83.86,88.3,0.174,74.37,27.97,0,0,0,0.0,0.0,0,LOW
XYZ20T103090,2026-07-24,4962.4,87.24,93.47,0.304,71.95,29.42,0,0,0,0.0,0.0,0,LOW
XYZ20T103091,2026-07-24,11062.9,80.03,86.63,0.384,44.99,38.6,0,0,0,0.0,0.0,0,LOW
XYZ20T103092,2026-07-24,13264.8,81.28,87.36,0.273,90.94,33.18,0,0,0,0.0,0.0,0,LOW
XYZ20T103101,2026-07-24,22669.8,81.96,89.64,-0.136,33.73,33.19,0,0,0,0.0,0.0,0,LOW
XYZ20T103103,2026-07-24,1003.4,82.56,86.06,-0.238,72.66,25.51,0,0,0,0.0,0.0,0,LOW
XYZ20T103112,2026-07-24,12586.4,83.02,89.68,0.392,69.85,36.8,0,0,0,0.0,0.0,0,LOW
XYZ20T103115,2026-07-24,5175.4,88.23,93.77,0.741,56.31,35.07,0,1,0,0.0418,4.2,0,LOW
XYZ20T103116,2026-07-24,17300.2,84.05,90.31,-1.519,80.89,31.74,0,0,0,0.0,0.0,0,LOW
XYZ20T103122,2026-07-24,3106.6,83.65,88.69,-2.075,53.75,31.89,0,0,0,0.0,0.0,0,LOW
XYZ20T103123,2026-07-24,6025.8,80.87,86.11,-0.121,49.31,36.12,0,0,0,0.0,0.0,0,LOW
XYZ20T103140,2026-07-24,12650.6,81.92,87.71,0.363,61.78,34.23,0,0,0,0.0,0.0,0,LOW
XYZ20T103159,2026-07-24,3348.7,81.22,87.68,-0.119,52.88,31.83,0,0,0,0.0,0.0,0,LOW
XYZ20T103161,2026-07-24,5072.5,88.61,92.4,-0.01,72.79,36.7,0,0,0,0.0,0.0,0,LOW
XYZ20T103165,2026-07-24,13121.9,84.67,90.5,-0.102,66.97,40.63,0,0,0,0.0,0.0,0,LOW
XYZ20T103166,2026-07-24,4742.7,82.61,86.28,-0.485,41.58,30.05,0,0,0,0.0,0.0,0,LOW
XYZ20T103168,2026-07-24,13255.1,82.27,88.67,-0.048,45.75,42.3,0,0,0,0.0,0.0,0,LOW
XYZ20T103169,2026-07-24,4678.2,78.58,84.16,-0.391,53.96,21.25,0,0,0,0.0,0.0,0,LOW
XYZ20T103189,2026-07-24,13796.1,82.92,86.24,-0.284,55.57,35.97,0,0,0,0.0,0.0,0,LOW
XYZ20T103192,2026-07-24,14217.5,86.21,89.69,-0.163,65.26,37.73,0,0,0,0.0,0.0,0,LOW
XYZ20T103197,2026-07-24,12461.7,81.85,87.33,-0.142,67.88,34.01,0,0,0,0.0,0.0,0,LOW
XYZ20T100001,2026-07-25,15362.5,88.88,92.41,0.468,84.17,36.63,0,0,0,0.0,0.0,0,LOW
XYZ20T100015,2026-07-25,9045.2,81.21,85.01,-0.049,54.86,25.85,0,0,0,0.0,0.0,0,LOW
XYZ20T100025,2026-07-25,2845.8,75.21,78.41,0.039,51.77,20.0,0,0,0,0.0,0.0,0,LOW
XYZ20T100032,2026-07-25,11085.4,84.32,89.59,0.557,55.5,27.64,0,0,0,0.0,0.0,0,LOW
XYZ20T100034,2026-07-25,7093.3,83.34,88.31,-0.487,45.33,37.0,0,0,0,0.0,0.0,0,LOW
XYZ20T100046,2026-07-25,4840.2,86.38,89.82,-0.191,59.16,33.42,0,0,0,0.0,0.0,0,LOW
XYZ20T100047,2026-07-25,2890.3,83.14,88.83,-0.045,43.35,27.75,0,0,0,0.0,0.0,0,LOW
XYZ20T100053,2026-07-25,13015.5,81.63,87.41,0.012,65.43,41.22,0,0,0,0.0,0.0,0,LOW
XYZ20T100054,2026-07-25,13732.5,81.11,87.27,0.374,74.39,35.11,0,0,0,0.0,0.0,0,LOW
XYZ20T100056,2026-07-25,15428.7,81.14,87.33,-1.259,71.08,26.79,0,0,0,0.0,0.0,0,LOW
XYZ20T100066,2026-07-25,10059.1,78.62,83.15,-0.533,67.77,28.21,0,0,0,0.0,0.0,0,LOW
XYZ20T100070,2026-07-25,12474.9,79.76,83.64,-0.074,64.04,31.77,0,0,0,0.0,0.0,0,LOW
XYZ20T100076,2026-07-25,4641.4,80.75,87.09,0.2,52.2,36.23,0,0,0,0.0,0.0,0,LOW
XYZ20T100083,2026-07-25,8328.7,79.68,83.07,-0.608,43.35,32.42,0,0,0,0.0,0.0,0,LOW
XYZ20T100091,2026-07-25,12952.2,78.55,84.47,-0.076,75.46,28.04,0,0,0,0.0,0.0,0,LOW
XYZ20T100096,2026-07-25,2049.8,80.6,84.95,0.571,54.48,40.94,0,0,0,0.0,0.0,0,LOW
XYZ20T100105,2026-07-25,8047.6,82.48,86.59,0.033,64.24,33.04,0,0,0,0.0,0.0,0,LOW
XYZ20T100110,2026-07-25,7749.7,90.66,98.43,1.504,39.91,41.18,0,1,0,0.8389,83.9,1,CRITICAL
XYZ20T100112,2026-07-25,14504.9,82.99,88.08,-0.068,62.96,31.73,0,0,0,0.0,0.0,0,LOW
XYZ20T100128,2026-07-25,13678.3,76.75,82.04,-0.55,41.58,32.76,0,0,0,0.0,0.0,0,LOW
XYZ20T100138,2026-07-25,9707.7,83.37,88.25,-0.296,63.56,30.71,0,0,0,0.0,0.0,0,LOW
XYZ20T100143,2026-07-25,3763.6,86.96,91.34,0.157,57.37,34.53,0,0,0,0.0,0.0,0,LOW
XYZ20T100145,2026-07-25,9341.0,80.14,86.9,-0.049,57.55,35.44,0,0,0,0.0,0.0,0,LOW
XYZ20T100148,2026-07-25,3749.7,86.08,90.85,-0.083,60.13,44.05,0,0,0,0.0,0.0,0,LOW
XYZ20T100153,2026-07-25,14630.0,74.89,81.59,-0.141,42.76,31.94,0,0,0,0.0,0.0,0,LOW
XYZ20T100156,2026-07-25,4793.5,87.58,93.97,0.156,63.28,38.57,0,0,0,0.0,0.0,0,LOW
XYZ20T100166,2026-07-25,2948.1,78.34,82.9,0.365,63.6,29.28,0,0,0,0.0,0.0,0,LOW
XYZ20T100174,2026-07-25,23576.2,80.9,86.33,-0.399,60.23,30.57,0,0,0,0.0,0.0,0,LOW
XYZ20T100177,2026-07-25,1223.4,83.7,88.62,-0.063,56.86,39.26,0,0,0,0.0,0.0,0,LOW
XYZ20T100178,2026-07-25,20716.5,82.6,88.46,-0.337,55.41,33.53,0,0,0,0.0,0.0,0,LOW
XYZ20T100179,2026-07-25,1397.3,86.67,91.86,0.464,52.16,33.25,0,0,0,0.0,0.0,0,LOW
XYZ20T100181,2026-07-25,19359.0,86.07,90.1,0.009,73.68,37.29,0,0,0,0.0,0.0,0,LOW
XYZ20T100182,2026-07-25,18677.2,82.97,88.83,-0.445,62.4,28.59,0,0,0,0.0,0.0,0,LOW
XYZ20T100187,2026-07-25,15029.5,82.38,87.54,-0.007,65.69,34.32,0,0,0,0.0,0.0,0,LOW
XYZ20T100188,2026-07-25,16472.0,85.05,91.2,0.179,87.07,33.49,0,0,0,0.0,0.0,0,LOW
XYZ20T100192,2026-07-25,21523.7,86.38,92.43,0.095,58.06,32.66,0,0,0,0.0,0.0,0,LOW
XYZ20T100196,2026-07-25,3860.4,81.49,84.6,-0.185,67.25,32.93,0,0,0,0.0,0.0,0,LOW
XYZ20T100198,2026-07-25,1921.6,80.62,84.22,0.187,66.99,33.52,0,0,0,0.0,0.0,0,LOW
XYZ20T100200,2026-07-25,4172.8,83.85,90.49,-0.205,43.43,30.63,0,0,0,0.0,0.0,0,LOW
XYZ20T100207,2026-07-25,6931.7,78.29,83.84,0.181,53.58,27.65,0,0,0,0.0,0.0,0,LOW
XYZ20T100215,2026-07-25,7360.4,85.85,89.14,0.386,65.73,35.66,0,0,0,0.0,0.0,0,LOW
XYZ20T100243,2026-07-25,8632.7,79.43,82.98,0.022,62.23,27.45,0,0,0,0.0,0.0,0,LOW
XYZ20T100244,2026-07-25,3416.3,81.59,85.75,0.111,70.87,31.44,0,0,0,0.0,0.0,0,LOW
XYZ20T100250,2026-07-25,7193.7,78.55,82.49,-0.229,80.09,32.69,0,0,0,0.0,0.0,0,LOW
XYZ20T100255,2026-07-25,4807.0,80.39,86.32,-0.391,59.05,37.21,0,0,0,0.0,0.0,0,LOW
XYZ20T100258,2026-07-25,9530.1,83.6,88.82,0.122,87.52,25.49,0,0,0,0.0,0.0,0,LOW
XYZ20T100260,2026-07-25,15863.4,85.59,89.71,0.002,76.05,30.08,0,0,0,0.0,0.0,0,LOW
XYZ20T100261,2026-07-25,16399.9,84.57,88.09,-0.005,71.63,20.35,0,0,0,0.0,0.0,0,LOW
XYZ20T100270,2026-07-25,6115.6,81.69,87.55,-0.112,68.58,35.7,0,0,0,0.0,0.0,0,LOW
XYZ20T100274,2026-07-25,7528.5,82.65,85.97,0.515,52.22,28.79,0,0,0,0.0,0.0,0,LOW
XYZ20T100293,2026-07-25,4548.5,78.06,82.88,-0.338,83.17,29.31,0,0,0,0.0,0.0,0,LOW
XYZ20T100295,2026-07-25,845.6,80.64,85.8,-0.115,55.92,29.7,0,0,0,0.0,0.0,0,LOW
XYZ20T100299,2026-07-25,19930.4,87.46,91.6,-0.043,73.82,31.79,0,0,0,0.0,0.0,0,LOW
XYZ20T100301,2026-07-25,18815.0,78.55,83.67,0.216,58.08,25.32,0,0,0,0.0,0.0,0,LOW
XYZ20T100303,2026-07-25,24958.5,78.63,83.32,0.101,62.43,34.09,0,0,0,0.0,0.0,0,LOW
XYZ20T100304,2026-07-25,11075.6,86.41,89.88,0.152,61.63,41.28,0,0,0,0.0,0.0,0,LOW
XYZ20T100306,2026-07-25,12533.9,88.84,92.35,0.028,75.35,39.54,0,0,0,0.0,0.0,0,LOW
XYZ20T100320,2026-07-25,851.1,78.66,85.35,-0.231,44.53,31.8,0,0,0,0.0,0.0,0,LOW
XYZ20T100324,2026-07-25,13046.7,86.03,89.1,0.202,68.05,35.49,0,0,0,0.0,0.0,0,LOW
XYZ20T100327,2026-07-25,1755.4,85.1,93.91,1.209,35.39,32.83,0,0,0,0.1258,12.6,0,LOW
XYZ20T100328,2026-07-25,17312.5,83.51,88.61,0.226,54.85,33.72,0,0,0,0.0,0.0,0,LOW
XYZ20T100329,2026-07-25,3405.8,81.7,85.23,-0.217,73.92,29.92,0,0,0,0.0,0.0,0,LOW
XYZ20T100331,2026-07-25,24946.2,82.79,86.79,-0.312,57.52,24.47,0,0,0,0.0,0.0,0,LOW
XYZ20T100332,2026-07-25,24952.7,82.71,85.82,-0.31,59.07,36.73,0,0,0,0.0,0.0,0,LOW
XYZ20T100338,2026-07-25,6559.1,80.17,86.45,0.43,53.6,35.03,0,0,0,0.0,0.0,0,LOW
XYZ20T100339,2026-07-25,2990.3,86.58,91.07,0.235,55.57,29.83,0,0,0,0.0,0.0,0,LOW
XYZ20T100350,2026-07-25,10930.5,85.36,89.43,0.479,60.06,29.06,0,0,0,0.0,0.0,0,LOW
XYZ20T100361,2026-07-25,17486.3,80.38,86.32,-0.075,47.25,29.98,0,0,0,0.0,0.0,0,LOW
XYZ20T100371,2026-07-25,10203.1,82.91,88.81,-2.049,56.15,36.23,0,0,0,0.0,0.0,0,LOW
XYZ20T100373,2026-07-25,13780.4,90.02,102.34,1.354,60.84,40.8,1,1,0,0.9436,94.4,1,CRITICAL
XYZ20T100377,2026-07-25,12337.3,85.3,88.59,0.193,51.16,27.58,0,0,0,0.0,0.0,0,LOW
XYZ20T100379,2026-07-25,8524.4,88.95,95.58,1.237,77.15,33.06,0,0,0,0.4212,42.1,1,MODERATE
XYZ20T100380,2026-07-25,7605.7,80.37,85.07,0.306,56.22,40.06,0,0,0,0.0,0.0,0,LOW
XYZ20T100382,2026-07-25,12297.8,83.33,89.36,-1.585,67.46,34.04,0,0,0,0.0,0.0,0,LOW
XYZ20T100392,2026-07-25,15121.3,81.13,86.99,-1.355,70.19,30.57,0,0,0,0.0,0.0,0,LOW
XYZ20T100399,2026-07-25,4740.3,78.95,84.27,0.22,72.01,32.3,0,0,0,0.0,0.0,0,LOW
XYZ20T100401,2026-07-25,10781.0,87.58,91.01,-2.043,66.04,39.13,0,0,0,0.0,0.0,0,LOW
XYZ20T100412,2026-07-25,2053.4,89.33,98.19,1.109,44.73,32.21,0,1,0,0.8274,82.7,1,CRITICAL
XYZ20T100416,2026-07-25,2971.0,77.19,80.95,-0.261,41.65,25.58,0,0,0,0.0,0.0,0,LOW
XYZ20T100418,2026-07-25,7523.2,82.07,88.67,-2.007,60.07,38.4,0,0,0,0.0,0.0,0,LOW
XYZ20T100419,2026-07-25,7552.7,89.29,95.65,-1.835,71.93,40.4,0,0,0,0.0,0.0,0,LOW
XYZ20T100424,2026-07-25,16376.5,80.97,84.42,0.154,70.94,40.12,0,0,0,0.0,0.0,0,LOW
XYZ20T100427,2026-07-25,1736.8,84.29,89.58,-0.218,49.81,27.23,0,0,0,0.0,0.0,0,LOW
XYZ20T100430,2026-07-25,13617.3,80.73,86.09,-0.259,62.88,34.53,0,0,0,0.0,0.0,0,LOW
XYZ20T100432,2026-07-25,734.2,86.33,89.43,-0.394,41.18,40.82,0,0,0,0.0,0.0,0,LOW
XYZ20T100436,2026-07-25,3892.1,85.4,93.06,-0.826,53.75,45.17,0,0,0,0.0,0.0,0,LOW
XYZ20T100440,2026-07-25,15453.0,79.58,83.91,-0.06,55.38,27.49,0,0,0,0.0,0.0,0,LOW
XYZ20T100447,2026-07-25,7049.7,89.34,93.28,-0.041,76.0,33.97,0,0,0,0.0,0.0,0,LOW
XYZ20T100449,2026-07-25,12547.0,80.96,84.32,-0.104,63.95,34.55,0,0,0,0.0,0.0,0,LOW
XYZ20T100450,2026-07-25,6628.3,83.32,86.77,0.224,59.5,38.07,0,0,0,0.0,0.0,0,LOW
XYZ20T100452,2026-07-25,10034.2,88.37,92.01,-1.232,66.81,35.28,0,0,0,0.0,0.0,0,LOW
XYZ20T100457,2026-07-25,5004.2,78.8,84.83,-0.186,64.4,39.55,0,0,0,0.0,0.0,0,LOW
XYZ20T100458,2026-07-25,4148.2,85.87,94.04,1.17,66.17,46.18,0,0,0,0.1446,14.5,0,LOW
XYZ20T100462,2026-07-25,4299.7,88.23,93.89,0.238,62.69,33.65,0,0,0,0.0032,0.3,0,LOW
XYZ20T100468,2026-07-25,7063.7,86.09,89.75,0.345,55.48,24.15,0,0,0,0.0,0.0,0,LOW
XYZ20T100469,2026-07-25,8331.2,84.6,91.17,0.234,55.71,39.64,0,0,0,0.0,0.0,0,LOW
XYZ20T100475,2026-07-25,14628.4,96.63,104.58,1.533,42.02,36.38,0,1,0,0.7337,73.4,1,HIGH
XYZ20T100477,2026-07-25,5626.6,80.33,87.33,0.061,44.33,48.0,0,0,0,0.0,0.0,0,LOW
XYZ20T100483,2026-07-25,22539.6,81.19,87.89,-0.637,39.63,21.32,0,0,0,0.0,0.0,0,LOW
XYZ20T100491,2026-07-25,8923.8,75.38,82.23,-0.316,43.21,32.02,0,0,0,0.0,0.0,0,LOW
XYZ20T100498,2026-07-25,24958.8,86.8,90.19,-0.069,40.56,42.57,0,0,0,0.0,0.0,0,LOW
XYZ20T100499,2026-07-25,15820.3,80.29,83.74,-0.017,48.69,36.33,0,0,0,0.0,0.0,0,LOW
XYZ20T100500,2026-07-25,1507.5,83.33,88.21,-0.451,40.3,38.98,0,0,0,0.0,0.0,0,LOW
XYZ20T100503,2026-07-25,11209.3,78.86,85.43,0.084,61.96,35.36,0,0,0,0.0,0.0,0,LOW
XYZ20T100507,2026-07-25,5593.9,80.88,85.32,0.103,59.85,39.93,0,0,0,0.0,0.0,0,LOW
XYZ20T100517,2026-07-25,7980.6,84.07,87.14,0.148,62.97,38.42,0,0,0,0.0,0.0,0,LOW
XYZ20T100528,2026-07-25,15123.3,81.51,87.07,-0.015,69.81,27.45,0,0,0,0.0,0.0,0,LOW
XYZ20T100529,2026-07-25,16327.6,83.02,87.88,0.003,58.68,41.36,0,0,0,0.0,0.0,0,LOW
XYZ20T100533,2026-07-25,1974.6,82.73,87.48,-0.528,66.54,31.51,0,0,0,0.0,0.0,0,LOW
XYZ20T100537,2026-07-25,23249.7,87.09,96.96,0.537,62.54,23.46,0,1,0,0.0725,7.3,0,LOW
XYZ20T100541,2026-07-25,13098.9,89.1,96.18,1.528,83.52,33.18,0,0,0,0.7295,73.0,1,HIGH
XYZ20T100551,2026-07-25,13030.6,80.27,83.93,0.395,61.42,31.06,0,0,0,0.0,0.0,0,LOW
XYZ20T100552,2026-07-25,3494.9,77.26,83.33,-0.099,28.47,28.26,0,0,0,0.0,0.0,0,LOW
XYZ20T100556,2026-07-25,11110.4,83.75,87.81,0.053,78.6,30.97,0,0,0,0.0,0.0,0,LOW
XYZ20T100557,2026-07-25,8906.0,88.72,93.28,0.318,57.56,30.14,0,0,0,0.0,0.0,0,LOW
XYZ20T100560,2026-07-25,842.0,78.36,84.02,-0.21,58.56,31.66,0,0,0,0.0,0.0,0,LOW
XYZ20T100569,2026-07-25,9691.8,81.28,87.5,0.243,71.52,36.2,0,0,0,0.0,0.0,0,LOW
XYZ20T100573,2026-07-25,2660.3,80.21,85.85,-0.833,65.44,39.59,0,0,0,0.0,0.0,0,LOW
XYZ20T100580,2026-07-25,7006.7,81.64,85.7,-0.561,47.04,37.3,0,0,0,0.0,0.0,0,LOW
XYZ20T100581,2026-07-25,11340.3,82.72,87.6,0.122,43.28,28.63,0,0,0,0.0,0.0,0,LOW
XYZ20T100583,2026-07-25,14386.0,88.2,93.01,0.227,65.07,30.53,0,0,0,0.0,0.0,0,LOW
XYZ20T100586,2026-07-25,11247.8,80.85,87.64,-0.437,40.57,39.7,0,0,0,0.0,0.0,0,LOW
XYZ20T100591,2026-07-25,14055.5,88.1,93.53,-0.022,50.96,29.74,0,0,0,0.0,0.0,0,LOW
XYZ20T100592,2026-07-25,24170.1,87.13,93.12,-0.128,77.3,36.21,0,0,0,0.0033,0.3,0,LOW
XYZ20T100594,2026-07-25,12445.9,84.04,87.64,0.299,70.98,29.25,0,0,0,0.0,0.0,0,LOW
XYZ20T100595,2026-07-25,8010.6,81.49,85.36,-0.378,49.24,31.35,0,0,0,0.0,0.0,0,LOW
XYZ20T100597,2026-07-25,2522.7,84.71,90.91,0.528,77.56,32.15,0,0,0,0.0032,0.3,0,LOW
XYZ20T100600,2026-07-25,19887.3,81.56,86.57,0.416,66.26,28.19,0,0,0,0.0,0.0,0,LOW
XYZ20T100604,2026-07-25,4281.2,87.97,97.82,1.16,41.79,34.22,1,0,1,0.6826,68.3,1,HIGH
XYZ20T100610,2026-07-25,18863.2,80.67,85.68,-0.412,67.29,33.12,0,0,0,0.0,0.0,0,LOW
XYZ20T100621,2026-07-25,8453.6,87.59,94.28,0.031,65.18,34.63,0,0,0,0.0,0.0,0,LOW
XYZ20T100624,2026-07-25,5338.4,81.36,87.01,-0.383,59.27,32.93,0,0,0,0.0,0.0,0,LOW
XYZ20T100625,2026-07-25,7033.9,86.29,91.17,-0.156,65.18,34.18,0,0,0,0.0,0.0,0,LOW
XYZ20T100630,2026-07-25,6239.8,83.15,87.77,-0.029,70.08,37.78,0,0,0,0.0,0.0,0,LOW
XYZ20T100633,2026-07-25,2801.4,78.0,83.11,-0.363,53.45,38.94,0,0,0,0.0,0.0,0,LOW
XYZ20T100636,2026-07-25,13081.5,80.65,85.92,-0.504,65.34,30.68,0,0,0,0.0,0.0,0,LOW
XYZ20T100641,2026-07-25,14892.7,86.9,91.88,0.059,62.58,33.34,0,0,0,0.0,0.0,0,LOW
XYZ20T100643,2026-07-25,4259.3,82.78,88.56,0.272,55.24,39.0,0,0,0,0.0,0.0,0,LOW
XYZ20T100652,2026-07-25,617.6,85.63,91.69,-0.001,74.35,35.16,0,0,0,0.0,0.0,0,LOW
XYZ20T100656,2026-07-25,15916.7,82.81,89.13,0.127,46.71,28.99,0,0,0,0.0,0.0,0,LOW
XYZ20T100662,2026-07-25,17180.8,84.73,88.12,-0.168,69.44,31.0,0,0,0,0.0,0.0,0,LOW
XYZ20T100675,2026-07-25,10063.7,82.3,88.93,-0.908,46.28,31.03,0,0,0,0.0,0.0,0,LOW
XYZ20T100676,2026-07-25,18306.9,85.55,92.52,0.571,61.52,35.05,0,0,0,0.0,0.0,0,LOW
XYZ20T100684,2026-07-25,5688.8,78.02,82.33,-0.222,63.65,30.39,0,0,0,0.0,0.0,0,LOW
XYZ20T100685,2026-07-25,1636.2,81.36,84.63,-0.003,46.46,38.47,0,0,0,0.0,0.0,0,LOW
XYZ20T100704,2026-07-25,8818.5,78.09,82.8,0.051,50.39,25.26,0,0,0,0.0,0.0,0,LOW
XYZ20T100712,2026-07-25,515.1,85.33,91.09,0.26,40.68,33.91,0,0,0,0.0,0.0,0,LOW
XYZ20T100714,2026-07-25,19087.4,83.84,89.15,-0.128,54.55,31.33,0,0,0,0.0,0.0,0,LOW
XYZ20T100716,2026-07-25,6076.0,80.59,87.36,0.225,60.26,32.76,0,0,0,0.0,0.0,0,LOW
XYZ20T100724,2026-07-25,4594.7,76.74,81.31,-0.446,47.49,30.53,0,0,0,0.0,0.0,0,LOW
XYZ20T100726,2026-07-25,6383.4,85.02,91.45,0.022,50.45,37.97,0,0,0,0.0,0.0,0,LOW
XYZ20T100730,2026-07-25,5779.2,85.52,89.53,0.484,66.03,33.68,0,0,0,0.0,0.0,0,LOW
XYZ20T100740,2026-07-25,12427.7,83.57,87.96,-0.261,49.29,27.55,0,0,0,0.0,0.0,0,LOW
XYZ20T100747,2026-07-25,1649.6,79.84,83.42,-0.049,73.33,35.27,0,0,0,0.0,0.0,0,LOW
XYZ20T100759,2026-07-25,11464.9,92.8,100.09,1.066,46.96,31.64,1,0,0,0.8359,83.6,1,CRITICAL
XYZ20T100764,2026-07-25,19243.7,86.17,91.64,0.574,62.52,36.6,0,0,0,0.0,0.0,0,LOW
XYZ20T100766,2026-07-25,19766.9,82.94,89.93,0.192,85.4,37.88,0,0,0,0.0,0.0,0,LOW
XYZ20T100773,2026-07-25,16946.8,82.51,88.29,0.864,68.03,42.67,0,0,0,0.0,0.0,0,LOW
XYZ20T100778,2026-07-25,890.6,81.89,87.21,0.007,53.26,35.95,0,0,0,0.0,0.0,0,LOW
XYZ20T100781,2026-07-25,15843.6,79.69,83.83,-0.083,60.63,35.9,0,0,0,0.0,0.0,0,LOW
XYZ20T100793,2026-07-25,24892.7,77.14,82.19,0.019,47.33,37.76,0,0,0,0.0,0.0,0,LOW
XYZ20T100796,2026-07-25,9727.9,86.7,90.04,-0.207,49.13,36.54,0,0,0,0.0,0.0,0,LOW
XYZ20T100809,2026-07-25,6296.1,81.03,86.67,0.04,67.3,39.5,0,0,0,0.0,0.0,0,LOW
XYZ20T100826,2026-07-25,17636.0,78.55,82.44,-0.144,63.84,38.06,0,0,0,0.0,0.0,0,LOW
XYZ20T100827,2026-07-25,9972.5,85.54,91.54,-0.219,70.37,28.33,0,0,0,0.0,0.0,0,LOW
XYZ20T100829,2026-07-25,15086.3,86.85,92.53,-1.56,69.44,37.1,0,0,0,0.0,0.0,0,LOW
XYZ20T100832,2026-07-25,16793.1,82.58,87.82,-0.018,45.14,34.8,0,0,0,0.0,0.0,0,LOW
XYZ20T100833,2026-07-25,3838.5,97.96,108.78,1.035,72.38,30.76,0,1,0,0.9352,93.5,1,CRITICAL
XYZ20T100840,2026-07-25,11023.6,86.13,92.97,0.297,60.99,40.41,0,0,0,0.0,0.0,0,LOW
XYZ20T100844,2026-07-25,2987.3,86.07,91.48,0.102,48.01,38.81,0,0,0,0.0,0.0,0,LOW
XYZ20T100848,2026-07-25,12955.9,77.01,81.61,-0.513,44.38,28.02,0,0,0,0.0,0.0,0,LOW
XYZ20T100849,2026-07-25,10636.5,82.0,87.82,-0.056,88.36,29.01,0,0,0,0.0,0.0,0,LOW
XYZ20T100851,2026-07-25,22394.8,79.08,84.9,-0.014,58.41,35.94,0,0,0,0.0,0.0,0,LOW
XYZ20T100856,2026-07-25,20166.2,81.32,86.55,-0.191,68.04,25.1,0,0,0,0.0,0.0,0,LOW
XYZ20T100858,2026-07-25,2989.4,86.38,92.95,-0.01,69.85,27.43,0,0,0,0.0,0.0,0,LOW
XYZ20T100868,2026-07-25,21234.2,92.4,101.21,0.96,65.13,38.48,0,1,0,0.5869,58.7,1,HIGH
XYZ20T100869,2026-07-25,4306.6,87.45,94.02,-0.135,77.43,28.89,0,0,0,0.0,0.0,0,LOW
XYZ20T100871,2026-07-25,8879.0,80.42,84.46,-0.105,51.68,38.2,0,0,0,0.0,0.0,0,LOW
XYZ20T100877,2026-07-25,17875.7,83.51,88.81,-0.199,65.82,36.67,0,0,0,0.0,0.0,0,LOW
XYZ20T100879,2026-07-25,9849.3,85.76,94.87,0.731,72.08,28.62,0,0,0,0.0714,7.1,0,LOW
XYZ20T100881,2026-07-25,11874.2,85.63,89.4,0.1,57.49,34.88,0,0,0,0.0,0.0,0,LOW
XYZ20T100884,2026-07-25,5736.2,87.48,92.45,-0.719,76.8,23.51,0,0,0,0.0,0.0,0,LOW
XYZ20T100899,2026-07-25,10293.2,80.26,84.78,-0.276,48.08,33.35,0,0,0,0.0,0.0,0,LOW
XYZ20T100901,2026-07-25,6510.5,79.69,85.05,-0.959,69.53,36.07,0,0,0,0.0,0.0,0,LOW
XYZ20T100902,2026-07-25,22444.7,77.53,83.59,-0.303,54.6,36.01,0,0,0,0.0,0.0,0,LOW
XYZ20T100907,2026-07-25,14891.7,81.21,87.8,-0.041,45.45,29.05,0,0,0,0.0,0.0,0,LOW
XYZ20T100908,2026-07-25,1947.0,86.89,94.26,0.838,79.32,25.36,1,0,1,0.0798,8.0,0,LOW
XYZ20T100911,2026-07-25,2944.7,89.41,94.59,0.246,83.31,32.99,0,0,0,0.0,0.0,0,LOW
XYZ20T100915,2026-07-25,7660.1,80.65,84.73,-1.955,40.62,31.57,0,0,0,0.0,0.0,0,LOW
XYZ20T100919,2026-07-25,9545.9,82.96,86.12,0.179,73.37,39.47,0,0,0,0.0,0.0,0,LOW
XYZ20T100924,2026-07-25,13778.2,85.7,89.95,-0.191,62.3,27.24,0,0,0,0.0,0.0,0,LOW
XYZ20T100926,2026-07-25,18315.6,82.11,86.66,-0.25,66.11,33.33,0,0,0,0.0,0.0,0,LOW
XYZ20T100934,2026-07-25,4659.2,77.39,83.92,-0.478,40.55,30.95,0,0,0,0.0,0.0,0,LOW
XYZ20T100947,2026-07-25,3937.4,85.52,89.54,-1.818,78.21,35.13,0,0,0,0.0,0.0,0,LOW
XYZ20T100976,2026-07-25,2124.0,78.31,84.88,0.175,43.99,36.9,0,0,0,0.0,0.0,0,LOW
XYZ20T100978,2026-07-25,17582.4,85.25,90.73,-0.03,69.67,25.19,0,0,0,0.0,0.0,0,LOW
XYZ20T100986,2026-07-25,5235.6,83.79,88.88,0.572,69.1,41.13,0,0,0,0.0,0.0,0,LOW
XYZ20T100988,2026-07-25,12949.6,83.13,89.23,0.647,60.92,33.14,0,0,0,0.0,0.0,0,LOW
XYZ20T100989,2026-07-25,4865.6,85.61,91.69,0.043,48.55,44.47,0,0,0,0.0,0.0,0,LOW
XYZ20T100991,2026-07-25,4700.3,83.98,90.53,0.011,59.58,37.58,0,0,0,0.0,0.0,0,LOW
XYZ20T100992,2026-07-25,3485.8,79.31,84.78,-1.019,58.78,26.57,0,0,0,0.0,0.0,0,LOW
XYZ20T100993,2026-07-25,3024.8,80.59,85.35,0.358,62.27,37.18,0,0,0,0.0,0.0,0,LOW
XYZ20T100999,2026-07-25,5774.8,81.63,84.85,0.522,39.66,40.67,0,0,0,0.0,0.0,0,LOW
XYZ20T101011,2026-07-25,4049.1,87.43,92.84,-0.026,69.42,35.5,0,0,0,0.0,0.0,0,LOW
XYZ20T101013,2026-07-25,8750.9,82.36,87.81,0.15,53.94,38.37,0,0,0,0.0,0.0,0,LOW
XYZ20T101017,2026-07-25,15795.9,82.98,89.64,-0.642,75.79,29.06,0,0,0,0.0,0.0,0,LOW
XYZ20T101030,2026-07-25,14485.8,83.74,91.35,-0.65,48.42,37.12,0,0,0,0.0,0.0,0,LOW
XYZ20T101041,2026-07-25,11141.1,89.29,93.19,0.268,57.84,40.18,0,0,0,0.0,0.0,0,LOW
XYZ20T101067,2026-07-25,4430.2,93.95,105.16,1.819,60.61,33.49,1,1,0,0.2924,29.2,0,LOW
XYZ20T101069,2026-07-25,20699.7,88.32,91.93,0.162,56.75,36.78,0,0,0,0.0,0.0,0,LOW
XYZ20T101070,2026-07-25,852.0,95.26,104.64,1.639,62.42,41.05,0,0,0,0.8868,88.7,1,CRITICAL
XYZ20T101080,2026-07-25,2810.7,79.9,83.49,-0.208,61.41,41.04,0,0,0,0.0,0.0,0,LOW
XYZ20T101090,2026-07-25,958.6,84.55,90.88,-0.071,37.45,34.06,0,0,0,0.0,0.0,0,LOW
XYZ20T101094,2026-07-25,13431.8,79.4,82.75,-0.34,63.34,35.82,0,0,0,0.0,0.0,0,LOW
XYZ20T101096,2026-07-25,2510.1,86.09,91.3,0.005,78.61,37.15,0,0,0,0.0,0.0,0,LOW
XYZ20T101100,2026-07-25,5653.0,85.45,91.94,-0.783,59.53,20.79,0,0,0,0.0033,0.3,0,LOW
XYZ20T101102,2026-07-25,24940.8,78.7,84.21,-0.524,70.71,21.76,0,0,0,0.0,0.0,0,LOW
XYZ20T101107,2026-07-25,15888.5,78.74,85.12,0.015,68.12,34.06,0,0,0,0.0,0.0,0,LOW
XYZ20T101112,2026-07-25,5916.0,78.49,82.18,-1.453,43.51,33.05,0,0,0,0.0,0.0,0,LOW
XYZ20T101117,2026-07-25,3133.7,85.65,89.72,0.161,30.03,36.52,0,0,0,0.0,0.0,0,LOW
XYZ20T101120,2026-07-25,12952.4,85.86,92.79,0.181,46.91,29.12,0,0,0,0.0,0.0,0,LOW
XYZ20T101122,2026-07-25,10777.1,78.52,84.05,-0.461,67.68,26.13,0,0,0,0.0,0.0,0,LOW
XYZ20T101132,2026-07-25,3672.8,81.95,86.06,0.237,73.58,36.24,0,0,0,0.0,0.0,0,LOW
XYZ20T101134,2026-07-25,21227.6,93.09,101.04,1.168,58.42,39.8,0,1,0,0.7529,75.3,1,CRITICAL
XYZ20T101142,2026-07-25,5079.1,82.56,85.74,-0.095,42.79,42.91,0,0,0,0.0,0.0,0,LOW
XYZ20T101147,2026-07-25,24494.6,80.84,86.58,-0.233,60.52,26.76,0,0,0,0.0,0.0,0,LOW
XYZ20T101149,2026-07-25,12509.2,81.16,85.25,-0.032,62.35,31.99,0,0,0,0.0,0.0,0,LOW
XYZ20T101150,2026-07-25,16949.8,78.87,83.67,-0.106,59.77,37.2,0,0,0,0.0,0.0,0,LOW
XYZ20T101153,2026-07-25,4045.4,87.1,93.76,-0.006,56.3,39.88,0,0,0,0.0,0.0,0,LOW
XYZ20T101156,2026-07-25,10593.4,79.56,83.41,0.054,46.96,42.81,0,0,0,0.0,0.0,0,LOW
XYZ20T101158,2026-07-25,5806.8,87.96,92.78,-0.114,76.11,37.05,0,0,0,0.0,0.0,0,LOW
XYZ20T101165,2026-07-25,18420.2,79.04,83.56,0.177,55.37,42.38,0,0,0,0.0,0.0,0,LOW
XYZ20T101169,2026-07-25,11384.8,81.35,84.76,-0.15,68.56,46.03,0,0,0,0.0,0.0,0,LOW
XYZ20T101173,2026-07-25,374.5,86.16,92.69,0.123,64.84,32.31,0,0,0,0.0,0.0,0,LOW
XYZ20T101175,2026-07-25,5011.4,85.17,91.45,-0.407,67.57,31.88,0,0,0,0.0,0.0,0,LOW
XYZ20T101192,2026-07-25,5530.5,86.34,91.5,0.061,54.2,31.25,0,0,0,0.0,0.0,0,LOW
XYZ20T101205,2026-07-25,8697.6,79.4,84.31,0.177,67.29,29.15,0,0,0,0.0,0.0,0,LOW
XYZ20T101208,2026-07-25,10516.8,83.51,89.07,0.157,47.42,29.41,0,0,0,0.0,0.0,0,LOW
XYZ20T101210,2026-07-25,7324.3,87.51,94.01,0.419,60.48,41.52,0,0,0,0.0,0.0,0,LOW
XYZ20T101215,2026-07-25,13701.9,90.04,96.88,0.275,59.84,35.17,0,0,0,0.0357,3.6,0,LOW
XYZ20T101216,2026-07-25,1249.5,84.26,90.37,0.438,49.52,41.49,0,0,0,0.0,0.0,0,LOW
XYZ20T101220,2026-07-25,17314.9,84.06,90.33,-0.418,49.6,31.95,0,0,0,0.0,0.0,0,LOW
XYZ20T101222,2026-07-25,24774.0,79.35,83.54,-0.198,61.07,31.14,0,0,0,0.0,0.0,0,LOW
XYZ20T101227,2026-07-25,718.7,85.21,91.92,-2.052,35.39,24.54,0,0,0,0.0,0.0,0,LOW
XYZ20T101233,2026-07-25,10753.2,96.01,104.9,0.922,45.2,44.78,0,1,0,0.3633,36.3,1,MODERATE
XYZ20T101236,2026-07-25,10255.8,89.89,94.91,-0.174,69.0,29.75,0,0,0,0.0033,0.3,0,LOW
XYZ20T101237,2026-07-25,1080.5,83.77,89.34,0.264,52.44,29.1,0,0,0,0.0,0.0,0,LOW
XYZ20T101240,2026-07-25,2691.2,79.94,86.68,0.369,71.48,25.02,0,0,0,0.0,0.0,0,LOW
XYZ20T101242,2026-07-25,13405.8,86.2,89.64,0.063,65.23,32.45,0,0,0,0.0,0.0,0,LOW
XYZ20T101273,2026-07-25,14653.7,85.83,91.13,0.182,51.69,29.02,0,0,0,0.0,0.0,0,LOW
XYZ20T101274,2026-07-25,3276.7,82.51,87.15,-0.259,65.41,36.04,0,0,0,0.0,0.0,0,LOW
XYZ20T101275,2026-07-25,6681.1,80.44,83.63,0.333,72.63,30.28,0,0,0,0.0,0.0,0,LOW
XYZ20T101277,2026-07-25,14929.7,79.17,83.76,-0.14,56.38,28.19,0,0,0,0.0,0.0,0,LOW
XYZ20T101280,2026-07-25,1112.5,87.3,92.94,-0.076,69.12,36.04,0,0,0,0.0,0.0,0,LOW
XYZ20T101286,2026-07-25,2264.6,80.11,84.9,-0.521,57.92,25.71,0,0,0,0.0,0.0,0,LOW
XYZ20T101290,2026-07-25,14069.3,80.86,85.04,-0.116,40.54,31.21,0,0,0,0.0,0.0,0,LOW
XYZ20T101298,2026-07-25,22027.6,85.8,91.79,-0.329,61.91,36.09,0,0,0,0.0,0.0,0,LOW
XYZ20T101299,2026-07-25,6331.3,82.6,88.0,-0.351,59.42,27.16,0,0,0,0.0,0.0,0,LOW
XYZ20T101301,2026-07-25,18583.8,78.33,84.29,-0.15,37.44,35.21,0,0,0,0.0,0.0,0,LOW
XYZ20T101306,2026-07-25,1113.6,86.69,93.36,0.027,70.68,33.66,0,0,0,0.0,0.0,0,LOW
XYZ20T101308,2026-07-25,8610.1,84.17,88.68,-0.467,66.19,28.07,0,0,0,0.0,0.0,0,LOW
XYZ20T101317,2026-07-25,649.9,84.73,89.84,-0.019,49.43,38.72,0,0,0,0.0,0.0,0,LOW
XYZ20T101318,2026-07-25,7679.4,86.2,92.85,-0.081,68.43,42.27,0,0,0,0.0,0.0,0,LOW
XYZ20T101319,2026-07-25,20943.6,84.62,88.82,-1.188,63.96,35.54,0,0,0,0.0,0.0,0,LOW
XYZ20T101326,2026-07-25,4140.8,87.78,91.58,-0.549,73.65,35.2,0,0,0,0.0,0.0,0,LOW
XYZ20T101334,2026-07-25,6058.6,86.56,93.56,0.271,47.73,32.65,0,0,0,0.0,0.0,0,LOW
XYZ20T101349,2026-07-25,13225.7,76.11,82.91,-0.01,47.53,31.27,0,0,0,0.0,0.0,0,LOW
XYZ20T101361,2026-07-25,2941.8,87.9,91.75,0.12,62.58,40.09,0,0,0,0.0,0.0,0,LOW
XYZ20T101369,2026-07-25,10341.0,86.04,89.7,-1.128,42.33,34.02,0,0,0,0.0,0.0,0,LOW
XYZ20T101374,2026-07-25,13321.7,81.85,86.46,0.228,63.38,33.05,0,0,0,0.0,0.0,0,LOW
XYZ20T101384,2026-07-25,14902.1,80.6,83.95,0.036,47.48,35.38,0,0,0,0.0,0.0,0,LOW
XYZ20T101385,2026-07-25,13569.9,83.97,91.53,-0.062,71.29,36.35,0,0,0,0.0,0.0,0,LOW
XYZ20T101393,2026-07-25,17462.8,89.16,95.67,0.012,63.56,26.89,0,0,0,0.0066,0.7,0,LOW
XYZ20T101406,2026-07-25,16650.1,78.1,84.41,0.169,72.9,33.26,0,0,0,0.0,0.0,0,LOW
XYZ20T101413,2026-07-25,14096.4,85.1,90.07,-0.127,55.87,29.13,0,0,0,0.0,0.0,0,LOW
XYZ20T101419,2026-07-25,12407.1,93.93,105.55,1.331,69.19,37.57,0,1,0,0.8702,87.0,1,CRITICAL
XYZ20T101423,2026-07-25,19061.0,87.61,90.82,-2.33,61.28,36.5,0,0,0,0.0,0.0,0,LOW
XYZ20T101428,2026-07-25,6254.6,85.81,90.18,0.378,51.59,46.75,0,0,0,0.0,0.0,0,LOW
XYZ20T101431,2026-07-25,24961.2,88.45,92.97,0.384,56.98,32.94,0,0,0,0.0,0.0,0,LOW
XYZ20T101434,2026-07-25,11453.5,83.23,86.7,-0.228,63.89,32.6,0,0,0,0.0,0.0,0,LOW
XYZ20T101435,2026-07-25,12937.5,82.98,87.45,0.498,69.38,41.04,0,0,0,0.0,0.0,0,LOW
XYZ20T101437,2026-07-25,3308.3,85.73,91.33,0.246,75.14,28.54,0,0,0,0.0,0.0,0,LOW
XYZ20T101446,2026-07-25,9262.1,80.43,87.18,-0.105,69.51,38.11,0,0,0,0.0,0.0,0,LOW
XYZ20T101468,2026-07-25,8333.7,86.0,90.84,-0.042,77.73,34.24,0,0,0,0.0,0.0,0,LOW
XYZ20T101479,2026-07-25,1419.6,82.63,92.54,-0.12,52.22,38.15,0,0,0,0.0199,2.0,0,LOW
XYZ20T101484,2026-07-25,14419.6,77.83,81.99,0.173,39.86,34.72,0,0,0,0.0,0.0,0,LOW
XYZ20T101491,2026-07-25,13815.7,81.59,88.19,0.298,66.55,36.39,0,0,0,0.0,0.0,0,LOW
XYZ20T101498,2026-07-25,13477.0,80.95,84.79,0.406,61.77,40.13,0,0,0,0.0,0.0,0,LOW
XYZ20T101500,2026-07-25,4284.4,79.41,84.97,0.035,36.47,39.62,0,0,0,0.0,0.0,0,LOW
XYZ20T101501,2026-07-25,16292.6,87.48,91.1,0.107,60.36,23.94,0,0,0,0.0033,0.3,0,LOW
XYZ20T101502,2026-07-25,10738.8,77.86,81.89,-0.069,55.68,28.52,0,0,0,0.0,0.0,0,LOW
XYZ20T101504,2026-07-25,7278.3,77.04,81.35,-0.356,58.09,33.73,0,0,0,0.0,0.0,0,LOW
XYZ20T101511,2026-07-25,631.4,82.8,89.1,0.315,46.58,40.23,0,0,0,0.0,0.0,0,LOW
XYZ20T101519,2026-07-25,13877.4,79.52,83.35,-0.021,59.23,28.53,0,0,0,0.0,0.0,0,LOW
XYZ20T101525,2026-07-25,8255.6,85.19,90.21,-0.178,51.66,37.67,0,0,0,0.0,0.0,0,LOW
XYZ20T101526,2026-07-25,1239.6,78.45,85.25,0.137,46.96,42.59,0,0,0,0.0,0.0,0,LOW
XYZ20T101530,2026-07-25,20195.9,85.1,91.01,0.098,62.99,41.3,0,0,0,0.0,0.0,0,LOW
XYZ20T101534,2026-07-25,5881.8,78.04,82.78,0.222,51.65,34.35,0,0,0,0.0,0.0,0,LOW
XYZ20T101549,2026-07-25,2023.3,77.26,82.41,-0.152,47.07,32.8,0,0,0,0.0,0.0,0,LOW
XYZ20T101550,2026-07-25,5058.2,78.78,85.41,-0.147,67.49,41.64,0,0,0,0.0,0.0,0,LOW
XYZ20T101551,2026-07-25,598.7,83.07,86.83,0.348,62.25,42.43,0,0,0,0.0,0.0,0,LOW
XYZ20T101555,2026-07-25,12533.9,84.24,89.86,-0.044,51.4,32.74,0,0,0,0.0,0.0,0,LOW
XYZ20T101558,2026-07-25,6138.0,80.29,85.7,-0.132,70.29,35.16,0,0,0,0.0,0.0,0,LOW
XYZ20T101562,2026-07-25,14207.6,82.05,88.89,-0.364,52.85,31.65,0,0,0,0.0,0.0,0,LOW
XYZ20T101567,2026-07-25,17207.2,81.42,86.56,-0.042,34.05,31.12,0,0,0,0.0066,0.7,0,LOW
XYZ20T101573,2026-07-25,1952.7,85.83,92.61,-0.399,60.07,40.72,0,0,0,0.0,0.0,0,LOW
XYZ20T101582,2026-07-25,15505.2,81.92,86.48,0.139,70.46,31.35,0,0,0,0.0,0.0,0,LOW
XYZ20T101586,2026-07-25,16407.8,83.57,89.78,-0.335,50.05,36.66,0,0,0,0.0,0.0,0,LOW
XYZ20T101593,2026-07-25,380.4,80.64,86.83,0.128,58.35,32.17,0,0,0,0.0,0.0,0,LOW
XYZ20T101594,2026-07-25,12755.7,78.41,82.64,-0.188,41.98,30.34,0,0,0,0.0,0.0,0,LOW
XYZ20T101629,2026-07-25,5901.9,81.31,85.14,-0.115,53.36,43.71,0,0,0,0.0,0.0,0,LOW
XYZ20T101633,2026-07-25,13115.3,81.6,87.07,0.242,54.04,31.41,0,0,0,0.0,0.0,0,LOW
XYZ20T101659,2026-07-25,6235.5,85.9,90.6,0.265,64.46,38.23,0,0,0,0.0,0.0,0,LOW
XYZ20T101662,2026-07-25,11528.0,80.51,87.02,-0.127,80.47,42.02,0,0,0,0.0,0.0,0,LOW
XYZ20T101663,2026-07-25,20839.7,80.56,84.37,-0.095,66.51,30.42,0,0,0,0.0,0.0,0,LOW
XYZ20T101669,2026-07-25,4370.4,85.4,91.57,0.41,80.13,37.32,0,0,0,0.0,0.0,0,LOW
XYZ20T101677,2026-07-25,4138.9,83.09,86.37,-0.357,64.04,39.56,0,0,0,0.0,0.0,0,LOW
XYZ20T101678,2026-07-25,5502.1,76.65,81.26,0.09,51.84,29.74,0,0,0,0.0,0.0,0,LOW
XYZ20T101685,2026-07-25,11662.0,79.9,84.65,0.469,54.08,33.94,0,0,0,0.0,0.0,0,LOW
XYZ20T101692,2026-07-25,448.6,81.36,85.18,0.216,66.85,24.34,0,0,0,0.0,0.0,0,LOW
XYZ20T101693,2026-07-25,22584.3,82.76,87.05,-0.901,80.55,23.54,0,0,0,0.0,0.0,0,LOW
XYZ20T101696,2026-07-25,15641.6,86.52,89.79,-0.945,59.66,34.2,0,0,0,0.0,0.0,0,LOW
XYZ20T101698,2026-07-25,4779.7,83.4,88.81,0.256,63.75,46.81,0,0,0,0.0,0.0,0,LOW
XYZ20T101699,2026-07-25,24957.3,80.46,84.84,-0.43,64.41,40.91,0,0,0,0.0,0.0,0,LOW
XYZ20T101702,2026-07-25,2296.4,78.78,84.9,-0.566,79.36,27.9,0,0,0,0.0,0.0,0,LOW
XYZ20T101718,2026-07-25,2598.5,84.73,88.22,0.476,60.38,37.06,0,0,0,0.0,0.0,0,LOW
XYZ20T101728,2026-07-25,570.5,86.02,92.96,-0.085,66.97,35.73,0,0,0,0.0,0.0,0,LOW
XYZ20T101733,2026-07-25,9311.6,88.81,95.66,0.418,65.9,36.53,0,0,0,0.0,0.0,0,LOW
XYZ20T101735,2026-07-25,12593.0,81.02,84.44,0.421,63.96,31.82,0,0,0,0.0,0.0,0,LOW
XYZ20T101740,2026-07-25,16758.7,79.7,82.95,0.065,49.22,26.39,0,0,0,0.0,0.0,0,LOW
XYZ20T101764,2026-07-25,6373.2,82.07,86.17,0.047,54.27,43.72,0,0,0,0.0,0.0,0,LOW
XYZ20T101767,2026-07-25,1753.0,82.93,86.73,-0.321,51.21,29.53,0,0,0,0.0,0.0,0,LOW
XYZ20T101768,2026-07-25,3733.0,81.95,88.43,-0.003,65.96,27.09,0,0,0,0.0,0.0,0,LOW
XYZ20T101773,2026-07-25,11701.5,79.87,85.43,-0.264,61.77,25.73,0,0,0,0.0,0.0,0,LOW
XYZ20T101782,2026-07-25,4241.8,79.58,84.9,0.047,55.73,33.46,0,0,0,0.0,0.0,0,LOW
XYZ20T101789,2026-07-25,8740.7,77.98,84.29,-0.267,78.33,35.01,0,0,0,0.0,0.0,0,LOW
XYZ20T101790,2026-07-25,4265.0,94.72,102.52,1.461,48.18,29.96,1,1,0,0.9236,92.4,1,CRITICAL
XYZ20T101791,2026-07-25,16799.2,87.8,92.24,0.266,82.62,30.52,0,0,0,0.0,0.0,0,LOW
XYZ20T101792,2026-07-25,1479.6,85.71,90.02,0.294,55.96,33.87,0,0,0,0.0,0.0,0,LOW
XYZ20T101794,2026-07-25,10813.2,87.34,92.69,0.117,54.35,43.26,0,0,0,0.0,0.0,0,LOW
XYZ20T101805,2026-07-25,13058.9,83.93,89.65,-0.104,58.07,28.12,0,0,0,0.0,0.0,0,LOW
XYZ20T101807,2026-07-25,9994.8,84.45,89.94,0.085,56.26,32.9,0,0,0,0.0,0.0,0,LOW
XYZ20T101809,2026-07-25,11949.7,81.47,84.84,0.07,41.87,36.93,0,0,0,0.0,0.0,0,LOW
XYZ20T101820,2026-07-25,8514.3,83.86,89.18,-0.188,72.84,31.68,0,0,0,0.0,0.0,0,LOW
XYZ20T101825,2026-07-25,10330.8,85.74,91.61,0.085,71.86,24.33,0,0,0,0.0,0.0,0,LOW
XYZ20T101832,2026-07-25,13312.8,81.03,84.43,0.284,62.89,20.0,0,0,0,0.0,0.0,0,LOW
XYZ20T101838,2026-07-25,12933.0,79.18,85.69,-0.854,55.89,34.39,0,0,0,0.0,0.0,0,LOW
XYZ20T101842,2026-07-25,6918.6,81.23,87.1,-0.225,70.26,40.76,0,0,0,0.0,0.0,0,LOW
XYZ20T101848,2026-07-25,22183.8,77.01,81.15,-0.045,45.65,36.95,0,0,0,0.0,0.0,0,LOW
XYZ20T101861,2026-07-25,9816.2,78.4,84.06,0.038,40.64,34.73,0,0,0,0.0,0.0,0,LOW
XYZ20T101862,2026-07-25,7629.5,84.47,91.34,-0.229,62.06,40.33,0,0,0,0.0,0.0,0,LOW
XYZ20T101866,2026-07-25,5531.4,79.38,86.0,0.152,45.7,36.99,0,0,0,0.0,0.0,0,LOW
XYZ20T101868,2026-07-25,6625.8,82.79,87.4,0.083,62.36,34.83,0,0,0,0.0,0.0,0,LOW
XYZ20T101869,2026-07-25,4231.2,80.52,87.05,0.218,51.26,40.36,0,0,0,0.0,0.0,0,LOW
XYZ20T101884,2026-07-25,24924.4,85.62,90.96,0.075,63.02,37.64,0,0,0,0.0,0.0,0,LOW
XYZ20T101886,2026-07-25,2659.8,86.59,92.94,0.19,66.57,35.97,0,0,0,0.0,0.0,0,LOW
XYZ20T101892,2026-07-25,8875.5,80.62,85.94,-0.293,46.81,29.71,0,0,0,0.0,0.0,0,LOW
XYZ20T101897,2026-07-25,20080.4,82.6,86.74,0.142,62.36,45.29,0,0,0,0.0,0.0,0,LOW
XYZ20T101898,2026-07-25,11939.3,86.8,91.96,0.261,51.14,38.23,0,0,0,0.0,0.0,0,LOW
XYZ20T101900,2026-07-25,24947.1,82.45,89.18,-0.388,57.56,24.78,0,0,0,0.0,0.0,0,LOW
XYZ20T101905,2026-07-25,18297.2,80.59,84.03,0.102,42.38,43.4,0,0,0,0.0,0.0,0,LOW
XYZ20T101912,2026-07-25,6781.2,80.84,84.27,0.449,50.3,35.79,0,0,0,0.0,0.0,0,LOW
XYZ20T101915,2026-07-25,627.1,95.77,103.85,1.261,57.67,33.44,0,0,0,0.6646,66.5,1,HIGH
XYZ20T101917,2026-07-25,13565.8,83.07,89.38,0.072,51.72,33.2,0,0,0,0.0,0.0,0,LOW
XYZ20T101921,2026-07-25,15098.7,79.43,82.6,-0.119,54.35,23.4,0,0,0,0.0,0.0,0,LOW
XYZ20T101922,2026-07-25,1274.2,83.27,89.52,-1.74,59.72,37.0,0,0,0,0.0,0.0,0,LOW
XYZ20T101924,2026-07-25,14680.6,77.21,82.79,-0.173,55.15,32.29,0,0,0,0.0,0.0,0,LOW
XYZ20T101928,2026-07-25,14444.4,84.46,87.6,-0.041,52.87,35.3,0,0,0,0.0,0.0,0,LOW
XYZ20T101935,2026-07-25,3627.9,82.74,88.62,-0.457,37.46,28.98,0,0,0,0.0,0.0,0,LOW
XYZ20T101946,2026-07-25,9800.9,87.66,93.0,0.075,61.24,30.64,0,0,0,0.0,0.0,0,LOW
XYZ20T101957,2026-07-25,14706.1,79.02,82.02,-0.012,64.61,42.64,0,0,0,0.0,0.0,0,LOW
XYZ20T101958,2026-07-25,24982.1,86.21,91.39,0.137,53.94,35.82,0,0,0,0.0,0.0,0,LOW
XYZ20T101959,2026-07-25,12758.3,78.29,83.5,0.393,43.35,31.96,0,0,0,0.0,0.0,0,LOW
XYZ20T101960,2026-07-25,11766.6,82.5,88.09,0.002,73.26,30.36,0,0,0,0.0,0.0,0,LOW
XYZ20T101964,2026-07-25,3404.3,89.25,93.19,0.058,68.01,35.82,0,0,0,0.0033,0.3,0,LOW
XYZ20T101965,2026-07-25,6549.2,81.24,86.56,-0.062,45.8,30.18,0,0,0,0.0,0.0,0,LOW
XYZ20T101978,2026-07-25,18254.1,83.3,88.25,0.236,62.85,33.72,0,0,0,0.0,0.0,0,LOW
XYZ20T101983,2026-07-25,495.5,85.6,91.41,-0.182,64.52,38.64,0,0,0,0.0,0.0,0,LOW
XYZ20T101996,2026-07-25,11422.6,86.52,91.4,0.571,57.79,37.07,0,0,0,0.0,0.0,0,LOW
XYZ20T102000,2026-07-25,642.0,86.57,91.24,0.31,66.37,34.4,0,0,0,0.0,0.0,0,LOW
XYZ20T102004,2026-07-25,761.9,83.76,86.97,0.053,66.88,35.55,0,0,0,0.0,0.0,0,LOW
XYZ20T102009,2026-07-25,23404.7,88.62,94.31,0.171,43.99,41.6,0,0,0,0.0,0.0,0,LOW
XYZ20T102012,2026-07-25,3686.8,78.91,85.74,-0.378,48.93,27.12,0,0,0,0.0,0.0,0,LOW
XYZ20T102025,2026-07-25,14582.3,81.58,84.99,-0.261,74.35,30.8,0,0,0,0.0,0.0,0,LOW
XYZ20T102026,2026-07-25,2756.6,90.64,95.19,0.131,80.69,36.8,0,0,0,0.0,0.0,0,LOW
XYZ20T102029,2026-07-25,17081.9,86.22,93.47,-0.623,58.74,37.1,0,0,0,0.0,0.0,0,LOW
XYZ20T102030,2026-07-25,3090.2,86.41,91.81,0.116,58.93,40.61,0,0,0,0.0,0.0,0,LOW
XYZ20T102031,2026-07-25,2846.0,83.26,89.33,-1.638,61.38,35.22,0,0,0,0.0,0.0,0,LOW
XYZ20T102038,2026-07-25,10766.6,76.71,80.32,0.08,46.81,39.61,0,0,0,0.0,0.0,0,LOW
XYZ20T102041,2026-07-25,7893.5,80.83,87.11,-0.125,55.46,34.47,0,0,0,0.0,0.0,0,LOW
XYZ20T102046,2026-07-25,6003.6,78.99,85.31,0.13,45.4,29.06,0,0,0,0.0,0.0,0,LOW
XYZ20T102048,2026-07-25,9307.4,81.6,85.82,-1.639,55.37,34.36,0,0,0,0.0,0.0,0,LOW
XYZ20T102053,2026-07-25,12576.2,81.22,86.02,0.414,71.95,41.75,0,0,0,0.0,0.0,0,LOW
XYZ20T102054,2026-07-25,14048.7,91.02,94.74,0.272,76.55,34.89,0,0,0,0.0,0.0,0,LOW
XYZ20T102055,2026-07-25,4349.4,79.02,82.92,0.057,43.27,31.77,0,0,0,0.0,0.0,0,LOW
XYZ20T102060,2026-07-25,9950.3,85.09,90.14,-0.051,52.68,39.27,0,0,0,0.0,0.0,0,LOW
XYZ20T102065,2026-07-25,8991.7,86.16,91.5,0.356,54.37,25.76,0,0,0,0.0,0.0,0,LOW
XYZ20T102073,2026-07-25,1937.9,85.65,92.53,-0.103,45.24,37.14,0,0,0,0.0,0.0,0,LOW
XYZ20T102090,2026-07-25,10007.6,83.49,89.09,-0.413,48.21,32.31,0,0,0,0.0,0.0,0,LOW
XYZ20T102097,2026-07-25,613.6,85.48,88.77,0.047,52.79,32.82,0,0,0,0.0,0.0,0,LOW
XYZ20T102102,2026-07-25,11878.4,82.31,86.09,0.275,58.34,27.29,0,0,0,0.0,0.0,0,LOW
XYZ20T102103,2026-07-25,4831.7,84.11,89.7,0.01,75.58,28.3,0,0,0,0.0,0.0,0,LOW
XYZ20T102108,2026-07-25,18258.5,85.2,88.55,-0.326,51.89,35.23,0,0,0,0.0,0.0,0,LOW
XYZ20T102121,2026-07-25,4048.5,78.28,83.64,0.063,48.52,38.04,0,0,0,0.0,0.0,0,LOW
XYZ20T102127,2026-07-25,5595.2,79.03,85.15,-0.093,53.64,36.03,0,0,0,0.0,0.0,0,LOW
XYZ20T102132,2026-07-25,5959.1,92.98,100.83,1.389,58.78,38.39,1,1,0,0.8459,84.6,1,CRITICAL
XYZ20T102138,2026-07-25,2042.4,80.6,86.2,-0.22,71.52,26.87,0,0,0,0.0,0.0,0,LOW
XYZ20T102169,2026-07-25,4367.6,78.1,81.18,-0.009,50.75,31.69,0,0,0,0.0,0.0,0,LOW
XYZ20T102176,2026-07-25,1907.0,81.85,87.34,-0.154,69.67,28.68,0,0,0,0.0,0.0,0,LOW
XYZ20T102178,2026-07-25,24951.6,80.61,85.8,-0.143,50.71,41.64,0,0,0,0.0,0.0,0,LOW
XYZ20T102182,2026-07-25,18772.3,84.19,87.9,0.416,64.69,31.78,0,0,0,0.0,0.0,0,LOW
XYZ20T102191,2026-07-25,8497.8,77.68,81.28,-0.24,30.71,42.66,0,0,0,0.0,0.0,0,LOW
XYZ20T102196,2026-07-25,13870.0,81.84,85.52,-0.078,67.32,33.36,0,0,0,0.0,0.0,0,LOW
XYZ20T102203,2026-07-25,12140.8,79.09,84.29,-0.094,52.97,34.59,0,0,0,0.0,0.0,0,LOW
XYZ20T102212,2026-07-25,2720.8,84.83,89.45,-0.525,62.57,25.36,0,0,0,0.0,0.0,0,LOW
XYZ20T102214,2026-07-25,19748.2,84.38,88.96,-0.005,42.92,34.03,0,0,0,0.0,0.0,0,LOW
XYZ20T102217,2026-07-25,5669.8,80.12,84.27,0.172,44.49,33.47,0,0,0,0.0,0.0,0,LOW
XYZ20T102223,2026-07-25,12007.8,85.09,91.44,0.294,62.08,28.85,0,0,0,0.0,0.0,0,LOW
XYZ20T102226,2026-07-25,3109.6,84.24,87.53,0.037,69.16,28.1,0,0,0,0.0,0.0,0,LOW
XYZ20T102230,2026-07-25,11725.8,82.17,88.19,-0.233,65.59,30.44,0,0,0,0.0,0.0,0,LOW
XYZ20T102240,2026-07-25,11286.5,96.23,106.5,1.4,67.87,29.97,1,1,0,0.8672,86.7,1,CRITICAL
XYZ20T102251,2026-07-25,12549.4,82.29,88.39,-0.291,53.92,32.17,0,0,0,0.0,0.0,0,LOW
XYZ20T102259,2026-07-25,17046.3,82.61,86.78,0.961,70.73,33.6,0,0,0,0.0,0.0,0,LOW
XYZ20T102267,2026-07-25,11794.9,83.61,87.44,0.098,64.62,33.43,0,0,0,0.0,0.0,0,LOW
XYZ20T102268,2026-07-25,12527.5,81.01,86.32,0.042,46.53,33.93,0,0,0,0.0,0.0,0,LOW
XYZ20T102285,2026-07-25,19907.2,94.16,102.84,0.731,73.07,36.88,0,1,0,0.295,29.5,0,LOW
XYZ20T102287,2026-07-25,2827.5,86.61,91.22,0.109,64.4,34.68,0,0,0,0.0,0.0,0,LOW
XYZ20T102291,2026-07-25,14706.8,84.06,88.34,0.674,75.66,39.17,0,0,0,0.0066,0.7,0,LOW
XYZ20T102294,2026-07-25,1570.0,81.42,84.73,-0.874,66.58,32.24,0,0,0,0.0,0.0,0,LOW
XYZ20T102325,2026-07-25,14017.0,83.71,90.15,-0.113,66.3,35.76,0,0,0,0.0,0.0,0,LOW
XYZ20T102327,2026-07-25,12171.7,82.26,88.91,0.025,46.08,37.38,0,0,0,0.0,0.0,0,LOW
XYZ20T102330,2026-07-25,16397.4,83.27,89.91,0.568,74.32,35.04,0,0,0,0.0,0.0,0,LOW
XYZ20T102345,2026-07-25,20229.5,85.52,92.36,-0.486,59.97,30.16,0,0,0,0.0,0.0,0,LOW
XYZ20T102348,2026-07-25,15390.4,81.81,85.26,-0.475,61.88,20.0,0,0,0,0.0,0.0,0,LOW
XYZ20T102358,2026-07-25,6617.9,80.51,86.05,-0.272,74.76,33.32,0,0,0,0.0,0.0,0,LOW
XYZ20T102367,2026-07-25,3301.0,82.61,88.48,-0.101,50.92,30.47,0,0,0,0.0,0.0,0,LOW
XYZ20T102369,2026-07-25,7664.9,90.45,98.14,1.049,61.93,33.76,0,1,0,0.8741,87.4,1,CRITICAL
XYZ20T102373,2026-07-25,4444.3,82.34,87.67,0.023,63.84,43.28,0,0,0,0.0,0.0,0,LOW
XYZ20T102375,2026-07-25,6188.2,78.06,83.92,-0.028,38.57,27.44,0,0,0,0.0,0.0,0,LOW
XYZ20T102376,2026-07-25,19651.3,87.39,90.46,-0.045,67.61,27.67,0,0,0,0.0,0.0,0,LOW
XYZ20T102389,2026-07-25,7000.0,85.12,91.45,-1.237,44.04,24.62,0,0,0,0.0,0.0,0,LOW
XYZ20T102391,2026-07-25,1660.6,86.35,91.69,0.054,60.47,37.96,0,0,0,0.0,0.0,0,LOW
XYZ20T102392,2026-07-25,14487.5,81.82,86.85,0.05,60.78,26.53,0,0,0,0.0,0.0,0,LOW
XYZ20T102403,2026-07-25,13658.4,84.41,88.46,0.292,60.66,31.71,0,0,0,0.0,0.0,0,LOW
XYZ20T102405,2026-07-25,8346.1,78.9,84.81,-0.193,65.63,38.54,0,0,0,0.0,0.0,0,LOW
XYZ20T102413,2026-07-25,10588.2,79.08,83.78,-0.08,42.02,29.28,0,0,0,0.0,0.0,0,LOW
XYZ20T102420,2026-07-25,9601.2,82.89,89.55,-0.213,37.22,26.05,0,0,0,0.0,0.0,0,LOW
XYZ20T102424,2026-07-25,13296.7,87.11,96.66,1.014,64.42,21.18,0,0,0,0.2807,28.1,0,LOW
XYZ20T102428,2026-07-25,10411.7,81.05,85.6,-0.247,44.88,38.82,0,0,0,0.0,0.0,0,LOW
XYZ20T102429,2026-07-25,3000.9,88.04,91.2,0.171,51.87,25.94,0,0,0,0.0,0.0,0,LOW
XYZ20T102432,2026-07-25,24960.7,82.4,88.79,-2.504,68.36,35.74,0,0,0,0.0033,0.3,0,LOW
XYZ20T102436,2026-07-25,1194.5,79.16,83.47,0.175,47.41,40.92,0,0,0,0.0,0.0,0,LOW
XYZ20T102450,2026-07-25,12101.9,74.21,79.92,-0.145,47.51,24.82,0,0,0,0.0,0.0,0,LOW
XYZ20T102452,2026-07-25,17229.5,87.81,93.08,-0.028,66.23,31.96,0,0,0,0.0,0.0,0,LOW
XYZ20T102453,2026-07-25,7008.1,89.51,97.56,-0.168,88.08,36.84,0,0,0,0.0163,1.6,0,LOW
XYZ20T102454,2026-07-25,3255.0,79.3,85.51,0.285,60.67,37.68,0,0,0,0.0,0.0,0,LOW
XYZ20T102457,2026-07-25,7597.8,81.96,85.51,-0.349,50.5,42.31,0,0,0,0.0,0.0,0,LOW
XYZ20T102462,2026-07-25,5767.3,78.88,83.8,0.095,71.92,26.64,0,0,0,0.0,0.0,0,LOW
XYZ20T102463,2026-07-25,24904.8,89.07,96.03,1.12,48.09,32.71,0,0,0,0.076,7.6,0,LOW
XYZ20T102471,2026-07-25,4063.0,80.15,86.2,-0.781,65.43,42.17,0,0,0,0.0,0.0,0,LOW
XYZ20T102479,2026-07-25,2737.8,81.25,86.21,-1.311,53.17,45.7,0,0,0,0.0,0.0,0,LOW
XYZ20T102482,2026-07-25,14632.9,83.2,86.9,-0.113,76.71,36.01,0,0,0,0.0,0.0,0,LOW
XYZ20T102488,2026-07-25,12425.8,82.02,88.07,-0.037,74.19,37.34,0,0,0,0.0,0.0,0,LOW
XYZ20T102491,2026-07-25,6084.1,86.46,92.01,-0.232,27.25,31.16,0,0,0,0.0099,1.0,0,LOW
XYZ20T102501,2026-07-25,883.3,86.59,92.56,0.165,47.18,36.49,0,0,0,0.0,0.0,0,LOW
XYZ20T102510,2026-07-25,10617.0,86.71,90.28,-0.265,82.12,37.58,0,0,0,0.0,0.0,0,LOW
XYZ20T102517,2026-07-25,11103.7,81.57,86.12,0.168,54.12,37.12,0,0,0,0.0,0.0,0,LOW
XYZ20T102524,2026-07-25,1185.9,80.5,84.96,0.095,73.58,28.68,0,0,0,0.0,0.0,0,LOW
XYZ20T102527,2026-07-25,20293.7,88.11,93.57,0.155,83.41,25.8,0,0,0,0.0,0.0,0,LOW
XYZ20T102528,2026-07-25,14388.5,84.15,90.46,0.039,68.2,39.16,0,0,0,0.0,0.0,0,LOW
XYZ20T102545,2026-07-25,24240.1,77.15,82.55,-0.151,57.31,31.76,0,0,0,0.0,0.0,0,LOW
XYZ20T102555,2026-07-25,11225.0,85.61,88.89,-0.032,65.65,39.1,0,0,0,0.0,0.0,0,LOW
XYZ20T102557,2026-07-25,22290.3,80.83,86.19,0.332,57.66,41.53,0,0,0,0.0,0.0,0,LOW
XYZ20T102561,2026-07-25,4619.8,87.57,92.96,-0.246,39.71,39.99,0,0,0,0.0033,0.3,0,LOW
XYZ20T102562,2026-07-25,363.9,77.5,84.07,-0.411,47.94,32.92,0,0,0,0.0,0.0,0,LOW
XYZ20T102568,2026-07-25,17642.0,80.69,84.99,-1.534,40.4,26.61,0,0,0,0.0,0.0,0,LOW
XYZ20T102572,2026-07-25,8594.9,81.59,87.43,0.342,78.92,38.13,1,0,0,0.0033,0.3,0,LOW
XYZ20T102578,2026-07-25,3740.8,82.68,88.81,0.331,41.41,43.56,0,0,0,0.0,0.0,0,LOW
XYZ20T102582,2026-07-25,11935.7,79.33,83.18,0.114,46.17,40.17,0,0,0,0.0,0.0,0,LOW
XYZ20T102587,2026-07-25,1504.8,87.6,91.93,0.433,63.17,31.73,0,0,0,0.0,0.0,0,LOW
XYZ20T102591,2026-07-25,17964.6,84.4,87.98,-0.015,50.67,35.68,0,0,0,0.0,0.0,0,LOW
XYZ20T102597,2026-07-25,6732.0,79.2,85.52,-0.305,58.52,42.37,0,0,0,0.0,0.0,0,LOW
XYZ20T102600,2026-07-25,1100.1,79.23,84.2,-0.07,63.73,33.46,0,0,0,0.0,0.0,0,LOW
XYZ20T102605,2026-07-25,23254.9,77.83,81.34,-0.016,57.76,36.67,0,0,0,0.0,0.0,0,LOW
XYZ20T102622,2026-07-25,1173.9,80.36,86.44,-0.242,62.19,31.23,0,0,0,0.0,0.0,0,LOW
XYZ20T102626,2026-07-25,15358.5,87.38,93.31,-0.049,50.07,37.31,0,0,0,0.0,0.0,0,LOW
XYZ20T102629,2026-07-25,11351.9,80.8,86.51,0.267,65.68,41.82,0,0,0,0.0,0.0,0,LOW
XYZ20T102634,2026-07-25,17828.3,84.7,90.99,-0.29,57.72,36.48,0,0,0,0.0,0.0,0,LOW
XYZ20T102639,2026-07-25,17217.9,78.4,85.22,-0.024,60.33,36.3,0,0,0,0.0,0.0,0,LOW
XYZ20T102640,2026-07-25,5913.8,86.49,90.58,0.229,63.59,32.14,0,0,0,0.0,0.0,0,LOW
XYZ20T102642,2026-07-25,17140.1,78.65,85.24,0.125,53.24,44.65,0,0,0,0.0,0.0,0,LOW
XYZ20T102643,2026-07-25,13626.5,81.18,84.4,-1.238,56.09,31.94,0,0,0,0.0,0.0,0,LOW
XYZ20T102649,2026-07-25,16205.4,82.67,88.46,-0.273,44.8,28.02,0,0,0,0.0,0.0,0,LOW
XYZ20T102652,2026-07-25,10959.5,77.64,83.6,-1.968,67.55,31.71,0,0,0,0.0,0.0,0,LOW
XYZ20T102669,2026-07-25,9830.3,91.61,99.56,1.644,48.95,38.5,0,0,1,0.9217,92.2,1,CRITICAL
XYZ20T102674,2026-07-25,5735.7,82.2,87.12,-0.314,73.71,32.0,0,0,0,0.0,0.0,0,LOW
XYZ20T102675,2026-07-25,4036.5,86.87,93.47,0.237,61.16,38.72,0,0,0,0.0,0.0,0,LOW
XYZ20T102688,2026-07-25,23367.7,79.05,83.59,-0.65,63.32,31.93,0,0,0,0.0,0.0,0,LOW
XYZ20T102691,2026-07-25,3504.3,78.23,81.93,-0.571,58.17,21.68,0,0,0,0.0,0.0,0,LOW
XYZ20T102694,2026-07-25,10259.7,87.15,92.91,0.575,60.04,30.8,0,1,0,0.082,8.2,0,LOW
XYZ20T102695,2026-07-25,2889.9,80.89,86.65,-0.491,49.46,29.95,0,0,0,0.0,0.0,0,LOW
XYZ20T102696,2026-07-25,10411.8,75.89,79.64,-0.438,42.48,27.77,0,0,0,0.0,0.0,0,LOW
XYZ20T102701,2026-07-25,9288.1,97.06,106.14,0.997,76.3,39.33,1,1,0,0.8629,86.3,1,CRITICAL
XYZ20T102703,2026-07-25,18659.8,83.9,89.9,-1.427,61.65,30.71,0,0,0,0.0,0.0,0,LOW
XYZ20T102704,2026-07-25,9302.9,83.48,89.66,0.166,50.61,31.27,0,0,0,0.0,0.0,0,LOW
XYZ20T102706,2026-07-25,13267.0,81.59,86.18,0.039,82.51,32.22,0,0,0,0.0,0.0,0,LOW
XYZ20T102709,2026-07-25,644.6,85.54,90.7,0.11,59.61,41.58,0,0,0,0.0,0.0,0,LOW
XYZ20T102713,2026-07-25,22020.6,82.33,89.31,-0.158,48.12,45.28,0,0,0,0.0,0.0,0,LOW
XYZ20T102714,2026-07-25,4502.2,78.65,82.52,-0.764,68.05,22.68,0,0,0,0.0,0.0,0,LOW
XYZ20T102716,2026-07-25,17647.6,82.9,88.77,-0.238,63.06,35.49,0,0,0,0.0,0.0,0,LOW
XYZ20T102719,2026-07-25,13407.4,87.13,90.18,-0.324,71.36,31.49,0,0,0,0.0,0.0,0,LOW
XYZ20T102730,2026-07-25,10408.5,84.05,87.47,0.028,37.63,36.96,0,0,0,0.0,0.0,0,LOW
XYZ20T102734,2026-07-25,1009.7,84.45,89.75,-0.218,65.21,26.45,0,0,0,0.0,0.0,0,LOW
XYZ20T102735,2026-07-25,10537.5,87.16,92.4,0.05,63.85,33.85,0,0,0,0.0,0.0,0,LOW
XYZ20T102745,2026-07-25,20186.1,81.95,87.61,-0.011,73.88,37.53,0,0,0,0.0,0.0,0,LOW
XYZ20T102761,2026-07-25,18445.5,75.75,79.02,-0.605,39.62,32.23,0,0,0,0.0,0.0,0,LOW
XYZ20T102763,2026-07-25,16121.3,95.68,104.4,1.32,51.58,37.26,1,0,0,0.342,34.2,1,MODERATE
XYZ20T102764,2026-07-25,17057.0,86.29,90.7,-0.18,73.87,32.21,0,0,0,0.0,0.0,0,LOW
XYZ20T102770,2026-07-25,11877.7,86.61,92.17,0.935,42.52,35.37,0,0,0,0.1575,15.8,0,LOW
XYZ20T102772,2026-07-25,1772.7,80.24,84.25,-0.015,51.06,30.83,0,0,0,0.0,0.0,0,LOW
XYZ20T102784,2026-07-25,11401.0,81.91,87.83,0.246,65.53,34.14,0,0,0,0.0,0.0,0,LOW
XYZ20T102790,2026-07-25,23207.9,83.83,87.19,0.18,64.27,34.56,0,0,0,0.0,0.0,0,LOW
XYZ20T102791,2026-07-25,6803.0,79.74,83.08,-0.371,51.61,31.98,0,0,0,0.0,0.0,0,LOW
XYZ20T102798,2026-07-25,9837.9,86.09,90.82,-0.581,56.52,25.11,0,0,0,0.0,0.0,0,LOW
XYZ20T102805,2026-07-25,8498.2,81.77,88.19,0.292,63.22,33.98,0,0,0,0.0,0.0,0,LOW
XYZ20T102806,2026-07-25,16349.9,82.99,86.86,0.369,59.79,41.74,0,0,0,0.0,0.0,0,LOW
XYZ20T102814,2026-07-25,3684.1,81.18,86.86,-0.44,67.45,31.79,0,0,0,0.0,0.0,0,LOW
XYZ20T102815,2026-07-25,16705.2,86.45,92.21,-0.009,53.96,35.3,0,0,0,0.0,0.0,0,LOW
XYZ20T102820,2026-07-25,2896.6,84.85,90.11,0.133,57.67,29.14,0,0,0,0.0,0.0,0,LOW
XYZ20T102825,2026-07-25,13987.0,87.21,91.26,-0.241,62.1,30.6,0,0,0,0.0,0.0,0,LOW
XYZ20T102833,2026-07-25,14490.8,80.69,86.07,-2.103,50.27,37.36,0,0,0,0.0,0.0,0,LOW
XYZ20T102834,2026-07-25,553.0,91.15,98.64,0.132,54.34,21.52,0,1,0,0.0099,1.0,0,LOW
XYZ20T102841,2026-07-25,2199.0,85.62,90.83,-0.05,43.31,38.04,0,0,0,0.0,0.0,0,LOW
XYZ20T102845,2026-07-25,14266.7,85.01,90.02,0.111,55.52,39.44,0,0,0,0.0,0.0,0,LOW
XYZ20T102855,2026-07-25,1737.1,86.09,89.81,0.12,92.34,32.41,0,0,0,0.0,0.0,0,LOW
XYZ20T102856,2026-07-25,2657.1,84.59,88.66,0.557,76.15,44.79,0,0,0,0.0,0.0,0,LOW
XYZ20T102885,2026-07-25,8182.9,83.15,88.99,0.016,54.28,34.11,0,0,0,0.0,0.0,0,LOW
XYZ20T102891,2026-07-25,7859.6,82.14,87.91,0.059,49.3,37.25,0,0,0,0.0,0.0,0,LOW
XYZ20T102896,2026-07-25,971.5,82.33,86.77,-1.508,47.8,38.73,0,0,0,0.0,0.0,0,LOW
XYZ20T102903,2026-07-25,1581.1,83.4,88.15,0.001,51.65,37.9,0,0,0,0.0,0.0,0,LOW
XYZ20T102904,2026-07-25,4168.5,83.23,88.98,0.64,86.26,36.64,0,0,0,0.0033,0.3,0,LOW
XYZ20T102907,2026-07-25,4190.3,87.53,93.53,0.037,80.69,33.15,0,0,0,0.0,0.0,0,LOW
XYZ20T102910,2026-07-25,5676.3,84.84,89.33,-0.16,61.34,44.39,0,0,0,0.0,0.0,0,LOW
XYZ20T102912,2026-07-25,3901.3,95.92,102.55,1.627,66.83,35.67,0,1,0,0.9427,94.3,1,CRITICAL
XYZ20T102919,2026-07-25,10912.5,82.43,89.41,-0.202,58.37,42.46,0,0,0,0.0,0.0,0,LOW
XYZ20T102924,2026-07-25,13267.5,86.98,93.04,0.393,60.98,33.91,0,0,0,0.0,0.0,0,LOW
XYZ20T102929,2026-07-25,7936.4,79.1,86.02,0.296,44.85,38.3,0,0,0,0.0,0.0,0,LOW
XYZ20T102933,2026-07-25,8038.3,82.19,87.76,-0.539,72.13,40.23,0,0,0,0.0,0.0,0,LOW
XYZ20T102934,2026-07-25,5359.1,80.53,85.55,-0.285,73.57,24.93,0,0,0,0.0,0.0,0,LOW
XYZ20T102941,2026-07-25,2502.0,82.47,88.77,0.139,62.29,38.6,0,0,0,0.0,0.0,0,LOW
XYZ20T102944,2026-07-25,5972.1,81.48,85.78,-0.427,50.61,27.83,0,0,0,0.0,0.0,0,LOW
XYZ20T102950,2026-07-25,12116.1,82.9,89.36,0.11,50.97,32.11,0,0,0,0.0,0.0,0,LOW
XYZ20T102956,2026-07-25,12959.8,87.07,92.21,-0.454,76.44,33.04,0,0,0,0.0,0.0,0,LOW
XYZ20T102960,2026-07-25,4043.8,83.11,90.04,0.038,41.38,36.8,0,0,0,0.0,0.0,0,LOW
XYZ20T102963,2026-07-25,15784.7,79.87,85.53,0.059,47.68,37.51,0,0,0,0.0,0.0,0,LOW
XYZ20T102974,2026-07-25,16398.9,85.99,89.07,-0.028,52.81,29.7,0,0,0,0.0,0.0,0,LOW
XYZ20T102998,2026-07-25,1907.4,80.84,84.62,-0.049,70.93,39.78,0,0,0,0.0,0.0,0,LOW
XYZ20T102999,2026-07-25,6655.6,84.83,90.98,0.138,78.86,33.16,0,0,0,0.0,0.0,0,LOW
XYZ20T103000,2026-07-25,1269.9,87.54,91.99,0.3,48.73,32.57,0,0,0,0.0,0.0,0,LOW
XYZ20T103005,2026-07-25,1922.6,86.03,92.77,-0.196,75.85,35.64,0,0,0,0.0,0.0,0,LOW
XYZ20T103006,2026-07-25,2588.9,83.22,87.4,0.039,54.59,34.97,0,0,0,0.0,0.0,0,LOW
XYZ20T103009,2026-07-25,1592.8,95.58,102.36,1.036,77.77,39.29,0,1,0,0.2513,25.1,0,LOW
XYZ20T103011,2026-07-25,3785.0,80.94,87.39,0.014,44.3,33.8,0,0,0,0.0,0.0,0,LOW
XYZ20T103017,2026-07-25,8179.1,87.14,93.84,-0.01,58.33,32.12,0,0,0,0.0032,0.3,0,LOW
XYZ20T103019,2026-07-25,19411.6,81.9,86.38,0.042,73.11,38.32,0,0,0,0.0,0.0,0,LOW
XYZ20T103021,2026-07-25,11428.2,82.31,87.73,0.068,55.48,26.9,0,0,0,0.0,0.0,0,LOW
XYZ20T103031,2026-07-25,6484.5,81.47,85.46,0.198,61.39,20.0,0,0,0,0.0,0.0,0,LOW
XYZ20T103039,2026-07-25,19177.9,86.39,92.66,-0.094,74.7,38.15,0,0,0,0.0,0.0,0,LOW
XYZ20T103046,2026-07-25,7197.5,77.15,84.07,-0.295,37.72,29.6,0,0,0,0.0,0.0,0,LOW
XYZ20T103050,2026-07-25,1496.9,82.22,87.71,-0.379,53.97,33.54,0,0,0,0.0,0.0,0,LOW
XYZ20T103052,2026-07-25,14817.8,85.32,91.2,1.269,36.36,35.51,0,0,0,0.0463,4.6,0,LOW
XYZ20T103056,2026-07-25,3838.1,83.99,88.18,0.078,66.61,22.16,0,0,0,0.0,0.0,0,LOW
XYZ20T103059,2026-07-25,15373.7,87.67,92.66,-0.276,59.45,34.33,0,0,0,0.0,0.0,0,LOW
XYZ20T103061,2026-07-25,7234.4,76.33,82.28,-0.053,73.38,36.99,0,0,0,0.0,0.0,0,LOW
XYZ20T103065,2026-07-25,11455.4,86.78,92.23,0.024,73.39,40.85,0,0,0,0.0,0.0,0,LOW
XYZ20T103073,2026-07-25,6919.5,76.58,80.44,-0.553,48.41,29.47,0,0,0,0.0,0.0,0,LOW
XYZ20T103077,2026-07-25,13405.1,79.57,84.01,-0.208,58.8,32.59,0,0,0,0.0,0.0,0,LOW
XYZ20T103080,2026-07-25,4612.7,81.64,86.0,0.409,61.81,29.81,0,0,0,0.0,0.0,0,LOW
XYZ20T103081,2026-07-25,14373.6,87.63,95.29,1.209,53.68,32.95,0,0,0,0.4417,44.2,1,MODERATE
XYZ20T103084,2026-07-25,24989.6,81.73,87.33,-0.028,55.16,43.62,0,0,0,0.0,0.0,0,LOW
XYZ20T103090,2026-07-25,4970.9,86.27,90.9,0.081,62.25,35.2,0,0,0,0.0,0.0,0,LOW
XYZ20T103091,2026-07-25,11075.1,80.18,85.18,0.481,49.2,39.41,0,0,0,0.0,0.0,0,LOW
XYZ20T103092,2026-07-25,13272.4,83.66,89.01,0.32,90.1,39.44,0,0,0,0.0,0.0,0,LOW
XYZ20T103101,2026-07-25,22676.0,83.21,87.45,-1.162,44.49,34.1,0,0,0,0.0,0.0,0,LOW
XYZ20T103103,2026-07-25,1010.7,80.92,84.5,-0.517,64.05,32.64,0,0,0,0.0,0.0,0,LOW
XYZ20T103112,2026-07-25,12593.9,83.69,88.61,0.168,59.15,33.27,0,0,0,0.0,0.0,0,LOW
XYZ20T103115,2026-07-25,5184.5,81.5,88.76,-0.279,62.28,25.22,0,0,0,0.0,0.0,0,LOW
XYZ20T103116,2026-07-25,17306.7,82.76,87.57,-1.585,71.64,38.82,0,0,0,0.0,0.0,0,LOW
XYZ20T103122,2026-07-25,3117.4,82.5,89.25,-1.865,63.63,36.78,0,0,0,0.0,0.0,0,LOW
XYZ20T103123,2026-07-25,6036.3,80.63,86.93,-0.317,48.03,40.77,0,0,0,0.0,0.0,0,LOW
XYZ20T103140,2026-07-25,12657.3,79.73,85.47,0.18,63.7,41.47,0,0,0,0.0,0.0,0,LOW
XYZ20T103159,2026-07-25,3356.2,81.71,85.87,-0.238,54.01,41.77,0,0,0,0.0,0.0,0,LOW
XYZ20T103161,2026-07-25,5077.9,85.25,89.0,-0.159,70.6,38.94,0,0,0,0.0,0.0,0,LOW
XYZ20T103165,2026-07-25,13134.4,81.03,85.6,-0.176,59.12,29.37,0,0,0,0.0,0.0,0,LOW
XYZ20T103166,2026-07-25,4752.4,82.92,87.52,-0.059,38.19,39.1,0,0,0,0.0,0.0,0,LOW
XYZ20T103168,2026-07-25,13266.6,82.8,86.47,-0.141,66.76,31.4,0,0,0,0.0,0.0,0,LOW
XYZ20T103169,2026-07-25,4683.6,81.26,85.0,-0.192,60.38,34.19,0,0,0,0.0,0.0,0,LOW
XYZ20T103189,2026-07-25,13805.8,82.22,85.75,-0.211,49.98,30.8,0,0,0,0.0,0.0,0,LOW
XYZ20T103192,2026-07-25,14226.2,85.18,89.76,-0.218,67.58,28.28,0,0,0,0.0,0.0,0,LOW
XYZ20T103197,2026-07-25,12469.9,81.06,84.46,-0.054,82.33,30.87,0,0,0,0.0,0.0,0,LOW
XYZ20T100001,2026-07-26,15374.6,88.15,91.83,0.372,41.48,27.44,0,0,0,0.0,0.0,0,LOW
XYZ20T100015,2026-07-26,9053.3,81.88,87.58,-0.059,62.13,34.56,0,0,0,0.0,0.0,0,LOW
XYZ20T100025,2026-07-26,2856.4,76.89,80.14,-0.09,47.87,28.99,0,0,0,0.0,0.0,0,LOW
XYZ20T100032,2026-07-26,11092.6,79.54,85.72,0.075,55.77,33.79,0,0,0,0.0,0.0,0,LOW
XYZ20T100034,2026-07-26,7105.5,86.42,90.31,-0.487,62.63,40.29,0,0,0,0.0,0.0,0,LOW
XYZ20T100046,2026-07-26,4845.1,88.3,91.9,0.04,71.6,35.72,0,0,0,0.0,0.0,0,LOW
XYZ20T100047,2026-07-26,2897.9,84.24,90.42,-0.32,49.78,30.89,0,0,0,0.0,0.0,0,LOW
XYZ20T100053,2026-07-26,13021.5,81.23,88.2,-0.173,68.53,27.16,0,0,0,0.0,0.0,0,LOW
XYZ20T100054,2026-07-26,13743.7,80.43,84.25,0.21,79.93,32.34,0,0,0,0.0,0.0,0,LOW
XYZ20T100056,2026-07-26,15435.9,79.97,86.61,-0.2,59.83,31.12,0,0,0,0.0,0.0,0,LOW
XYZ20T100066,2026-07-26,10065.3,77.69,83.61,-0.206,63.63,33.76,0,0,0,0.0,0.0,0,LOW
XYZ20T100070,2026-07-26,12482.6,80.68,85.27,0.008,63.47,41.22,0,0,0,0.0,0.0,0,LOW
XYZ20T100076,2026-07-26,4650.9,77.04,81.86,0.215,56.47,34.89,0,0,0,0.0,0.0,0,LOW
XYZ20T100083,2026-07-26,8336.2,80.7,87.47,-0.497,44.92,36.16,0,0,0,0.0,0.0,0,LOW
XYZ20T100091,2026-07-26,12958.4,79.28,83.46,0.007,68.57,25.64,0,0,0,0.0,0.0,0,LOW
XYZ20T100096,2026-07-26,2056.5,79.51,83.77,0.27,61.46,29.96,0,0,0,0.0,0.0,0,LOW
XYZ20T100105,2026-07-26,8053.1,82.5,85.62,0.159,56.69,34.91,0,0,0,0.0,0.0,0,LOW
XYZ20T100110,2026-07-26,7755.6,86.47,95.35,0.596,62.79,39.41,0,0,0,0.1181,11.8,0,LOW
XYZ20T100112,2026-07-26,14512.3,83.07,86.37,-0.014,48.37,33.45,0,0,0,0.0,0.0,0,LOW
XYZ20T100128,2026-07-26,13689.6,79.46,85.1,-0.493,42.91,40.07,0,0,0,0.0,0.0,0,LOW
XYZ20T100138,2026-07-26,9717.3,83.03,86.94,-0.32,72.03,33.48,0,0,0,0.0,0.0,0,LOW
XYZ20T100143,2026-07-26,3773.8,88.22,92.18,-0.001,77.08,29.68,0,0,0,0.0,0.0,0,LOW
XYZ20T100145,2026-07-26,9350.9,81.58,86.29,0.214,62.64,38.94,0,0,0,0.0,0.0,0,LOW
XYZ20T100148,2026-07-26,3757.3,88.81,95.09,-0.169,71.14,34.21,0,0,0,0.0032,0.3,0,LOW
XYZ20T100153,2026-07-26,14639.2,76.8,81.08,-0.608,55.48,33.15,0,0,0,0.0,0.0,0,LOW
XYZ20T100156,2026-07-26,4801.9,85.07,91.23,0.022,66.38,22.57,0,0,0,0.0,0.0,0,LOW
XYZ20T100166,2026-07-26,2960.4,80.0,84.36,0.428,56.36,35.99,0,0,0,0.0,0.0,0,LOW
XYZ20T100174,2026-07-26,23581.7,81.84,87.5,-0.053,65.02,33.09,0,0,0,0.0,0.0,0,LOW
XYZ20T100177,2026-07-26,1232.6,83.32,90.02,-0.063,70.03,30.87,0,0,0,0.0,0.0,0,LOW
XYZ20T100178,2026-07-26,20721.9,83.91,88.49,-0.224,57.44,21.99,0,0,0,0.0,0.0,0,LOW
XYZ20T100179,2026-07-26,1401.9,88.36,91.97,0.413,66.14,36.53,0,0,0,0.0033,0.3,0,LOW
XYZ20T100181,2026-07-26,19367.6,84.79,91.36,0.002,70.2,36.99,0,0,0,0.0,0.0,0,LOW
XYZ20T100182,2026-07-26,18688.2,84.59,87.83,-0.359,62.95,35.7,0,0,0,0.0,0.0,0,LOW
XYZ20T100187,2026-07-26,15040.9,81.58,84.59,0.056,56.99,29.9,0,0,0,0.0,0.0,0,LOW
XYZ20T100188,2026-07-26,16481.8,81.21,87.23,0.062,63.64,42.88,0,0,0,0.0,0.0,0,LOW
XYZ20T100192,2026-07-26,21532.6,87.32,93.01,-0.097,80.85,33.62,0,0,0,0.0,0.0,0,LOW
XYZ20T100196,2026-07-26,3868.3,79.61,86.12,0.055,42.55,41.41,0,0,0,0.0,0.0,0,LOW
XYZ20T100198,2026-07-26,1932.6,81.12,86.53,0.246,64.04,33.56,0,0,0,0.0,0.0,0,LOW
XYZ20T100200,2026-07-26,4182.3,83.94,90.71,0.112,41.95,32.25,0,0,0,0.0,0.0,0,LOW
XYZ20T100207,2026-07-26,6941.0,80.09,83.42,0.58,56.05,36.39,0,0,0,0.0,0.0,0,LOW
XYZ20T100215,2026-07-26,7371.2,80.8,85.69,0.063,52.45,45.98,0,0,0,0.0,0.0,0,LOW
XYZ20T100243,2026-07-26,8642.0,80.12,85.68,0.298,67.74,41.31,0,0,0,0.0,0.0,0,LOW
XYZ20T100244,2026-07-26,3422.9,83.12,88.44,0.304,65.42,36.43,0,0,0,0.0,0.0,0,LOW
XYZ20T100250,2026-07-26,7204.8,79.13,85.07,-0.136,73.73,35.35,0,0,0,0.0,0.0,0,LOW
XYZ20T100255,2026-07-26,4816.4,80.73,84.27,-0.364,46.11,36.33,0,0,0,0.0,0.0,0,LOW
XYZ20T100258,2026-07-26,9539.5,81.25,87.35,0.307,66.82,27.78,0,0,0,0.0,0.0,0,LOW
XYZ20T100260,2026-07-26,15875.0,89.88,95.53,0.399,88.98,35.77,0,0,0,0.0,0.0,0,LOW
XYZ20T100261,2026-07-26,16405.5,86.39,90.91,0.325,67.74,32.17,0,0,0,0.0,0.0,0,LOW
XYZ20T100270,2026-07-26,6123.3,80.82,86.62,-0.376,55.6,45.19,0,0,0,0.0,0.0,0,LOW
XYZ20T100274,2026-07-26,7534.3,81.47,84.61,0.213,43.95,30.45,0,0,0,0.0,0.0,0,LOW
XYZ20T100293,2026-07-26,4552.8,79.92,84.23,-0.251,67.5,26.33,0,0,0,0.0,0.0,0,LOW
XYZ20T100295,2026-07-26,854.1,82.3,86.68,0.147,72.44,29.45,0,0,0,0.0,0.0,0,LOW
XYZ20T100299,2026-07-26,19938.1,87.65,90.76,-0.082,70.52,37.24,0,0,0,0.0,0.0,0,LOW
XYZ20T100301,2026-07-26,18824.1,78.11,84.58,-0.069,68.94,30.98,0,0,0,0.0,0.0,0,LOW
XYZ20T100303,2026-07-26,24962.9,80.35,84.54,0.047,74.68,33.61,0,0,0,0.0,0.0,0,LOW
XYZ20T100304,2026-07-26,11080.0,87.78,93.68,0.251,77.38,39.68,0,0,0,0.0,0.0,0,LOW
XYZ20T100306,2026-07-26,12539.9,86.26,90.38,-0.014,60.61,28.08,0,0,0,0.0,0.0,0,LOW
XYZ20T100320,2026-07-26,859.0,81.49,84.79,0.175,61.0,29.55,0,0,0,0.0,0.0,0,LOW
XYZ20T100324,2026-07-26,13053.3,84.37,89.25,-0.271,60.1,32.51,0,0,0,0.0,0.0,0,LOW
XYZ20T100327,2026-07-26,1769.1,88.75,97.0,1.666,47.89,32.34,1,0,1,0.3091,30.9,1,MODERATE
XYZ20T100328,2026-07-26,17318.0,83.73,88.53,-0.237,66.54,40.96,0,0,0,0.0,0.0,0,LOW
XYZ20T100329,2026-07-26,3411.5,81.7,84.77,-0.24,52.6,30.04,0,0,0,0.0,0.0,0,LOW
XYZ20T100331,2026-07-26,24955.9,85.33,89.29,-0.064,64.81,41.69,0,0,0,0.0,0.0,0,LOW
XYZ20T100332,2026-07-26,24960.5,81.82,88.73,-0.468,54.63,27.76,0,0,0,0.0,0.0,0,LOW
XYZ20T100338,2026-07-26,6562.2,78.52,83.36,0.416,49.91,36.34,0,0,0,0.0,0.0,0,LOW
XYZ20T100339,2026-07-26,2996.2,86.45,92.8,0.212,64.73,32.7,0,0,0,0.0,0.0,0,LOW
XYZ20T100350,2026-07-26,10938.8,81.1,86.85,-0.123,54.47,31.39,0,0,0,0.0,0.0,0,LOW
XYZ20T100361,2026-07-26,17492.6,79.87,84.33,-0.374,45.53,31.58,0,0,0,0.0,0.0,0,LOW
XYZ20T100371,2026-07-26,10214.3,82.78,88.54,-1.499,41.8,34.22,0,0,0,0.0,0.0,0,LOW
XYZ20T100373,2026-07-26,13790.3,86.55,92.62,0.495,47.29,32.69,0,1,0,0.0,0.0,0,LOW
XYZ20T100377,2026-07-26,12344.1,89.04,95.84,0.906,69.32,33.12,0,0,0,0.1068,10.7,0,LOW
XYZ20T100379,2026-07-26,8528.9,85.53,95.55,0.933,71.91,32.5,0,0,0,0.3381,33.8,1,MODERATE
XYZ20T100380,2026-07-26,7617.7,79.79,83.62,0.016,65.99,31.94,0,0,0,0.0,0.0,0,LOW
XYZ20T100382,2026-07-26,12306.2,82.39,87.47,-2.044,54.03,31.47,0,0,0,0.0,0.0,0,LOW
XYZ20T100392,2026-07-26,15126.2,81.56,85.28,-1.077,70.41,37.09,0,0,0,0.0,0.0,0,LOW
XYZ20T100399,2026-07-26,4748.0,78.54,82.06,-0.106,66.62,42.57,0,0,0,0.0,0.0,0,LOW
XYZ20T100401,2026-07-26,10790.2,85.45,89.32,-1.703,71.13,20.89,0,0,0,0.0,0.0,0,LOW
XYZ20T100412,2026-07-26,2060.4,87.56,93.98,1.024,58.82,38.24,0,0,0,0.1444,14.4,0,LOW
XYZ20T100416,2026-07-26,2980.5,77.72,84.37,-0.444,45.71,42.62,0,0,0,0.0,0.0,0,LOW
XYZ20T100418,2026-07-26,7529.9,82.58,86.75,-1.749,69.88,30.38,0,0,0,0.0,0.0,0,LOW
XYZ20T100419,2026-07-26,7562.9,88.06,93.55,-2.068,63.69,34.35,0,0,0,0.0,0.0,0,LOW
XYZ20T100424,2026-07-26,16382.6,82.66,89.39,0.413,86.67,41.21,0,0,0,0.0,0.0,0,LOW
XYZ20T100427,2026-07-26,1740.6,85.13,89.45,0.112,42.92,37.8,0,0,0,0.0,0.0,0,LOW
XYZ20T100430,2026-07-26,13625.2,84.9,90.85,0.111,71.3,42.01,0,0,0,0.0,0.0,0,LOW
XYZ20T100432,2026-07-26,743.6,87.01,91.98,-0.287,53.31,27.82,0,0,0,0.0,0.0,0,LOW
XYZ20T100436,2026-07-26,3902.8,84.17,89.68,-1.986,72.65,28.29,0,0,0,0.0,0.0,0,LOW
XYZ20T100440,2026-07-26,15461.2,77.74,81.73,-0.318,61.95,29.96,0,0,0,0.0,0.0,0,LOW
XYZ20T100447,2026-07-26,7056.1,87.34,92.67,0.114,79.47,35.53,0,0,0,0.0,0.0,0,LOW
XYZ20T100449,2026-07-26,12555.7,80.73,86.54,-0.316,52.09,33.99,0,0,0,0.0,0.0,0,LOW
XYZ20T100450,2026-07-26,6639.9,86.52,92.81,0.293,64.26,41.6,0,0,0,0.0,0.0,0,LOW
XYZ20T100452,2026-07-26,10041.7,87.01,93.45,-1.598,51.38,39.45,0,0,0,0.0,0.0,0,LOW
XYZ20T100457,2026-07-26,5012.9,79.68,84.9,0.077,60.04,36.76,0,0,0,0.0,0.0,0,LOW
XYZ20T100458,2026-07-26,4154.2,89.42,98.0,1.382,51.92,34.54,0,0,0,0.572,57.2,1,HIGH
XYZ20T100462,2026-07-26,4307.9,86.83,92.68,0.091,60.2,25.38,0,0,0,0.0,0.0,0,LOW
XYZ20T100468,2026-07-26,7066.2,87.1,93.13,0.246,49.39,38.08,0,0,0,0.0,0.0,0,LOW
XYZ20T100469,2026-07-26,8339.4,82.75,87.07,0.104,55.36,34.02,0,0,0,0.0,0.0,0,LOW
XYZ20T100475,2026-07-26,14633.8,94.1,100.63,1.034,52.47,27.18,0,1,0,0.5043,50.4,1,HIGH
XYZ20T100477,2026-07-26,5635.8,78.45,82.33,0.01,50.17,22.78,0,0,0,0.0,0.0,0,LOW
XYZ20T100483,2026-07-26,22547.1,81.59,85.74,-0.629,52.6,20.0,0,0,0,0.0,0.0,0,LOW
XYZ20T100491,2026-07-26,8933.2,77.76,84.0,-0.161,37.7,35.93,0,0,0,0.0,0.0,0,LOW
XYZ20T100498,2026-07-26,24963.7,86.34,90.58,-0.102,43.64,29.67,0,0,0,0.0,0.0,0,LOW
XYZ20T100499,2026-07-26,15829.2,81.68,85.58,0.578,65.03,38.62,0,0,0,0.0,0.0,0,LOW
XYZ20T100500,2026-07-26,1517.2,85.38,90.68,0.046,31.77,30.01,0,0,0,0.0,0.0,0,LOW
XYZ20T100503,2026-07-26,11213.9,77.97,82.83,-0.045,57.57,36.1,0,0,0,0.0,0.0,0,LOW
XYZ20T100507,2026-07-26,5605.1,79.6,84.29,-0.236,56.6,36.43,0,0,0,0.0,0.0,0,LOW
XYZ20T100517,2026-07-26,7992.4,81.15,85.68,-0.088,67.67,30.68,0,0,0,0.0,0.0,0,LOW
XYZ20T100528,2026-07-26,15127.7,81.86,87.34,-0.127,64.87,38.26,0,0,0,0.0,0.0,0,LOW
XYZ20T100529,2026-07-26,16335.8,82.93,88.09,-0.129,60.18,41.04,0,0,0,0.0,0.0,0,LOW
XYZ20T100533,2026-07-26,1989.4,86.42,90.87,-0.18,59.99,27.82,0,0,0,0.0,0.0,0,LOW
XYZ20T100537,2026-07-26,23262.3,82.86,91.35,0.063,55.4,29.16,0,0,0,0.0,0.0,0,LOW
XYZ20T100541,2026-07-26,13110.1,84.4,90.02,1.317,64.32,28.52,1,0,0,0.0897,9.0,0,LOW
XYZ20T100551,2026-07-26,13038.3,80.14,86.67,0.552,69.98,31.71,0,0,0,0.0,0.0,0,LOW
XYZ20T100552,2026-07-26,3508.4,78.55,82.53,-0.203,52.32,22.05,0,0,0,0.0,0.0,0,LOW
XYZ20T100556,2026-07-26,11116.3,78.05,83.63,0.04,71.15,29.19,0,0,0,0.0,0.0,0,LOW
XYZ20T100557,2026-07-26,8917.0,87.06,91.31,0.058,61.54,33.46,0,0,0,0.0,0.0,0,LOW
XYZ20T100560,2026-07-26,852.4,78.08,81.54,0.012,67.45,30.95,0,0,0,0.0,0.0,0,LOW
XYZ20T100569,2026-07-26,9695.9,78.75,83.03,-0.075,54.66,33.72,0,0,0,0.0,0.0,0,LOW
XYZ20T100573,2026-07-26,2665.4,79.34,84.25,-0.832,72.45,34.65,0,0,0,0.0,0.0,0,LOW
XYZ20T100580,2026-07-26,7013.1,83.07,88.55,-0.56,66.4,26.71,0,0,0,0.0,0.0,0,LOW
XYZ20T100581,2026-07-26,11349.5,82.5,88.44,-0.129,54.38,30.48,0,0,0,0.0,0.0,0,LOW
XYZ20T100583,2026-07-26,14392.7,89.19,95.14,0.263,84.39,30.97,0,0,0,0.0,0.0,0,LOW
XYZ20T100586,2026-07-26,11257.0,79.99,85.0,-0.325,52.06,39.49,0,0,0,0.0,0.0,0,LOW
XYZ20T100591,2026-07-26,14062.6,85.78,91.27,-0.054,41.5,33.55,0,0,0,0.0,0.0,0,LOW
XYZ20T100592,2026-07-26,24182.4,86.54,92.71,-0.296,62.63,33.63,0,0,0,0.0,0.0,0,LOW
XYZ20T100594,2026-07-26,12459.0,86.17,92.1,0.271,75.24,35.9,0,0,0,0.0,0.0,0,LOW
XYZ20T100595,2026-07-26,8022.2,85.09,89.98,0.067,33.88,38.87,0,0,0,0.0033,0.3,0,LOW
XYZ20T100597,2026-07-26,2531.0,82.59,90.14,-0.526,65.04,30.29,0,0,0,0.0,0.0,0,LOW
XYZ20T100600,2026-07-26,19892.4,78.87,85.09,0.263,71.92,30.35,0,0,0,0.0,0.0,0,LOW
XYZ20T100604,2026-07-26,4291.5,84.08,96.15,0.606,37.53,39.32,1,1,0,0.3473,34.7,1,MODERATE
XYZ20T100610,2026-07-26,18873.1,80.01,83.46,-0.239,65.13,44.87,0,0,0,0.0,0.0,0,LOW
XYZ20T100621,2026-07-26,8463.8,88.84,95.32,0.228,66.5,40.19,0,0,0,0.0033,0.3,0,LOW
XYZ20T100624,2026-07-26,5345.6,82.89,86.88,0.193,66.7,39.7,0,0,0,0.0,0.0,0,LOW
XYZ20T100625,2026-07-26,7039.9,83.91,87.34,-1.659,57.47,38.13,0,0,0,0.0,0.0,0,LOW
XYZ20T100630,2026-07-26,6250.1,83.68,90.64,-0.182,63.8,33.55,0,0,0,0.0,0.0,0,LOW
XYZ20T100633,2026-07-26,2807.1,79.96,83.14,-0.042,67.52,27.01,0,0,0,0.0,0.0,0,LOW
XYZ20T100636,2026-07-26,13090.9,78.75,84.74,-0.505,75.43,24.59,0,0,0,0.0,0.0,0,LOW
XYZ20T100641,2026-07-26,14898.7,83.81,89.5,-0.456,63.21,29.13,0,0,0,0.0,0.0,0,LOW
XYZ20T100643,2026-07-26,4267.4,81.04,84.81,-0.005,45.28,36.4,0,0,0,0.0,0.0,0,LOW
XYZ20T100652,2026-07-26,629.5,86.0,90.3,0.054,66.02,28.64,0,0,0,0.0,0.0,0,LOW
XYZ20T100656,2026-07-26,15923.2,83.71,89.59,0.037,59.27,35.07,0,0,0,0.0,0.0,0,LOW
XYZ20T100662,2026-07-26,17190.2,87.36,93.12,-0.109,82.73,33.76,0,0,0,0.0,0.0,0,LOW
XYZ20T100675,2026-07-26,10074.5,81.26,87.55,-0.35,57.0,34.2,0,0,0,0.0,0.0,0,LOW
XYZ20T100676,2026-07-26,18315.7,83.69,90.59,0.492,46.45,40.49,0,0,0,0.0,0.0,0,LOW
XYZ20T100684,2026-07-26,5699.0,80.73,85.28,-0.114,57.04,39.41,0,0,0,0.0,0.0,0,LOW
XYZ20T100685,2026-07-26,1639.9,82.89,89.86,0.152,63.29,36.64,0,0,0,0.0,0.0,0,LOW
XYZ20T100704,2026-07-26,8829.7,78.87,85.84,0.045,42.14,36.59,0,0,0,0.0,0.0,0,LOW
XYZ20T100712,2026-07-26,520.5,86.07,90.18,0.184,55.06,30.54,0,0,0,0.0,0.0,0,LOW
XYZ20T100714,2026-07-26,19094.6,82.98,88.62,0.137,62.68,35.86,0,0,0,0.0,0.0,0,LOW
XYZ20T100716,2026-07-26,6083.8,77.97,84.8,-0.475,59.45,32.11,0,0,0,0.0,0.0,0,LOW
XYZ20T100724,2026-07-26,4606.8,79.08,85.74,-0.251,62.8,35.0,0,0,0,0.0,0.0,0,LOW
XYZ20T100726,2026-07-26,6395.4,83.21,86.27,0.061,51.06,35.53,0,0,0,0.0,0.0,0,LOW
XYZ20T100730,2026-07-26,5787.2,85.06,90.89,0.301,63.51,34.93,0,0,0,0.0,0.0,0,LOW
XYZ20T100740,2026-07-26,12432.0,80.7,86.28,-0.149,42.95,27.54,0,0,0,0.0,0.0,0,LOW
XYZ20T100747,2026-07-26,1656.6,81.85,85.08,-0.158,67.65,27.61,0,0,0,0.0,0.0,0,LOW
XYZ20T100759,2026-07-26,11472.5,98.32,108.62,1.511,58.24,37.13,1,0,1,0.9604,96.0,1,CRITICAL
XYZ20T100764,2026-07-26,19252.2,81.12,85.26,-0.15,36.41,38.95,0,0,0,0.0,0.0,0,LOW
XYZ20T100766,2026-07-26,19774.2,81.75,87.99,-0.201,67.99,35.31,0,0,0,0.0,0.0,0,LOW
XYZ20T100773,2026-07-26,16952.2,77.89,84.27,0.407,53.27,34.55,0,0,0,0.0,0.0,0,LOW
XYZ20T100778,2026-07-26,899.0,82.9,87.02,0.148,80.03,36.73,0,0,0,0.0,0.0,0,LOW
XYZ20T100781,2026-07-26,15854.5,76.77,82.58,-0.343,40.69,38.13,0,0,0,0.0,0.0,0,LOW
XYZ20T100793,2026-07-26,24902.1,77.19,80.98,0.068,49.67,29.66,1,0,0,0.0033,0.3,0,LOW
XYZ20T100796,2026-07-26,9740.3,84.87,90.0,0.132,59.37,34.75,0,0,0,0.0,0.0,0,LOW
XYZ20T100809,2026-07-26,6301.5,81.93,87.49,-0.416,62.7,37.67,0,0,0,0.0,0.0,0,LOW
XYZ20T100826,2026-07-26,17645.7,81.83,86.16,-0.181,81.35,34.27,0,0,0,0.0,0.0,0,LOW
XYZ20T100827,2026-07-26,9983.3,85.38,92.33,-0.241,73.11,40.38,0,0,0,0.0,0.0,0,LOW
XYZ20T100829,2026-07-26,15095.3,85.31,91.94,-1.496,69.76,35.51,0,0,0,0.0,0.0,0,LOW
XYZ20T100832,2026-07-26,16802.8,82.8,88.37,0.135,49.67,26.34,0,0,0,0.0,0.0,0,LOW
XYZ20T100833,2026-07-26,3846.9,93.26,101.78,0.953,73.02,29.56,0,1,0,0.6662,66.6,1,HIGH
XYZ20T100840,2026-07-26,11032.3,84.37,91.34,-0.212,69.55,26.28,0,0,0,0.0,0.0,0,LOW
XYZ20T100844,2026-07-26,2999.8,83.29,90.25,0.205,60.65,36.08,0,0,0,0.0,0.0,0,LOW
XYZ20T100848,2026-07-26,12963.5,75.37,81.24,-0.592,47.09,25.81,0,0,0,0.0,0.0,0,LOW
XYZ20T100849,2026-07-26,10646.7,79.27,82.76,0.035,64.43,36.81,0,0,0,0.0,0.0,0,LOW
XYZ20T100851,2026-07-26,22404.1,77.6,83.79,-0.274,58.6,43.68,0,0,0,0.0,0.0,0,LOW
XYZ20T100856,2026-07-26,20177.4,83.97,88.46,0.191,78.74,45.86,0,0,0,0.0,0.0,0,LOW
XYZ20T100858,2026-07-26,2992.1,89.52,95.85,0.248,74.93,26.95,0,0,0,0.0066,0.7,0,LOW
XYZ20T100868,2026-07-26,21245.1,88.14,97.07,0.372,57.5,33.14,0,0,0,0.0264,2.6,0,LOW
XYZ20T100869,2026-07-26,4313.4,86.91,93.06,-0.225,61.28,23.43,0,0,0,0.0,0.0,0,LOW
XYZ20T100871,2026-07-26,8887.3,77.88,81.1,-0.031,46.25,29.73,0,0,0,0.0,0.0,0,LOW
XYZ20T100877,2026-07-26,17883.7,83.78,87.49,-0.085,57.45,33.35,0,0,0,0.0,0.0,0,LOW
XYZ20T100879,2026-07-26,9859.3,80.48,87.53,-0.679,43.86,31.21,0,0,0,0.0,0.0,0,LOW
XYZ20T100881,2026-07-26,11882.1,86.63,91.07,-0.063,69.24,31.66,0,0,0,0.0,0.0,0,LOW
XYZ20T100884,2026-07-26,5742.9,86.18,89.77,-0.188,54.06,34.66,0,0,0,0.0,0.0,0,LOW
XYZ20T100899,2026-07-26,10301.2,76.91,81.23,-0.227,39.28,35.33,0,0,0,0.0,0.0,0,LOW
XYZ20T100901,2026-07-26,6518.1,80.59,87.28,-1.37,74.89,33.36,0,0,0,0.0,0.0,0,LOW
XYZ20T100902,2026-07-26,22453.3,78.56,82.29,-0.064,56.58,34.14,0,0,0,0.0,0.0,0,LOW
XYZ20T100907,2026-07-26,14897.2,81.98,86.7,0.171,44.75,33.42,0,0,0,0.0,0.0,0,LOW
XYZ20T100908,2026-07-26,1950.0,92.59,102.96,1.19,55.24,42.08,1,1,0,0.7526,75.3,1,CRITICAL
XYZ20T100911,2026-07-26,2950.1,85.95,91.28,0.083,80.69,25.16,0,0,0,0.0,0.0,0,LOW
XYZ20T100915,2026-07-26,7668.1,80.37,84.97,-0.984,54.47,39.14,0,0,0,0.0,0.0,0,LOW
XYZ20T100919,2026-07-26,9552.4,81.12,84.21,0.493,64.56,39.08,0,0,0,0.0,0.0,0,LOW
XYZ20T100924,2026-07-26,13787.9,85.98,92.35,0.03,75.17,31.3,0,0,0,0.0,0.0,0,LOW
XYZ20T100926,2026-07-26,18324.8,81.97,87.5,-0.2,78.87,29.08,0,0,0,0.0,0.0,0,LOW
XYZ20T100934,2026-07-26,4669.5,77.01,83.02,-0.154,38.65,33.31,0,0,0,0.0,0.0,0,LOW
XYZ20T100947,2026-07-26,3945.4,83.35,89.74,-1.315,63.54,34.46,0,0,0,0.0,0.0,0,LOW
XYZ20T100976,2026-07-26,2132.6,78.8,83.97,-0.314,48.27,27.96,0,0,0,0.0,0.0,0,LOW
XYZ20T100978,2026-07-26,17588.6,84.7,91.3,0.099,64.29,32.07,0,0,0,0.0,0.0,0,LOW
XYZ20T100986,2026-07-26,5240.3,81.94,85.33,0.149,51.95,35.01,0,0,0,0.0,0.0,0,LOW
XYZ20T100988,2026-07-26,12961.9,83.12,90.07,0.519,74.66,32.05,0,0,0,0.0,0.0,0,LOW
XYZ20T100989,2026-07-26,4869.6,86.74,90.56,0.152,62.27,39.87,0,0,0,0.0,0.0,0,LOW
XYZ20T100991,2026-07-26,4712.1,87.67,92.28,-0.083,67.15,37.0,0,0,0,0.0,0.0,0,LOW
XYZ20T100992,2026-07-26,3494.1,80.36,86.47,-0.561,72.72,32.88,0,0,0,0.0,0.0,0,LOW
XYZ20T100993,2026-07-26,3035.3,80.59,86.33,0.215,67.96,34.38,0,0,0,0.0,0.0,0,LOW
XYZ20T100999,2026-07-26,5786.4,77.85,81.86,0.024,60.59,32.48,0,0,0,0.0,0.0,0,LOW
XYZ20T101011,2026-07-26,4060.1,89.02,93.81,0.28,74.15,32.85,0,0,0,0.0,0.0,0,LOW
XYZ20T101013,2026-07-26,8762.8,82.26,85.53,-0.033,54.28,37.38,0,0,0,0.0,0.0,0,LOW
XYZ20T101017,2026-07-26,15802.1,82.72,86.11,0.175,42.15,42.61,0,0,0,0.0,0.0,0,LOW
XYZ20T101030,2026-07-26,14493.4,80.42,86.04,-1.119,50.16,35.97,0,0,0,0.0,0.0,0,LOW
XYZ20T101041,2026-07-26,11152.6,88.22,92.39,0.173,79.38,39.58,0,0,0,0.0,0.0,0,LOW
XYZ20T101067,2026-07-26,4439.1,84.75,91.0,0.972,38.39,34.77,0,1,0,0.0729,7.3,0,LOW
XYZ20T101069,2026-07-26,20709.6,82.41,87.39,-0.204,47.51,30.31,0,0,0,0.0,0.0,0,LOW
XYZ20T101070,2026-07-26,862.0,97.14,105.98,1.948,77.28,33.85,0,0,1,0.7703,77.0,1,CRITICAL
XYZ20T101080,2026-07-26,2814.3,81.18,84.72,0.063,75.74,33.91,0,0,0,0.0,0.0,0,LOW
XYZ20T101090,2026-07-26,966.8,87.69,92.77,0.315,56.15,27.09,0,0,0,0.0,0.0,0,LOW
XYZ20T101094,2026-07-26,13438.8,80.02,83.35,-0.151,66.4,23.75,0,0,0,0.0,0.0,0,LOW
XYZ20T101096,2026-07-26,2519.4,86.96,92.86,0.3,75.53,40.5,0,0,0,0.0,0.0,0,LOW
XYZ20T101100,2026-07-26,5659.0,85.38,89.69,-0.549,51.52,32.97,0,0,0,0.0,0.0,0,LOW
XYZ20T101102,2026-07-26,24951.2,80.94,86.73,-0.347,61.23,33.5,0,0,0,0.0,0.0,0,LOW
XYZ20T101107,2026-07-26,15898.1,82.71,85.76,0.415,69.21,39.08,0,0,0,0.0,0.0,0,LOW
XYZ20T101112,2026-07-26,5926.4,76.31,80.46,-1.295,47.02,21.56,0,0,0,0.0,0.0,0,LOW
XYZ20T101117,2026-07-26,3140.3,84.44,87.69,0.128,46.47,33.1,0,0,0,0.0,0.0,0,LOW
XYZ20T101120,2026-07-26,12962.6,86.87,91.0,0.359,52.51,36.64,0,0,0,0.0,0.0,0,LOW
XYZ20T101122,2026-07-26,10784.5,82.03,85.78,-0.04,76.5,41.76,0,0,0,0.0,0.0,0,LOW
XYZ20T101132,2026-07-26,3685.8,79.54,86.02,0.094,52.2,35.06,0,0,0,0.0,0.0,0,LOW
XYZ20T101134,2026-07-26,21234.7,89.4,96.4,-0.053,55.68,32.17,0,0,0,0.0163,1.6,0,LOW
XYZ20T101142,2026-07-26,5089.9,80.81,84.44,0.062,48.41,35.76,0,0,0,0.0,0.0,0,LOW
XYZ20T101147,2026-07-26,24501.5,80.33,86.39,-0.653,59.76,33.01,0,0,0,0.0,0.0,0,LOW
XYZ20T101149,2026-07-26,12515.2,77.49,81.56,-0.097,38.59,34.13,0,0,0,0.0,0.0,0,LOW
XYZ20T101150,2026-07-26,16959.1,81.86,88.22,0.331,71.27,37.32,0,0,0,0.0,0.0,0,LOW
XYZ20T101153,2026-07-26,4050.7,86.17,93.03,-0.112,52.21,34.77,0,0,0,0.0,0.0,0,LOW
XYZ20T101156,2026-07-26,10600.2,80.44,86.64,0.187,42.29,34.84,0,0,0,0.0,0.0,0,LOW
XYZ20T101158,2026-07-26,5815.1,88.83,94.68,-0.173,59.45,40.5,0,0,0,0.0,0.0,0,LOW
XYZ20T101165,2026-07-26,18424.7,77.62,82.69,-0.02,75.94,27.52,0,0,0,0.0,0.0,0,LOW
XYZ20T101169,2026-07-26,11395.6,82.49,88.81,-0.001,62.96,38.07,0,0,0,0.0,0.0,0,LOW
XYZ20T101173,2026-07-26,380.8,84.55,89.73,0.009,69.71,33.91,0,0,0,0.0,0.0,0,LOW
XYZ20T101175,2026-07-26,5020.5,86.13,89.98,-0.31,60.99,33.95,0,0,0,0.0,0.0,0,LOW
XYZ20T101192,2026-07-26,5536.7,84.2,88.75,-0.388,42.46,38.95,0,0,0,0.0,0.0,0,LOW
XYZ20T101205,2026-07-26,8704.6,78.77,82.5,0.236,61.45,33.38,0,0,0,0.0,0.0,0,LOW
XYZ20T101208,2026-07-26,10527.0,86.45,93.14,0.502,46.25,38.91,0,0,0,0.0,0.0,0,LOW
XYZ20T101210,2026-07-26,7334.0,84.78,88.2,-0.129,62.52,31.77,0,0,0,0.0,0.0,0,LOW
XYZ20T101215,2026-07-26,13709.9,88.46,93.82,-0.658,50.71,29.64,0,0,0,0.0,0.0,0,LOW
XYZ20T101216,2026-07-26,1257.9,80.16,85.33,0.287,44.95,29.54,0,0,0,0.0,0.0,0,LOW
XYZ20T101220,2026-07-26,17322.8,85.77,90.33,-0.142,52.07,25.02,0,0,0,0.0,0.0,0,LOW
XYZ20T101222,2026-07-26,24784.1,80.85,85.56,0.033,95.88,34.91,0,0,0,0.0,0.0,0,LOW
XYZ20T101227,2026-07-26,725.0,87.13,92.82,-2.242,52.76,38.1,0,0,0,0.0,0.0,0,LOW
XYZ20T101233,2026-07-26,10762.3,91.59,98.49,0.378,61.56,33.1,0,0,0,0.0424,4.2,0,LOW
XYZ20T101236,2026-07-26,10264.1,89.79,95.15,-0.077,89.6,30.02,0,0,0,0.0033,0.3,0,LOW
XYZ20T101237,2026-07-26,1089.0,85.65,92.61,0.414,52.93,36.71,0,0,0,0.0,0.0,0,LOW
XYZ20T101240,2026-07-26,2701.1,80.46,87.16,0.153,68.1,32.62,0,0,0,0.0,0.0,0,LOW
XYZ20T101242,2026-07-26,13413.8,83.97,90.0,0.062,67.97,30.07,0,0,0,0.0,0.0,0,LOW
XYZ20T101273,2026-07-26,14660.1,87.58,90.83,0.313,76.95,41.96,0,0,0,0.0,0.0,0,LOW
XYZ20T101274,2026-07-26,3281.3,83.77,90.56,0.284,61.66,35.64,0,0,0,0.0,0.0,0,LOW
XYZ20T101275,2026-07-26,6692.4,77.02,83.38,0.018,46.06,32.8,0,0,0,0.0,0.0,0,LOW
XYZ20T101277,2026-07-26,14941.3,81.41,88.38,-0.226,60.98,38.17,0,0,0,0.0,0.0,0,LOW
XYZ20T101280,2026-07-26,1120.8,84.43,87.79,0.162,64.06,29.79,0,0,0,0.0,0.0,0,LOW
XYZ20T101286,2026-07-26,2271.8,82.44,88.03,-0.147,80.64,32.08,0,0,0,0.0,0.0,0,LOW
XYZ20T101290,2026-07-26,14078.5,81.4,85.94,-0.238,61.71,38.64,0,0,0,0.0,0.0,0,LOW
XYZ20T101298,2026-07-26,22034.1,88.49,91.99,-0.17,67.48,34.6,0,0,0,0.0,0.0,0,LOW
XYZ20T101299,2026-07-26,6344.0,83.83,87.51,-0.397,54.88,34.43,0,0,0,0.0,0.0,0,LOW
XYZ20T101301,2026-07-26,18593.6,75.87,80.6,-0.186,44.81,34.56,0,0,0,0.0,0.0,0,LOW
XYZ20T101306,2026-07-26,1123.0,83.02,86.86,0.154,56.93,25.62,0,0,0,0.0,0.0,0,LOW
XYZ20T101308,2026-07-26,8619.9,84.49,91.25,-0.406,56.72,31.33,0,0,0,0.0,0.0,0,LOW
XYZ20T101317,2026-07-26,663.2,87.02,90.3,0.216,63.81,33.54,0,0,0,0.0,0.0,0,LOW
XYZ20T101318,2026-07-26,7690.9,86.71,91.22,0.106,58.29,30.72,0,0,0,0.0,0.0,0,LOW
XYZ20T101319,2026-07-26,20952.4,86.19,90.15,-0.433,76.65,31.09,0,0,0,0.0,0.0,0,LOW
XYZ20T101326,2026-07-26,4152.8,85.17,89.51,-0.578,70.67,29.61,0,0,0,0.0,0.0,0,LOW
XYZ20T101334,2026-07-26,6062.6,82.97,87.91,-0.223,44.45,32.01,0,0,0,0.0,0.0,0,LOW
XYZ20T101349,2026-07-26,13233.8,76.19,81.22,0.048,38.56,41.22,0,0,0,0.0,0.0,0,LOW
XYZ20T101361,2026-07-26,2947.2,85.73,92.33,0.133,55.95,38.96,0,0,0,0.0,0.0,0,LOW
XYZ20T101369,2026-07-26,10346.8,86.39,89.49,-1.111,48.43,33.18,0,0,0,0.0,0.0,0,LOW
XYZ20T101374,2026-07-26,13334.7,80.0,85.19,-0.096,53.35,37.42,0,0,0,0.0,0.0,0,LOW
XYZ20T101384,2026-07-26,14910.3,83.3,87.35,0.172,55.33,39.7,0,0,0,0.0,0.0,0,LOW
XYZ20T101385,2026-07-26,13575.1,85.07,92.12,-0.666,66.66,42.68,0,0,0,0.0,0.0,0,LOW
XYZ20T101393,2026-07-26,17470.2,85.98,90.12,-0.238,52.88,27.26,0,0,0,0.0,0.0,0,LOW
XYZ20T101406,2026-07-26,16656.3,81.58,84.74,0.193,66.17,40.76,0,0,0,0.0,0.0,0,LOW
XYZ20T101413,2026-07-26,14102.6,86.51,93.14,0.227,56.1,36.1,0,0,0,0.0,0.0,0,LOW
XYZ20T101419,2026-07-26,12417.3,85.31,91.74,0.279,42.49,27.51,0,1,0,0.0,0.0,0,LOW
XYZ20T101423,2026-07-26,19069.4,86.2,92.23,-2.904,68.32,37.71,0,0,0,0.0,0.0,0,LOW
XYZ20T101428,2026-07-26,6261.0,83.36,87.35,-0.148,60.02,27.56,0,0,0,0.0,0.0,0,LOW
XYZ20T101431,2026-07-26,24965.6,88.87,93.31,0.264,71.5,31.02,0,0,0,0.0,0.0,0,LOW
XYZ20T101434,2026-07-26,11460.0,87.23,92.62,-0.481,63.8,35.16,0,0,0,0.0,0.0,0,LOW
XYZ20T101435,2026-07-26,12943.3,81.07,87.37,0.32,62.92,36.07,0,0,0,0.0,0.0,0,LOW
XYZ20T101437,2026-07-26,3315.9,87.82,94.71,0.263,73.92,33.61,0,0,0,0.0,0.0,0,LOW
XYZ20T101446,2026-07-26,9268.8,81.73,85.61,0.398,55.82,32.03,0,0,0,0.0,0.0,0,LOW
XYZ20T101468,2026-07-26,8345.3,84.52,88.86,-0.142,87.81,41.02,0,0,0,0.0,0.0,0,LOW
XYZ20T101479,2026-07-26,1427.2,81.49,85.91,-0.698,56.92,36.45,0,0,0,0.0,0.0,0,LOW
XYZ20T101484,2026-07-26,14427.8,81.17,85.93,0.441,46.7,44.31,0,0,0,0.0,0.0,0,LOW
XYZ20T101491,2026-07-26,13820.7,83.82,90.81,0.092,57.77,45.19,0,0,0,0.0,0.0,0,LOW
XYZ20T101498,2026-07-26,13485.6,78.12,81.46,0.5,46.49,39.63,0,0,0,0.0033,0.3,0,LOW
XYZ20T101500,2026-07-26,4293.8,80.08,85.65,0.015,54.83,37.58,0,0,0,0.0,0.0,0,LOW
XYZ20T101501,2026-07-26,16303.2,89.4,94.57,0.038,66.75,41.92,0,0,0,0.0,0.0,0,LOW
XYZ20T101502,2026-07-26,10751.2,78.52,81.59,-0.032,64.12,32.43,0,0,0,0.0,0.0,0,LOW
XYZ20T101504,2026-07-26,7287.6,77.24,82.9,-0.401,59.07,35.56,0,0,0,0.0,0.0,0,LOW
XYZ20T101511,2026-07-26,642.6,83.32,88.64,0.777,45.61,33.28,0,0,0,0.0033,0.3,0,LOW
XYZ20T101519,2026-07-26,13887.2,77.97,82.56,0.07,65.78,31.43,0,0,0,0.0,0.0,0,LOW
XYZ20T101525,2026-07-26,8268.0,83.58,88.55,-0.534,44.63,30.82,0,0,0,0.0,0.0,0,LOW
XYZ20T101526,2026-07-26,1247.3,79.6,85.98,0.229,56.12,25.45,0,0,0,0.0,0.0,0,LOW
XYZ20T101530,2026-07-26,20203.1,81.36,85.33,-0.079,44.93,27.03,0,0,0,0.0,0.0,0,LOW
XYZ20T101534,2026-07-26,5892.2,78.61,82.17,0.399,39.65,31.16,0,0,0,0.0,0.0,0,LOW
XYZ20T101549,2026-07-26,2030.9,78.7,83.49,-0.039,63.18,32.8,0,0,0,0.0,0.0,0,LOW
XYZ20T101550,2026-07-26,5071.7,78.83,82.74,0.19,58.3,34.25,0,0,0,0.0,0.0,0,LOW
XYZ20T101551,2026-07-26,607.2,84.52,88.91,0.599,78.78,35.28,0,0,0,0.0032,0.3,0,LOW
XYZ20T101555,2026-07-26,12545.0,86.58,90.95,-0.108,60.82,40.95,0,0,0,0.0,0.0,0,LOW
XYZ20T101558,2026-07-26,6144.0,78.29,81.46,-0.165,80.86,25.66,0,0,0,0.0,0.0,0,LOW
XYZ20T101562,2026-07-26,14217.4,82.51,86.04,-0.233,60.12,31.85,0,0,0,0.0,0.0,0,LOW
XYZ20T101567,2026-07-26,17217.2,83.42,86.9,-0.015,45.88,36.86,0,0,0,0.0,0.0,0,LOW
XYZ20T101573,2026-07-26,1965.1,89.46,93.16,0.081,59.99,31.73,0,0,0,0.0,0.0,0,LOW
XYZ20T101582,2026-07-26,15512.7,79.05,84.03,0.131,67.27,38.5,0,0,0,0.0,0.0,0,LOW
XYZ20T101586,2026-07-26,16419.0,86.32,92.56,-0.183,51.63,35.52,0,0,0,0.0,0.0,0,LOW
XYZ20T101593,2026-07-26,387.8,78.33,83.92,-0.083,51.15,33.1,0,0,0,0.0,0.0,0,LOW
XYZ20T101594,2026-07-26,12767.4,77.39,83.28,-0.267,35.29,38.42,0,0,0,0.0,0.0,0,LOW
XYZ20T101629,2026-07-26,5910.3,81.19,86.67,0.335,59.74,34.06,0,0,0,0.0,0.0,0,LOW
XYZ20T101633,2026-07-26,13119.8,78.78,85.6,-0.237,40.58,37.46,0,0,0,0.0,0.0,0,LOW
XYZ20T101659,2026-07-26,6247.1,85.98,90.9,0.221,83.78,37.66,0,0,0,0.0,0.0,0,LOW
XYZ20T101662,2026-07-26,11534.8,80.87,87.18,0.361,62.64,31.1,0,0,0,0.0,0.0,0,LOW
XYZ20T101663,2026-07-26,20848.6,81.03,85.64,-0.073,53.12,32.69,0,0,0,0.0,0.0,0,LOW
XYZ20T101669,2026-07-26,4383.9,82.19,85.32,0.552,65.88,30.83,0,0,0,0.0033,0.3,0,LOW
XYZ20T101677,2026-07-26,4149.8,82.63,86.79,-0.412,74.58,29.01,0,0,0,0.0,0.0,0,LOW
XYZ20T101678,2026-07-26,5514.2,78.92,82.04,0.436,47.96,31.37,0,0,0,0.0,0.0,0,LOW
XYZ20T101685,2026-07-26,11667.8,77.11,83.33,0.291,52.88,34.75,0,0,0,0.0,0.0,0,LOW
XYZ20T101692,2026-07-26,454.6,80.88,86.55,0.22,54.51,35.15,0,0,0,0.0,0.0,0,LOW
XYZ20T101693,2026-07-26,22592.9,84.19,89.43,-0.165,70.87,41.11,0,0,0,0.0,0.0,0,LOW
XYZ20T101696,2026-07-26,15651.4,85.61,89.3,-0.289,47.66,36.18,0,0,0,0.0,0.0,0,LOW
XYZ20T101698,2026-07-26,4790.0,82.65,88.86,0.156,70.3,20.02,0,0,0,0.0,0.0,0,LOW
XYZ20T101699,2026-07-26,24965.9,78.41,82.09,-0.431,42.28,29.14,0,0,0,0.0,0.0,0,LOW
XYZ20T101702,2026-07-26,2304.6,79.48,85.5,-0.579,71.34,29.18,0,0,0,0.0,0.0,0,LOW
XYZ20T101718,2026-07-26,2605.9,85.15,88.67,0.285,76.21,25.16,0,0,0,0.0,0.0,0,LOW
XYZ20T101728,2026-07-26,580.8,84.48,90.41,-0.325,46.71,30.14,0,0,0,0.0,0.0,0,LOW
XYZ20T101733,2026-07-26,9316.9,91.79,97.04,0.529,81.81,36.03,0,0,0,0.2228,22.3,0,LOW
XYZ20T101735,2026-07-26,12601.2,79.69,84.33,0.493,56.61,35.62,0,0,0,0.0,0.0,0,LOW
XYZ20T101740,2026-07-26,16764.8,80.99,85.18,0.008,64.81,34.31,0,0,0,0.0,0.0,0,LOW
XYZ20T101764,2026-07-26,6383.2,81.73,87.24,-0.175,50.28,41.09,0,0,0,0.0,0.0,0,LOW
XYZ20T101767,2026-07-26,1761.5,80.48,85.02,-0.524,39.03,33.52,0,0,0,0.0,0.0,0,LOW
XYZ20T101768,2026-07-26,3744.0,83.63,87.84,-0.024,71.57,30.49,0,0,0,0.0,0.0,0,LOW
XYZ20T101773,2026-07-26,11710.8,81.85,86.13,0.121,72.08,33.99,0,0,0,0.0,0.0,0,LOW
XYZ20T101782,2026-07-26,4254.8,77.44,83.05,-0.317,59.89,27.55,0,0,0,0.0,0.0,0,LOW
XYZ20T101789,2026-07-26,8746.8,79.56,83.75,0.032,81.63,32.4,0,0,0,0.0,0.0,0,LOW
XYZ20T101790,2026-07-26,4277.8,91.57,97.09,0.992,71.37,35.82,0,1,0,0.3199,32.0,1,MODERATE
XYZ20T101791,2026-07-26,16810.4,84.52,89.28,-0.003,52.85,26.53,0,0,0,0.0,0.0,0,LOW
XYZ20T101792,2026-07-26,1490.0,85.56,89.16,0.142,50.91,34.97,0,0,0,0.0,0.0,0,LOW
XYZ20T101794,2026-07-26,10824.0,85.42,91.67,-0.082,46.07,28.46,0,0,0,0.0,0.0,0,LOW
XYZ20T101805,2026-07-26,13067.9,83.31,87.36,-0.09,65.32,25.43,0,0,0,0.0,0.0,0,LOW
XYZ20T101807,2026-07-26,10004.0,88.7,92.17,0.386,56.62,37.35,0,0,0,0.0,0.0,0,LOW
XYZ20T101809,2026-07-26,11954.7,82.81,85.95,0.037,56.31,43.4,0,0,0,0.0,0.0,0,LOW
XYZ20T101820,2026-07-26,8520.0,86.0,89.97,0.181,70.75,39.16,1,0,0,0.0,0.0,0,LOW
XYZ20T101825,2026-07-26,10339.1,85.34,89.68,0.294,70.55,38.48,0,0,0,0.0,0.0,0,LOW
XYZ20T101832,2026-07-26,13318.4,80.79,86.93,0.005,66.78,29.93,0,0,0,0.0,0.0,0,LOW
XYZ20T101838,2026-07-26,12940.3,78.84,83.06,-0.456,51.81,38.7,0,0,0,0.0,0.0,0,LOW
XYZ20T101842,2026-07-26,6929.0,77.18,83.61,-0.095,49.33,36.86,0,0,0,0.0,0.0,0,LOW
XYZ20T101848,2026-07-26,22191.2,80.62,84.94,0.233,67.33,31.65,0,0,0,0.0,0.0,0,LOW
XYZ20T101861,2026-07-26,9827.7,77.39,84.36,0.011,45.83,31.47,0,0,0,0.0,0.0,0,LOW
XYZ20T101862,2026-07-26,7639.8,85.56,90.31,-0.178,68.58,33.72,0,0,0,0.0,0.0,0,LOW
XYZ20T101866,2026-07-26,5543.4,77.31,84.26,0.11,46.05,32.5,0,0,0,0.0,0.0,0,LOW
XYZ20T101868,2026-07-26,6631.4,81.58,87.33,0.128,79.33,32.18,0,0,0,0.0,0.0,0,LOW
XYZ20T101869,2026-07-26,4242.9,78.56,82.5,0.028,53.89,29.49,0,0,0,0.0,0.0,0,LOW
XYZ20T101884,2026-07-26,24935.3,81.74,88.07,-0.09,62.3,21.19,0,0,0,0.0,0.0,0,LOW
XYZ20T101886,2026-07-26,2662.6,83.39,89.18,-0.347,61.83,29.55,0,0,0,0.0,0.0,0,LOW
XYZ20T101892,2026-07-26,8883.5,82.79,86.59,0.006,59.84,36.17,0,0,0,0.0,0.0,0,LOW
XYZ20T101897,2026-07-26,20087.0,82.17,88.54,0.192,51.96,37.64,0,0,0,0.0,0.0,0,LOW
XYZ20T101898,2026-07-26,11950.0,86.44,91.47,0.205,52.71,38.74,0,0,0,0.0,0.0,0,LOW
XYZ20T101900,2026-07-26,24957.9,85.48,89.22,0.034,41.58,37.73,0,0,0,0.0,0.0,0,LOW
XYZ20T101905,2026-07-26,18303.5,79.13,85.62,-0.037,40.96,35.92,0,0,0,0.0,0.0,0,LOW
XYZ20T101912,2026-07-26,6789.8,76.73,80.08,0.003,29.69,34.7,0,0,0,0.0,0.0,0,LOW
XYZ20T101915,2026-07-26,636.6,94.61,103.5,1.26,56.46,37.99,1,0,0,0.6511,65.1,1,HIGH
XYZ20T101917,2026-07-26,13574.6,83.5,87.07,0.064,80.34,38.78,0,0,0,0.0,0.0,0,LOW
XYZ20T101921,2026-07-26,15108.9,81.68,85.09,0.023,56.89,32.78,0,0,0,0.0,0.0,0,LOW
XYZ20T101922,2026-07-26,1287.5,83.52,88.74,-2.069,42.02,31.56,0,0,0,0.0,0.0,0,LOW
XYZ20T101924,2026-07-26,14687.4,81.66,85.56,0.282,50.71,34.54,0,0,0,0.0,0.0,0,LOW
XYZ20T101928,2026-07-26,14451.3,80.75,84.77,-0.117,40.61,41.5,0,0,0,0.0,0.0,0,LOW
XYZ20T101935,2026-07-26,3634.8,85.4,89.77,-0.621,41.55,29.31,0,0,0,0.0,0.0,0,LOW
XYZ20T101946,2026-07-26,9813.8,86.34,92.1,-0.389,65.84,33.19,0,0,0,0.0,0.0,0,LOW
XYZ20T101957,2026-07-26,14714.4,78.82,83.15,0.01,52.52,26.43,0,0,0,0.0,0.0,0,LOW
XYZ20T101958,2026-07-26,24987.3,87.74,94.33,0.468,58.58,27.8,0,0,0,0.0,0.0,0,LOW
XYZ20T101959,2026-07-26,12768.2,78.52,83.99,0.404,55.88,31.72,0,0,0,0.0,0.0,0,LOW
XYZ20T101960,2026-07-26,11777.6,77.56,83.87,-0.147,53.34,31.09,0,0,0,0.0,0.0,0,LOW
XYZ20T101964,2026-07-26,3409.5,88.18,93.23,-0.061,62.71,37.58,0,0,0,0.0,0.0,0,LOW
XYZ20T101965,2026-07-26,6557.3,82.34,89.0,-0.032,38.95,38.02,0,0,0,0.0,0.0,0,LOW
XYZ20T101978,2026-07-26,18264.4,83.82,89.92,0.505,70.89,41.79,0,0,0,0.0,0.0,0,LOW
XYZ20T101983,2026-07-26,504.8,84.86,88.11,0.059,64.34,31.88,0,0,0,0.0,0.0,0,LOW
XYZ20T101996,2026-07-26,11429.9,84.52,89.57,0.422,47.88,39.2,0,0,0,0.0,0.0,0,LOW
XYZ20T102000,2026-07-26,654.9,85.25,92.21,0.18,59.04,29.89,0,0,0,0.0,0.0,0,LOW
XYZ20T102004,2026-07-26,768.7,83.41,87.73,0.394,79.26,39.62,0,0,0,0.0,0.0,0,LOW
XYZ20T102009,2026-07-26,23412.3,87.23,92.86,0.161,56.06,35.11,0,0,0,0.0,0.0,0,LOW
XYZ20T102012,2026-07-26,3695.1,78.96,84.19,-0.415,38.75,39.05,0,0,0,0.0,0.0,0,LOW
XYZ20T102025,2026-07-26,14588.3,81.6,86.69,-0.08,71.81,38.01,0,0,0,0.0,0.0,0,LOW
XYZ20T102026,2026-07-26,2763.0,88.48,91.98,0.391,68.66,35.02,0,0,0,0.0,0.0,0,LOW
XYZ20T102029,2026-07-26,17091.2,82.34,86.69,-1.653,55.33,28.63,0,0,0,0.0,0.0,0,LOW
XYZ20T102030,2026-07-26,3099.7,89.28,92.9,0.19,80.81,28.08,0,0,0,0.0,0.0,0,LOW
XYZ20T102031,2026-07-26,2856.2,83.74,87.2,-1.639,44.9,31.46,0,0,0,0.0,0.0,0,LOW
XYZ20T102038,2026-07-26,10771.6,76.2,81.54,-0.133,56.75,32.02,0,0,0,0.0,0.0,0,LOW
XYZ20T102041,2026-07-26,7898.1,82.47,88.64,0.076,63.8,40.02,0,0,0,0.0,0.0,0,LOW
XYZ20T102046,2026-07-26,6014.0,79.31,84.53,0.261,50.49,36.77,0,0,0,0.0,0.0,0,LOW
XYZ20T102048,2026-07-26,9320.1,82.54,86.31,-1.578,77.55,31.78,0,0,0,0.0,0.0,0,LOW
XYZ20T102053,2026-07-26,12583.1,78.18,84.8,-0.0,58.12,20.0,0,0,0,0.0,0.0,0,LOW
XYZ20T102054,2026-07-26,14055.9,89.35,93.44,0.225,84.6,33.56,0,0,0,0.0,0.0,0,LOW
XYZ20T102055,2026-07-26,4355.3,76.03,79.92,-0.465,34.35,33.43,0,0,0,0.0,0.0,0,LOW
XYZ20T102060,2026-07-26,9963.2,82.7,87.77,-0.446,46.96,26.2,0,0,0,0.0,0.0,0,LOW
XYZ20T102065,2026-07-26,9001.3,81.75,87.82,0.123,51.09,37.0,0,0,0,0.0,0.0,0,LOW
XYZ20T102073,2026-07-26,1945.4,85.79,91.38,-0.076,50.35,43.1,0,0,0,0.0,0.0,0,LOW
XYZ20T102090,2026-07-26,10017.2,83.71,86.83,-0.216,45.45,33.17,0,0,0,0.0,0.0,0,LOW
XYZ20T102097,2026-07-26,624.1,84.79,89.37,-0.585,61.9,34.62,0,0,0,0.0,0.0,0,LOW
XYZ20T102102,2026-07-26,11887.6,83.86,87.43,0.445,68.8,30.13,0,0,0,0.0,0.0,0,LOW
XYZ20T102103,2026-07-26,4835.7,85.38,91.21,0.086,64.86,32.66,0,0,0,0.0,0.0,0,LOW
XYZ20T102108,2026-07-26,18262.6,88.67,95.65,0.088,54.12,47.59,0,0,0,0.0033,0.3,0,LOW
XYZ20T102121,2026-07-26,4054.7,76.94,80.96,0.237,48.76,34.14,0,0,0,0.0,0.0,0,LOW
XYZ20T102127,2026-07-26,5605.2,82.83,88.71,-0.016,66.71,39.95,0,0,0,0.0,0.0,0,LOW
XYZ20T102132,2026-07-26,5969.0,88.15,96.6,0.925,60.24,40.0,0,1,0,0.4397,44.0,1,MODERATE
XYZ20T102138,2026-07-26,2053.9,81.06,86.91,-0.32,65.72,34.97,0,0,0,0.0,0.0,0,LOW
XYZ20T102169,2026-07-26,4377.7,77.14,84.13,-0.469,54.95,27.71,0,0,0,0.0,0.0,0,LOW
XYZ20T102176,2026-07-26,1915.4,81.4,87.66,-0.011,69.47,31.45,0,0,0,0.0,0.0,0,LOW
XYZ20T102178,2026-07-26,24961.5,79.96,86.51,-0.102,67.61,29.73,0,0,0,0.0,0.0,0,LOW
XYZ20T102182,2026-07-26,18782.1,83.03,87.76,0.119,50.46,35.67,0,0,0,0.0,0.0,0,LOW
XYZ20T102191,2026-07-26,8509.0,80.84,84.45,-0.02,57.57,34.87,0,0,0,0.0,0.0,0,LOW
XYZ20T102196,2026-07-26,13878.7,79.47,84.15,-0.447,59.8,39.1,0,0,0,0.0,0.0,0,LOW
XYZ20T102203,2026-07-26,12148.2,77.12,81.96,-0.433,39.37,40.98,0,0,0,0.0,0.0,0,LOW
XYZ20T102212,2026-07-26,2729.5,86.62,93.4,-0.188,52.54,32.53,0,0,0,0.0,0.0,0,LOW
XYZ20T102214,2026-07-26,19754.9,85.49,90.42,0.376,52.5,42.36,0,0,0,0.0,0.0,0,LOW
XYZ20T102217,2026-07-26,5679.7,82.25,87.07,0.173,46.35,40.81,0,0,0,0.0,0.0,0,LOW
XYZ20T102223,2026-07-26,12019.2,83.98,88.76,0.121,75.51,36.22,0,0,0,0.0,0.0,0,LOW
XYZ20T102226,2026-07-26,3115.7,82.22,87.99,-0.296,43.47,35.51,0,0,0,0.0,0.0,0,LOW
XYZ20T102230,2026-07-26,11735.6,81.58,87.25,0.122,69.56,36.11,0,0,0,0.0,0.0,0,LOW
XYZ20T102240,2026-07-26,11298.6,98.83,105.71,1.144,67.92,33.27,0,1,0,0.8293,82.9,1,CRITICAL
XYZ20T102251,2026-07-26,12556.4,81.72,84.83,-0.255,48.57,30.22,0,0,0,0.0,0.0,0,LOW
XYZ20T102259,2026-07-26,17052.7,79.59,85.18,0.474,49.35,36.48,0,0,0,0.0,0.0,0,LOW
XYZ20T102267,2026-07-26,11800.6,82.87,87.92,-0.043,66.96,33.05,0,0,0,0.0,0.0,0,LOW
XYZ20T102268,2026-07-26,12534.6,80.23,84.39,-0.444,45.9,29.74,0,0,0,0.0,0.0,0,LOW
XYZ20T102285,2026-07-26,19913.9,87.67,93.02,-0.308,62.3,31.56,0,0,0,0.0,0.0,0,LOW
XYZ20T102287,2026-07-26,2834.6,85.53,90.08,-0.091,68.43,30.34,0,0,0,0.0,0.0,0,LOW
XYZ20T102291,2026-07-26,14716.9,81.58,85.13,0.428,72.53,35.23,0,0,0,0.0,0.0,0,LOW
XYZ20T102294,2026-07-26,1579.8,78.1,82.29,-0.838,61.15,29.11,0,0,0,0.0,0.0,0,LOW
XYZ20T102325,2026-07-26,14029.4,83.85,87.73,0.183,70.74,44.13,0,0,0,0.0,0.0,0,LOW
XYZ20T102327,2026-07-26,12181.1,79.57,85.94,-0.058,45.43,36.59,0,0,0,0.0,0.0,0,LOW
XYZ20T102330,2026-07-26,16404.7,81.2,87.7,0.022,64.98,31.53,0,0,0,0.0,0.0,0,LOW
XYZ20T102345,2026-07-26,20238.0,87.12,92.15,-0.35,49.16,44.52,0,0,0,0.0,0.0,0,LOW
XYZ20T102348,2026-07-26,15394.4,84.52,90.87,-0.253,68.18,24.21,0,0,0,0.0,0.0,0,LOW
XYZ20T102358,2026-07-26,6625.5,80.45,84.51,-0.406,68.29,30.84,0,0,0,0.0,0.0,0,LOW
XYZ20T102367,2026-07-26,3309.3,82.14,86.44,0.212,44.43,33.16,0,0,0,0.0,0.0,0,LOW
XYZ20T102369,2026-07-26,7673.3,87.34,95.06,-0.292,48.61,34.47,0,0,0,0.0067,0.7,0,LOW
XYZ20T102373,2026-07-26,4454.8,81.8,85.66,-0.15,70.9,26.2,0,0,0,0.0,0.0,0,LOW
XYZ20T102375,2026-07-26,6199.6,79.23,83.09,-0.172,51.61,29.0,0,0,0,0.0,0.0,0,LOW
XYZ20T102376,2026-07-26,19658.8,86.6,93.4,-0.298,68.28,32.41,0,0,0,0.0,0.0,0,LOW
XYZ20T102389,2026-07-26,7008.4,87.02,91.21,-1.435,58.29,37.8,0,0,0,0.0,0.0,0,LOW
XYZ20T102391,2026-07-26,1664.9,82.76,89.74,-0.118,50.46,31.16,0,0,0,0.0,0.0,0,LOW
XYZ20T102392,2026-07-26,14496.4,81.4,87.11,0.069,64.25,30.76,0,0,0,0.0,0.0,0,LOW
XYZ20T102403,2026-07-26,13669.6,86.51,90.03,0.499,81.83,40.37,0,0,0,0.0,0.0,0,LOW
XYZ20T102405,2026-07-26,8352.1,81.79,87.17,0.074,76.04,37.01,0,0,0,0.0,0.0,0,LOW
XYZ20T102413,2026-07-26,10599.9,79.06,83.1,-0.121,44.51,36.63,0,0,0,0.0,0.0,0,LOW
XYZ20T102420,2026-07-26,9610.3,81.14,87.01,-0.269,49.33,30.88,0,0,0,0.0,0.0,0,LOW
XYZ20T102424,2026-07-26,13302.1,80.43,84.99,0.046,57.97,34.39,0,0,0,0.0,0.0,0,LOW
XYZ20T102428,2026-07-26,10422.7,79.5,84.89,-0.304,36.73,27.09,0,0,0,0.0,0.0,0,LOW
XYZ20T102429,2026-07-26,3005.5,86.88,91.46,0.178,46.06,30.05,0,0,0,0.0,0.0,0,LOW
XYZ20T102432,2026-07-26,24967.3,84.51,88.15,-1.969,65.82,33.03,0,0,0,0.0,0.0,0,LOW
XYZ20T102436,2026-07-26,1199.6,80.2,85.79,-0.046,59.28,32.75,0,0,0,0.0,0.0,0,LOW
XYZ20T102450,2026-07-26,12112.1,79.6,84.0,-0.034,50.78,28.22,0,0,0,0.0,0.0,0,LOW
XYZ20T102452,2026-07-26,17238.2,88.91,94.82,0.114,54.44,41.78,0,0,0,0.0,0.0,0,LOW
XYZ20T102453,2026-07-26,7013.8,87.57,94.17,-0.866,74.98,37.25,0,0,0,0.0,0.0,0,LOW
XYZ20T102454,2026-07-26,3263.9,77.82,84.59,0.313,58.39,39.88,0,0,0,0.0,0.0,0,LOW
XYZ20T102457,2026-07-26,7604.8,81.8,85.23,-0.349,66.92,28.19,0,0,0,0.0,0.0,0,LOW
XYZ20T102462,2026-07-26,5776.2,78.33,82.4,0.144,57.41,31.97,0,0,0,0.0,0.0,0,LOW
XYZ20T102463,2026-07-26,24917.3,90.71,98.07,1.022,44.7,30.08,0,0,1,0.1088,10.9,0,LOW
XYZ20T102471,2026-07-26,4068.9,79.31,83.82,-0.297,63.51,38.66,0,0,0,0.0,0.0,0,LOW
XYZ20T102479,2026-07-26,2751.7,79.21,82.42,-1.678,63.77,44.82,0,0,0,0.0,0.0,0,LOW
XYZ20T102482,2026-07-26,14640.9,83.03,88.69,-0.296,71.4,39.78,0,0,0,0.0,0.0,0,LOW
XYZ20T102488,2026-07-26,12433.9,79.54,85.6,-0.047,70.41,31.18,0,0,0,0.0,0.0,0,LOW
XYZ20T102491,2026-07-26,6094.9,86.44,92.18,-0.118,62.27,34.22,0,0,0,0.0,0.0,0,LOW
XYZ20T102501,2026-07-26,892.2,85.84,90.68,-0.005,42.16,38.87,0,0,0,0.0,0.0,0,LOW
XYZ20T102510,2026-07-26,10626.9,86.33,91.92,-0.441,62.6,30.05,0,0,0,0.0,0.0,0,LOW
XYZ20T102517,2026-07-26,11111.7,78.62,82.97,-0.09,49.14,35.87,0,0,0,0.0,0.0,0,LOW
XYZ20T102524,2026-07-26,1190.1,80.85,86.0,-0.377,68.78,37.26,0,0,0,0.0,0.0,0,LOW
XYZ20T102527,2026-07-26,20301.7,87.06,93.29,-0.157,75.23,25.54,0,0,0,0.0,0.0,0,LOW
XYZ20T102528,2026-07-26,14397.5,84.94,91.52,0.218,67.24,33.73,0,0,0,0.0,0.0,0,LOW
XYZ20T102545,2026-07-26,24247.8,80.78,84.77,-0.208,79.23,34.37,0,0,0,0.0,0.0,0,LOW
XYZ20T102555,2026-07-26,11230.0,86.38,91.4,0.157,78.88,38.98,0,0,0,0.0,0.0,0,LOW
XYZ20T102557,2026-07-26,22295.5,80.32,86.08,0.191,51.66,30.87,0,0,0,0.0,0.0,0,LOW
XYZ20T102561,2026-07-26,4627.1,88.22,94.99,0.133,51.79,36.01,0,0,0,0.0,0.0,0,LOW
XYZ20T102562,2026-07-26,368.7,78.22,83.52,-0.556,58.82,34.59,0,0,0,0.0,0.0,0,LOW
XYZ20T102568,2026-07-26,17652.2,82.67,87.1,-1.769,42.0,37.59,0,0,0,0.0,0.0,0,LOW
XYZ20T102572,2026-07-26,8601.7,80.56,86.0,0.1,73.11,29.84,0,0,0,0.0,0.0,0,LOW
XYZ20T102578,2026-07-26,3750.3,80.46,86.64,0.086,44.84,39.06,0,0,0,0.0,0.0,0,LOW
XYZ20T102582,2026-07-26,11941.7,79.68,84.7,0.352,69.83,34.06,0,0,0,0.0,0.0,0,LOW
XYZ20T102587,2026-07-26,1515.7,85.76,90.04,0.259,54.11,28.02,0,0,0,0.0,0.0,0,LOW
XYZ20T102591,2026-07-26,17976.6,84.67,91.13,-0.587,42.24,37.36,0,0,0,0.0,0.0,0,LOW
XYZ20T102597,2026-07-26,6740.5,78.17,82.09,-0.242,50.43,34.47,0,0,0,0.0,0.0,0,LOW
XYZ20T102600,2026-07-26,1116.1,79.49,85.76,-0.28,71.17,30.3,0,0,0,0.0,0.0,0,LOW
XYZ20T102605,2026-07-26,23264.2,79.13,82.26,0.199,43.46,42.15,0,0,0,0.0,0.0,0,LOW
XYZ20T102622,2026-07-26,1179.0,82.8,87.98,-0.326,74.97,29.47,0,0,0,0.0,0.0,0,LOW
XYZ20T102626,2026-07-26,15364.7,86.47,91.6,-0.205,46.85,28.86,0,0,0,0.0,0.0,0,LOW
XYZ20T102629,2026-07-26,11355.6,76.77,82.67,-0.07,52.06,39.86,0,0,0,0.0,0.0,0,LOW
XYZ20T102634,2026-07-26,17838.1,88.65,95.06,0.036,60.53,36.37,0,0,0,0.0,0.0,0,LOW
XYZ20T102639,2026-07-26,17227.2,79.4,85.82,0.167,59.06,38.57,0,0,0,0.0,0.0,0,LOW
XYZ20T102640,2026-07-26,5924.8,85.0,90.83,0.032,61.63,35.49,0,0,0,0.0,0.0,0,LOW
XYZ20T102642,2026-07-26,17151.5,79.33,84.07,0.159,50.34,34.48,0,0,0,0.0,0.0,0,LOW
XYZ20T102643,2026-07-26,13631.0,82.43,87.46,-0.433,72.82,28.96,0,0,0,0.0,0.0,0,LOW
XYZ20T102649,2026-07-26,16214.2,81.28,88.24,-0.379,45.19,25.33,0,0,0,0.0,0.0,0,LOW
XYZ20T102652,2026-07-26,10970.2,80.33,83.49,-0.486,81.86,32.17,0,0,0,0.0,0.0,0,LOW
XYZ20T102669,2026-07-26,9840.7,90.87,101.25,1.071,45.67,30.57,0,1,0,0.8505,85.1,1,CRITICAL
XYZ20T102674,2026-07-26,5742.0,84.23,89.71,-0.066,58.89,30.44,0,0,0,0.0,0.0,0,LOW
XYZ20T102675,2026-07-26,4044.7,85.76,89.97,-0.094,44.92,29.94,0,0,0,0.0,0.0,0,LOW
XYZ20T102688,2026-07-26,23379.0,80.29,85.67,-0.73,80.17,31.05,0,0,0,0.0,0.0,0,LOW
XYZ20T102691,2026-07-26,3515.5,78.93,84.57,-0.286,65.52,27.57,0,0,0,0.0,0.0,0,LOW
XYZ20T102694,2026-07-26,10266.6,86.33,95.01,-0.531,67.51,26.34,0,0,0,0.0298,3.0,0,LOW
XYZ20T102695,2026-07-26,2901.4,81.06,85.08,-0.585,43.39,28.77,0,0,0,0.0,0.0,0,LOW
XYZ20T102696,2026-07-26,10422.5,75.62,79.52,-0.434,44.77,26.07,0,0,0,0.0,0.0,0,LOW
XYZ20T102701,2026-07-26,9298.6,93.2,100.11,0.006,58.37,41.11,0,1,0,0.046,4.6,0,LOW
XYZ20T102703,2026-07-26,18667.8,82.97,86.99,-0.732,42.77,29.04,0,0,0,0.0,0.0,0,LOW
XYZ20T102704,2026-07-26,9316.8,83.67,90.19,0.186,55.17,38.04,0,0,0,0.0,0.0,0,LOW
XYZ20T102706,2026-07-26,13278.6,81.15,84.37,-0.228,81.77,37.18,0,0,0,0.0,0.0,0,LOW
XYZ20T102709,2026-07-26,650.1,82.59,89.58,0.013,52.54,29.78,0,0,0,0.0,0.0,0,LOW
XYZ20T102713,2026-07-26,22031.1,81.83,88.65,-0.525,67.02,32.44,0,0,0,0.0,0.0,0,LOW
XYZ20T102714,2026-07-26,4510.8,81.97,86.6,-0.172,82.69,30.76,0,0,0,0.0,0.0,0,LOW
XYZ20T102716,2026-07-26,17655.1,82.95,87.27,-0.195,58.97,42.12,0,0,0,0.0,0.0,0,LOW
XYZ20T102719,2026-07-26,13414.2,89.91,94.95,0.142,77.19,25.93,0,0,0,0.0,0.0,0,LOW
XYZ20T102730,2026-07-26,10412.8,83.14,88.38,0.174,41.37,34.68,0,0,0,0.0,0.0,0,LOW
XYZ20T102734,2026-07-26,1014.8,86.49,90.74,-0.077,61.35,40.74,0,0,0,0.0,0.0,0,LOW
XYZ20T102735,2026-07-26,10548.7,87.06,93.05,0.088,65.13,30.82,0,0,0,0.0,0.0,0,LOW
XYZ20T102745,2026-07-26,20191.4,81.53,86.56,0.07,68.76,30.58,0,0,0,0.0,0.0,0,LOW
XYZ20T102761,2026-07-26,18451.9,80.04,83.74,-0.23,67.24,33.81,0,0,0,0.0,0.0,0,LOW
XYZ20T102763,2026-07-26,16128.2,94.09,101.06,0.772,58.03,41.3,0,0,1,0.2978,29.8,0,LOW
XYZ20T102764,2026-07-26,17065.1,86.23,92.63,-0.2,52.13,37.77,0,0,0,0.0,0.0,0,LOW
XYZ20T102770,2026-07-26,11884.3,82.19,86.07,0.281,28.71,35.62,0,0,0,0.0,0.0,0,LOW
XYZ20T102772,2026-07-26,1785.4,79.49,84.07,-0.001,57.18,23.05,0,0,0,0.0,0.0,0,LOW
XYZ20T102784,2026-07-26,11406.2,78.26,81.34,-0.112,60.19,29.52,0,0,0,0.0,0.0,0,LOW
XYZ20T102790,2026-07-26,23216.6,85.99,90.47,0.492,74.79,44.44,0,0,0,0.0,0.0,0,LOW
XYZ20T102791,2026-07-26,6813.7,80.78,87.03,-0.56,52.13,33.99,0,0,0,0.0,0.0,0,LOW
XYZ20T102798,2026-07-26,9848.3,89.37,92.42,-0.425,59.21,34.79,0,0,0,0.0,0.0,0,LOW
XYZ20T102805,2026-07-26,8507.6,82.11,89.0,-0.137,68.52,41.01,0,0,0,0.0,0.0,0,LOW
XYZ20T102806,2026-07-26,16357.6,85.97,91.04,0.571,75.27,45.38,0,0,0,0.0,0.0,0,LOW
XYZ20T102814,2026-07-26,3690.5,80.0,83.99,-0.293,67.6,37.78,0,0,0,0.0,0.0,0,LOW
XYZ20T102815,2026-07-26,16711.3,84.36,88.85,-0.149,36.62,20.95,0,0,0,0.0,0.0,0,LOW
XYZ20T102820,2026-07-26,2909.4,84.88,89.93,0.155,54.11,38.81,0,0,0,0.0,0.0,0,LOW
XYZ20T102825,2026-07-26,13993.0,82.55,88.78,-1.031,62.85,33.52,0,0,0,0.0,0.0,0,LOW
XYZ20T102833,2026-07-26,14498.1,81.38,86.92,-1.872,49.95,46.06,0,0,0,0.0033,0.3,0,LOW
XYZ20T102834,2026-07-26,558.0,90.76,97.13,-0.592,56.08,29.74,0,0,0,0.0328,3.3,0,LOW
XYZ20T102841,2026-07-26,2211.7,86.0,90.63,-0.066,51.73,31.26,0,0,0,0.0,0.0,0,LOW
XYZ20T102845,2026-07-26,14271.3,84.71,87.75,0.225,64.77,28.89,0,0,0,0.0,0.0,0,LOW
XYZ20T102855,2026-07-26,1743.4,83.4,88.38,0.093,70.62,37.25,0,0,0,0.0,0.0,0,LOW
XYZ20T102856,2026-07-26,2663.0,80.04,84.88,0.156,52.41,30.92,0,0,0,0.0,0.0,0,LOW
XYZ20T102885,2026-07-26,8191.1,86.46,90.59,0.231,71.81,36.68,0,0,0,0.0,0.0,0,LOW
XYZ20T102891,2026-07-26,7868.6,81.14,84.53,-0.161,51.21,39.66,0,0,0,0.0,0.0,0,LOW
XYZ20T102896,2026-07-26,976.0,82.79,87.63,-1.322,50.87,38.78,0,0,0,0.0,0.0,0,LOW
XYZ20T102903,2026-07-26,1591.3,84.66,90.15,0.252,60.55,31.91,0,0,0,0.0,0.0,0,LOW
XYZ20T102904,2026-07-26,4176.7,78.15,81.22,0.201,71.61,30.86,0,0,0,0.0,0.0,0,LOW
XYZ20T102907,2026-07-26,4202.9,88.19,92.01,-0.076,77.12,39.89,0,0,0,0.0,0.0,0,LOW
XYZ20T102910,2026-07-26,5679.9,84.5,90.52,-0.033,43.46,45.93,0,0,0,0.0,0.0,0,LOW
XYZ20T102912,2026-07-26,3910.6,92.17,101.94,0.668,54.93,36.11,0,1,0,0.2985,29.8,0,LOW
XYZ20T102919,2026-07-26,10924.8,82.76,87.91,0.199,67.53,28.54,0,0,0,0.0,0.0,0,LOW
XYZ20T102924,2026-07-26,13275.2,87.3,91.59,0.166,58.74,35.78,0,0,0,0.0,0.0,0,LOW
XYZ20T102929,2026-07-26,7947.5,78.18,85.01,-0.121,49.77,31.64,0,0,0,0.0,0.0,0,LOW
XYZ20T102933,2026-07-26,8047.2,82.79,87.85,-0.027,64.46,43.04,0,0,0,0.0,0.0,0,LOW
XYZ20T102934,2026-07-26,5369.0,85.28,88.85,0.089,80.83,39.69,0,0,0,0.0,0.0,0,LOW
XYZ20T102941,2026-07-26,2510.4,82.46,88.39,-0.047,47.77,29.95,0,0,0,0.0,0.0,0,LOW
XYZ20T102944,2026-07-26,5984.9,80.65,85.76,-0.461,55.2,33.68,0,0,0,0.0,0.0,0,LOW
XYZ20T102950,2026-07-26,12121.2,84.55,90.23,0.419,69.98,39.45,0,0,0,0.0,0.0,0,LOW
XYZ20T102956,2026-07-26,12966.5,84.83,90.31,-0.137,70.26,46.67,0,0,0,0.0,0.0,0,LOW
XYZ20T102960,2026-07-26,4049.6,84.58,87.59,0.003,58.16,36.89,0,0,0,0.0,0.0,0,LOW
XYZ20T102963,2026-07-26,15793.1,80.03,84.97,0.07,45.52,32.96,0,0,0,0.0,0.0,0,LOW
XYZ20T102974,2026-07-26,16406.7,83.51,88.25,-0.541,45.66,26.14,0,0,0,0.0,0.0,0,LOW
XYZ20T102998,2026-07-26,1914.3,78.43,83.6,-0.046,70.55,31.12,0,0,0,0.0,0.0,0,LOW
XYZ20T102999,2026-07-26,6667.6,84.28,87.77,0.149,64.2,33.95,0,0,0,0.0,0.0,0,LOW
XYZ20T103000,2026-07-26,1277.4,86.12,91.63,0.318,47.99,34.28,0,0,0,0.0,0.0,0,LOW
XYZ20T103005,2026-07-26,1936.0,87.68,94.59,-0.113,74.6,35.64,0,0,0,0.0,0.0,0,LOW
XYZ20T103006,2026-07-26,2601.3,83.18,88.47,0.012,82.87,25.34,0,0,0,0.0,0.0,0,LOW
XYZ20T103009,2026-07-26,1605.0,91.36,98.11,0.272,60.6,32.49,0,0,0,0.0131,1.3,0,LOW
XYZ20T103011,2026-07-26,3791.1,80.94,87.15,0.061,47.59,29.03,0,0,0,0.0,0.0,0,LOW
XYZ20T103017,2026-07-26,8190.4,87.11,93.53,-0.187,52.45,39.39,0,0,0,0.0,0.0,0,LOW
XYZ20T103019,2026-07-26,19424.5,79.19,85.67,-0.322,48.88,37.84,0,0,0,0.0,0.0,0,LOW
XYZ20T103021,2026-07-26,11438.1,80.93,87.9,-0.232,47.99,33.74,0,0,0,0.0,0.0,0,LOW
XYZ20T103031,2026-07-26,6496.0,84.13,90.95,0.248,60.18,40.69,0,0,0,0.0,0.0,0,LOW
XYZ20T103039,2026-07-26,19189.8,85.92,90.36,-0.051,70.73,32.55,0,0,0,0.0,0.0,0,LOW
XYZ20T103046,2026-07-26,7206.9,79.26,85.38,-0.27,55.2,32.33,0,0,0,0.0,0.0,0,LOW
XYZ20T103050,2026-07-26,1507.5,81.35,86.46,-0.443,49.6,43.04,0,0,0,0.0,0.0,0,LOW
XYZ20T103052,2026-07-26,14830.0,88.12,95.4,1.47,48.19,29.13,1,0,0,0.2187,21.9,0,LOW
XYZ20T103056,2026-07-26,3846.6,81.78,88.19,-0.154,61.11,28.25,0,0,0,0.0,0.0,0,LOW
XYZ20T103059,2026-07-26,15382.6,86.88,91.55,-0.438,68.33,34.19,0,0,0,0.0,0.0,0,LOW
XYZ20T103061,2026-07-26,7237.0,81.87,86.89,0.21,81.37,40.29,0,0,0,0.0,0.0,0,LOW
XYZ20T103065,2026-07-26,11461.8,88.88,94.64,0.122,83.55,38.42,0,0,0,0.0,0.0,0,LOW
XYZ20T103073,2026-07-26,6924.3,77.35,83.03,-0.189,43.61,30.24,0,0,0,0.0,0.0,0,LOW
XYZ20T103077,2026-07-26,13413.1,82.05,88.47,-0.193,55.06,33.59,0,0,0,0.0,0.0,0,LOW
XYZ20T103080,2026-07-26,4621.1,78.91,82.96,0.229,70.56,30.06,0,0,0,0.0,0.0,0,LOW
XYZ20T103081,2026-07-26,14385.5,89.16,96.6,1.408,58.74,42.71,1,0,0,0.8468,84.7,1,CRITICAL
XYZ20T103084,2026-07-26,24995.8,82.51,85.56,-0.332,68.11,24.57,0,0,0,0.0,0.0,0,LOW
XYZ20T103090,2026-07-26,4979.4,84.41,88.69,-0.17,63.42,34.8,0,0,0,0.0,0.0,0,LOW
XYZ20T103091,2026-07-26,11085.0,79.12,83.36,0.194,45.69,36.39,0,0,0,0.0,0.0,0,LOW
XYZ20T103092,2026-07-26,13277.1,81.44,85.74,0.421,81.46,28.65,0,0,0,0.0,0.0,0,LOW
XYZ20T103101,2026-07-26,22682.7,79.85,83.07,-2.125,41.37,37.27,0,0,0,0.0,0.0,0,LOW
XYZ20T103103,2026-07-26,1018.5,83.47,87.89,-0.244,80.2,32.67,0,0,0,0.0,0.0,0,LOW
XYZ20T103112,2026-07-26,12599.7,80.4,84.73,-0.268,51.79,21.32,0,0,0,0.0,0.0,0,LOW
XYZ20T103115,2026-07-26,5192.8,79.74,85.33,-0.902,49.64,35.14,0,0,0,0.0,0.0,0,LOW
XYZ20T103116,2026-07-26,17312.9,85.39,88.45,-0.681,77.73,31.06,0,0,0,0.0,0.0,0,LOW
XYZ20T103122,2026-07-26,3127.7,81.36,85.34,-1.92,54.57,28.28,0,0,0,0.0,0.0,0,LOW
XYZ20T103123,2026-07-26,6046.3,79.97,85.69,-0.53,48.99,26.61,0,0,0,0.0,0.0,0,LOW
XYZ20T103140,2026-07-26,12665.5,79.77,86.76,0.473,40.87,21.37,0,0,0,0.0,0.0,0,LOW
XYZ20T103159,2026-07-26,3362.6,78.02,82.6,-0.373,45.05,27.95,0,0,0,0.0,0.0,0,LOW
XYZ20T103161,2026-07-26,5081.5,89.2,95.71,0.051,72.52,43.08,0,0,0,0.0033,0.3,0,LOW
XYZ20T103165,2026-07-26,13143.1,79.15,82.25,-0.468,49.86,28.58,0,0,0,0.0,0.0,0,LOW
XYZ20T103166,2026-07-26,4762.1,81.19,85.96,-0.047,52.5,28.74,0,0,0,0.0,0.0,0,LOW
XYZ20T103168,2026-07-26,13275.6,83.3,87.36,-0.093,67.26,37.35,0,0,0,0.0,0.0,0,LOW
XYZ20T103169,2026-07-26,4686.9,81.88,86.2,-0.025,68.98,40.42,0,0,0,0.0,0.0,0,LOW
XYZ20T103189,2026-07-26,13813.0,83.15,89.17,-0.186,61.44,33.26,0,0,0,0.0,0.0,0,LOW
XYZ20T103192,2026-07-26,14237.4,84.36,90.88,-0.4,63.66,39.89,0,0,0,0.0,0.0,0,LOW
XYZ20T103197,2026-07-26,12479.7,82.34,89.03,-0.022,78.86,36.28,0,0,0,0.0,0.0,0,LOW
XYZ20T100001,2026-07-27,15383.5,87.64,92.85,-0.022,65.3,33.6,0,0,0,0.0,0.0,0,LOW
XYZ20T100015,2026-07-27,9063.2,78.5,84.37,-0.194,53.88,27.91,0,0,0,0.0,0.0,0,LOW
XYZ20T100025,2026-07-27,2868.5,77.47,84.27,-0.345,44.86,28.79,0,0,0,0.0,0.0,0,LOW
XYZ20T100032,2026-07-27,11101.0,84.1,88.23,0.087,51.3,40.02,0,0,0,0.0,0.0,0,LOW
XYZ20T100034,2026-07-27,7117.7,82.62,87.12,-0.576,45.53,32.56,0,0,0,0.0,0.0,0,LOW
XYZ20T100046,2026-07-27,4851.5,87.62,90.63,0.0,73.64,33.43,0,0,0,0.0,0.0,0,LOW
XYZ20T100047,2026-07-27,2907.1,85.87,91.39,-0.298,41.31,29.9,0,0,0,0.0,0.0,0,LOW
XYZ20T100053,2026-07-27,13027.4,81.86,85.81,-0.176,51.62,35.35,0,0,0,0.0,0.0,0,LOW
XYZ20T100054,2026-07-27,13752.3,80.55,84.36,-0.134,64.45,34.72,0,0,0,0.0,0.0,0,LOW
XYZ20T100056,2026-07-27,15441.2,79.78,84.56,0.145,57.54,34.35,0,0,0,0.0,0.0,0,LOW
XYZ20T100066,2026-07-27,10069.0,78.12,81.53,0.106,67.29,40.6,0,0,0,0.0,0.0,0,LOW
XYZ20T100070,2026-07-27,12490.4,81.8,88.45,0.247,75.63,43.03,0,0,0,0.0,0.0,0,LOW
XYZ20T100076,2026-07-27,4659.7,80.54,84.66,0.232,48.88,42.76,0,0,0,0.0,0.0,0,LOW
XYZ20T100083,2026-07-27,8342.2,79.17,83.73,-0.836,38.07,26.05,0,0,0,0.0,0.0,0,LOW
XYZ20T100091,2026-07-27,12968.9,81.16,86.21,-0.049,67.18,39.1,0,0,0,0.0,0.0,0,LOW
XYZ20T100096,2026-07-27,2065.3,80.88,85.9,-0.011,53.42,31.66,0,0,0,0.0,0.0,0,LOW
XYZ20T100105,2026-07-27,8056.4,80.98,87.98,0.084,66.8,28.43,0,0,0,0.0,0.0,0,LOW
XYZ20T100110,2026-07-27,7762.7,82.52,86.29,-0.651,51.04,36.4,0,0,0,0.0,0.0,0,LOW
XYZ20T100112,2026-07-27,14522.4,82.97,86.09,-0.122,55.86,22.3,0,0,0,0.0,0.0,0,LOW
XYZ20T100128,2026-07-27,13698.2,78.32,82.19,-0.427,31.87,31.36,0,0,0,0.0,0.0,0,LOW
XYZ20T100138,2026-07-27,9722.7,84.01,87.31,-0.243,48.52,24.34,0,0,0,0.0,0.0,0,LOW
XYZ20T100143,2026-07-27,3781.5,87.09,93.12,0.014,70.96,34.77,0,0,0,0.0,0.0,0,LOW
XYZ20T100145,2026-07-27,9355.6,82.06,86.97,0.581,63.75,38.18,0,0,0,0.0,0.0,0,LOW
XYZ20T100148,2026-07-27,3765.9,88.07,92.33,0.015,65.46,39.72,0,0,0,0.0,0.0,0,LOW
XYZ20T100153,2026-07-27,14647.1,77.78,84.04,-0.521,58.43,30.74,0,0,0,0.0,0.0,0,LOW
XYZ20T100156,2026-07-27,4812.2,87.0,91.63,0.267,74.55,34.35,0,0,0,0.0,0.0,0,LOW
XYZ20T100166,2026-07-27,2972.6,78.29,83.48,-0.132,58.04,38.18,0,0,0,0.0,0.0,0,LOW
XYZ20T100174,2026-07-27,23587.1,77.93,81.48,-0.23,54.61,38.16,0,0,0,0.0,0.0,0,LOW
XYZ20T100177,2026-07-27,1242.2,82.24,88.51,-0.279,59.69,39.11,0,0,0,0.0,0.0,0,LOW
XYZ20T100178,2026-07-27,20727.4,84.83,90.94,0.027,49.17,32.27,0,0,0,0.0,0.0,0,LOW
XYZ20T100179,2026-07-27,1407.5,85.45,90.56,-0.022,63.18,28.53,0,0,0,0.0,0.0,0,LOW
XYZ20T100181,2026-07-27,19374.7,86.22,93.09,0.265,77.58,41.05,0,0,0,0.0,0.0,0,LOW
XYZ20T100182,2026-07-27,18699.8,84.09,89.43,0.091,75.1,27.42,0,0,0,0.0,0.0,0,LOW
XYZ20T100187,2026-07-27,15053.5,83.33,88.77,0.442,73.02,30.8,0,0,0,0.0,0.0,0,LOW
XYZ20T100188,2026-07-27,16491.2,84.31,87.88,-0.064,81.07,33.62,0,0,0,0.0,0.0,0,LOW
XYZ20T100192,2026-07-27,21541.2,84.82,91.57,0.105,67.61,31.3,1,0,0,0.0067,0.7,0,LOW
XYZ20T100196,2026-07-27,3875.1,81.13,86.47,0.252,62.93,41.53,0,0,0,0.0,0.0,0,LOW
XYZ20T100198,2026-07-27,1941.6,79.83,84.52,0.058,61.77,32.44,0,0,0,0.0,0.0,0,LOW
XYZ20T100200,2026-07-27,4190.4,82.92,89.03,-0.049,50.3,28.59,0,0,0,0.0,0.0,0,LOW
XYZ20T100207,2026-07-27,6947.8,79.77,83.72,0.419,46.52,34.41,0,0,0,0.0,0.0,0,LOW
XYZ20T100215,2026-07-27,7382.1,83.76,89.76,0.327,60.3,38.36,0,0,0,0.0,0.0,0,LOW
XYZ20T100243,2026-07-27,8651.5,79.17,82.79,0.009,50.51,26.46,0,0,0,0.0,0.0,0,LOW
XYZ20T100244,2026-07-27,3429.0,78.1,82.53,-0.159,53.58,35.85,0,0,0,0.0,0.0,0,LOW
XYZ20T100250,2026-07-27,7216.1,79.03,82.14,-0.114,87.79,33.99,0,0,0,0.0,0.0,0,LOW
XYZ20T100255,2026-07-27,4828.8,82.44,89.28,-0.083,69.92,40.2,0,0,0,0.0,0.0,0,LOW
XYZ20T100258,2026-07-27,9549.3,80.07,84.45,0.107,55.23,36.86,0,0,0,0.0,0.0,0,LOW
XYZ20T100260,2026-07-27,15886.4,86.36,92.88,0.166,68.0,32.75,0,0,0,0.0,0.0,0,LOW
XYZ20T100261,2026-07-27,16412.1,85.36,89.52,-0.12,81.33,29.78,0,0,0,0.0,0.0,0,LOW
XYZ20T100270,2026-07-27,6131.1,81.87,85.27,-0.116,61.52,35.36,0,0,0,0.0,0.0,0,LOW
XYZ20T100274,2026-07-27,7541.6,82.86,86.29,0.126,51.18,27.17,0,0,0,0.0,0.0,0,LOW
XYZ20T100293,2026-07-27,4558.5,78.5,84.91,0.111,47.89,38.22,0,0,0,0.0,0.0,0,LOW
XYZ20T100295,2026-07-27,861.6,83.96,88.97,0.386,69.96,41.17,0,0,0,0.0,0.0,0,LOW
XYZ20T100299,2026-07-27,19946.4,86.22,91.28,-0.082,74.1,38.55,0,0,0,0.0,0.0,0,LOW
XYZ20T100301,2026-07-27,18833.9,77.44,82.55,-0.301,51.1,32.07,0,0,0,0.0,0.0,0,LOW
XYZ20T100303,2026-07-27,24968.8,78.49,84.89,-0.226,65.51,30.44,0,0,0,0.0,0.0,0,LOW
XYZ20T100304,2026-07-27,11085.6,85.26,88.65,0.071,74.9,29.3,0,0,0,0.0,0.0,0,LOW
XYZ20T100306,2026-07-27,12546.8,87.4,90.65,0.102,86.48,21.91,0,0,0,0.0,0.0,0,LOW
XYZ20T100320,2026-07-27,867.9,83.71,87.54,0.472,52.75,40.4,0,0,0,0.0,0.0,0,LOW
XYZ20T100324,2026-07-27,13059.2,85.21,91.42,-0.288,79.78,31.09,0,0,0,0.0,0.0,0,LOW
XYZ20T100327,2026-07-27,1779.2,86.89,97.3,1.565,44.89,35.36,1,1,0,0.5306,53.1,1,HIGH
XYZ20T100328,2026-07-27,17324.7,86.04,92.44,-0.112,68.82,25.78,0,0,0,0.0,0.0,0,LOW
XYZ20T100329,2026-07-27,3417.3,83.67,89.57,-0.03,67.97,32.91,0,0,0,0.0,0.0,0,LOW
XYZ20T100331,2026-07-27,24967.0,83.93,87.44,-0.355,56.76,33.86,0,0,0,0.0,0.0,0,LOW
XYZ20T100332,2026-07-27,24967.9,85.14,89.4,0.262,74.74,34.03,0,0,0,0.0,0.0,0,LOW
XYZ20T100338,2026-07-27,6567.7,78.27,82.85,0.16,45.08,34.38,0,0,0,0.0,0.0,0,LOW
XYZ20T100339,2026-07-27,3005.0,88.48,92.18,0.28,75.72,32.81,0,0,0,0.0,0.0,0,LOW
XYZ20T100350,2026-07-27,10944.9,88.45,92.83,0.021,76.75,43.37,0,0,0,0.0,0.0,0,LOW
XYZ20T100361,2026-07-27,17500.1,81.57,84.84,-0.347,76.0,30.65,0,0,0,0.0,0.0,0,LOW
XYZ20T100371,2026-07-27,10225.4,83.84,88.88,-0.579,61.26,32.68,0,0,0,0.0,0.0,0,LOW
XYZ20T100373,2026-07-27,13801.2,85.85,91.17,0.017,45.98,40.2,0,0,0,0.0,0.0,0,LOW
XYZ20T100377,2026-07-27,12352.4,85.34,92.22,0.648,59.83,31.2,0,0,0,0.0757,7.6,0,LOW
XYZ20T100379,2026-07-27,8533.8,94.02,101.87,1.231,71.4,33.09,1,0,1,0.8358,83.6,1,CRITICAL
XYZ20T100380,2026-07-27,7629.5,77.76,83.88,0.218,56.43,41.99,0,0,0,0.0,0.0,0,LOW
XYZ20T100382,2026-07-27,12311.8,79.68,85.23,-1.859,51.11,30.03,0,0,0,0.0,0.0,0,LOW
XYZ20T100392,2026-07-27,15130.6,82.35,85.39,-0.377,80.16,32.25,0,0,0,0.0,0.0,0,LOW
XYZ20T100399,2026-07-27,4758.2,81.28,84.62,0.078,82.72,39.72,0,0,0,0.0,0.0,0,LOW
XYZ20T100401,2026-07-27,10798.6,88.14,93.57,-0.711,80.24,32.79,0,0,0,0.0,0.0,0,LOW
XYZ20T100412,2026-07-27,2067.3,81.94,89.72,-0.197,44.29,31.32,0,0,0,0.0,0.0,0,LOW
XYZ20T100416,2026-07-27,2987.3,77.87,82.03,-0.302,31.79,36.46,0,0,0,0.0,0.0,0,LOW
XYZ20T100418,2026-07-27,7536.2,83.22,86.88,-1.809,83.8,27.11,0,0,0,0.0,0.0,0,LOW
XYZ20T100419,2026-07-27,7571.7,86.59,90.61,-2.03,53.59,26.04,0,0,0,0.0,0.0,0,LOW
XYZ20T100424,2026-07-27,16388.8,77.85,81.88,0.192,80.76,34.38,0,0,0,0.0,0.0,0,LOW
XYZ20T100427,2026-07-27,1747.6,82.31,87.78,-0.105,54.65,26.18,0,0,0,0.0,0.0,0,LOW
XYZ20T100430,2026-07-27,13633.6,81.22,84.76,0.045,56.57,30.07,0,0,0,0.0,0.0,0,LOW
XYZ20T100432,2026-07-27,749.5,86.69,90.94,-0.326,59.71,35.55,0,0,0,0.0,0.0,0,LOW
XYZ20T100436,2026-07-27,3912.5,82.66,88.48,-2.349,51.6,33.49,0,0,0,0.0,0.0,0,LOW
XYZ20T100440,2026-07-27,15469.8,76.45,82.9,-0.491,52.25,32.91,0,0,0,0.0,0.0,0,LOW
XYZ20T100447,2026-07-27,7064.3,87.26,90.38,-0.104,77.58,27.92,0,0,0,0.0,0.0,0,LOW
XYZ20T100449,2026-07-27,12563.5,83.96,90.94,0.021,77.8,30.44,0,0,0,0.0,0.0,0,LOW
XYZ20T100450,2026-07-27,6650.8,83.48,87.67,-0.013,51.84,36.02,0,0,0,0.0,0.0,0,LOW
XYZ20T100452,2026-07-27,10046.1,84.89,90.27,-1.318,46.79,40.36,0,0,0,0.0,0.0,0,LOW
XYZ20T100457,2026-07-27,5023.0,78.48,82.43,0.048,63.0,43.71,0,0,0,0.0,0.0,0,LOW
XYZ20T100458,2026-07-27,4160.0,89.39,96.92,1.51,46.87,41.3,1,0,1,0.7598,76.0,1,CRITICAL
XYZ20T100462,2026-07-27,4314.4,89.06,94.64,0.034,59.19,37.99,0,0,0,0.0,0.0,0,LOW
XYZ20T100468,2026-07-27,7073.3,85.52,91.44,0.131,30.77,31.38,0,0,0,0.0033,0.3,0,LOW
XYZ20T100469,2026-07-27,8350.9,84.07,90.55,0.174,69.78,39.97,0,0,0,0.0,0.0,0,LOW
XYZ20T100475,2026-07-27,14640.9,95.64,100.89,0.601,38.85,30.91,0,0,0,0.227,22.7,0,LOW
XYZ20T100477,2026-07-27,5646.7,81.88,85.87,0.253,55.68,42.93,0,0,0,0.0,0.0,0,LOW
XYZ20T100483,2026-07-27,22559.2,86.65,92.29,-0.17,50.14,32.87,0,0,0,0.0,0.0,0,LOW
XYZ20T100491,2026-07-27,8944.9,78.91,84.5,0.188,34.52,37.76,0,0,0,0.0,0.0,0,LOW
XYZ20T100498,2026-07-27,24970.2,87.37,90.67,0.151,54.19,26.7,0,0,0,0.0,0.0,0,LOW
XYZ20T100499,2026-07-27,15839.6,77.88,81.89,0.273,51.06,31.7,0,0,0,0.0,0.0,0,LOW
XYZ20T100500,2026-07-27,1525.7,84.21,89.75,-0.042,42.75,43.24,0,0,0,0.0,0.0,0,LOW
XYZ20T100503,2026-07-27,11218.5,79.95,85.33,0.362,63.37,34.35,0,0,0,0.0,0.0,0,LOW
XYZ20T100507,2026-07-27,5618.9,81.0,86.35,0.112,57.9,32.53,0,0,0,0.0,0.0,0,LOW
XYZ20T100517,2026-07-27,8001.8,83.84,88.68,-0.139,63.62,31.64,0,0,0,0.0,0.0,0,LOW
XYZ20T100528,2026-07-27,15133.7,82.31,86.66,0.134,67.53,40.53,0,0,0,0.0,0.0,0,LOW
XYZ20T100529,2026-07-27,16344.3,82.72,87.56,-0.183,64.07,36.32,0,0,0,0.0,0.0,0,LOW
XYZ20T100533,2026-07-27,2004.6,85.75,89.17,-0.023,85.21,30.71,0,0,0,0.0,0.0,0,LOW
XYZ20T100537,2026-07-27,23274.1,78.09,85.58,-1.245,46.36,29.67,0,0,0,0.01,1.0,0,LOW
XYZ20T100541,2026-07-27,13120.8,86.95,97.36,1.284,68.77,33.42,1,0,1,0.5609,56.1,1,HIGH
XYZ20T100551,2026-07-27,13044.6,78.76,83.19,0.101,65.84,32.41,0,0,0,0.0,0.0,0,LOW
XYZ20T100552,2026-07-27,3520.0,80.84,86.96,0.029,57.32,32.72,0,0,0,0.0,0.0,0,LOW
XYZ20T100556,2026-07-27,11124.1,82.17,87.69,0.297,68.08,35.9,0,0,0,0.0,0.0,0,LOW
XYZ20T100557,2026-07-27,8929.7,88.28,94.35,0.278,67.37,37.24,0,0,0,0.0,0.0,0,LOW
XYZ20T100560,2026-07-27,860.9,77.49,82.27,0.028,46.34,35.33,0,0,0,0.0,0.0,0,LOW
XYZ20T100569,2026-07-27,9700.5,78.27,82.76,-0.168,57.9,38.02,0,0,0,0.0,0.0,0,LOW
XYZ20T100573,2026-07-27,2670.4,78.99,83.19,-0.76,75.69,24.38,0,0,0,0.0,0.0,0,LOW
XYZ20T100580,2026-07-27,7020.7,82.39,87.74,-0.442,54.49,36.95,0,0,0,0.0,0.0,0,LOW
XYZ20T100581,2026-07-27,11357.1,83.57,88.26,-0.286,61.88,45.01,0,0,0,0.0,0.0,0,LOW
XYZ20T100583,2026-07-27,14399.2,87.07,91.89,0.218,46.93,34.37,0,0,0,0.0,0.0,0,LOW
XYZ20T100586,2026-07-27,11265.5,81.58,88.22,0.046,48.01,33.6,0,0,0,0.0,0.0,0,LOW
XYZ20T100591,2026-07-27,14073.3,87.66,93.67,-0.023,44.63,35.37,0,0,0,0.0,0.0,0,LOW
XYZ20T100592,2026-07-27,24192.9,86.69,91.06,-0.136,71.03,34.17,0,0,0,0.0,0.0,0,LOW
XYZ20T100594,2026-07-27,12471.2,84.61,90.55,0.049,66.48,32.26,0,0,0,0.0,0.0,0,LOW
XYZ20T100595,2026-07-27,8034.8,83.76,88.63,-0.058,48.89,39.19,0,0,0,0.0,0.0,0,LOW
XYZ20T100597,2026-07-27,2537.7,77.22,83.06,-1.509,65.15,32.82,0,0,0,0.0,0.0,0,LOW
XYZ20T100600,2026-07-27,19899.7,81.68,85.95,0.153,63.34,33.3,0,0,0,0.0,0.0,0,LOW
XYZ20T100604,2026-07-27,4301.4,86.56,93.9,0.282,43.35,38.5,0,1,0,0.0,0.0,0,LOW
XYZ20T100610,2026-07-27,18883.8,78.98,85.65,-0.267,81.36,31.74,0,0,0,0.0,0.0,0,LOW
XYZ20T100621,2026-07-27,8475.9,86.83,93.18,0.178,64.16,28.65,0,0,0,0.0,0.0,0,LOW
XYZ20T100624,2026-07-27,5358.1,81.83,85.17,-0.011,65.16,30.25,0,0,0,0.0,0.0,0,LOW
XYZ20T100625,2026-07-27,7045.8,81.25,88.04,-2.409,72.49,31.37,0,0,0,0.0,0.0,0,LOW
XYZ20T100630,2026-07-27,6258.7,84.36,88.24,0.273,75.5,29.99,0,0,0,0.0,0.0,0,LOW
XYZ20T100633,2026-07-27,2814.7,78.2,82.19,-0.221,50.78,36.23,0,0,0,0.0,0.0,0,LOW
XYZ20T100636,2026-07-27,13097.2,79.63,82.71,0.013,62.45,33.86,0,0,0,0.0,0.0,0,LOW
XYZ20T100641,2026-07-27,14903.4,88.5,93.52,0.038,74.11,30.37,0,0,0,0.0,0.0,0,LOW
XYZ20T100643,2026-07-27,4276.4,81.75,85.77,0.243,53.4,33.1,0,0,0,0.0,0.0,0,LOW
XYZ20T100652,2026-07-27,643.5,90.59,94.03,0.43,65.55,40.38,0,0,0,0.0,0.0,0,LOW
XYZ20T100656,2026-07-27,15930.5,86.27,89.82,-0.048,61.15,32.94,0,0,0,0.0,0.0,0,LOW
XYZ20T100662,2026-07-27,17200.0,85.87,90.12,-0.212,68.49,32.74,0,0,0,0.0,0.0,0,LOW
XYZ20T100675,2026-07-27,10086.6,81.44,85.39,-0.267,32.03,37.77,0,0,0,0.0,0.0,0,LOW
XYZ20T100676,2026-07-27,18326.9,85.04,88.32,0.38,43.76,33.82,0,0,0,0.0,0.0,0,LOW
XYZ20T100684,2026-07-27,5710.1,79.51,86.41,-0.287,57.36,32.41,0,0,0,0.0,0.0,0,LOW
XYZ20T100685,2026-07-27,1646.3,84.76,89.52,0.278,46.92,41.56,0,0,0,0.0,0.0,0,LOW
XYZ20T100704,2026-07-27,8839.8,77.22,82.93,-0.19,52.95,34.26,0,0,0,0.0,0.0,0,LOW
XYZ20T100712,2026-07-27,523.7,87.11,93.69,0.24,48.18,36.41,0,0,0,0.0,0.0,0,LOW
XYZ20T100714,2026-07-27,19101.8,82.79,89.29,0.101,53.02,29.84,0,0,0,0.0,0.0,0,LOW
XYZ20T100716,2026-07-27,6091.4,79.04,85.94,-0.317,50.88,36.63,0,0,0,0.0,0.0,0,LOW
XYZ20T100724,2026-07-27,4616.9,79.55,83.83,0.161,38.3,32.38,0,0,0,0.0,0.0,0,LOW
XYZ20T100726,2026-07-27,6406.6,84.35,90.87,-0.012,58.79,34.87,0,0,0,0.0,0.0,0,LOW
XYZ20T100730,2026-07-27,5794.1,86.92,92.61,0.18,59.89,30.71,0,0,0,0.0,0.0,0,LOW
XYZ20T100740,2026-07-27,12437.7,84.51,89.64,0.096,59.42,37.84,0,0,0,0.0,0.0,0,LOW
XYZ20T100747,2026-07-27,1662.7,81.46,88.2,-0.167,76.58,29.3,0,0,0,0.0,0.0,0,LOW
XYZ20T100759,2026-07-27,11477.3,94.11,105.46,1.539,51.49,34.87,0,1,0,0.8136,81.4,1,CRITICAL
XYZ20T100764,2026-07-27,19257.8,83.6,90.45,0.231,44.07,33.26,0,0,0,0.0,0.0,0,LOW
XYZ20T100766,2026-07-27,19782.1,80.41,85.82,-0.44,72.99,32.22,0,0,0,0.0,0.0,0,LOW
XYZ20T100773,2026-07-27,16959.1,78.87,85.31,-0.442,63.4,29.58,0,0,0,0.0,0.0,0,LOW
XYZ20T100778,2026-07-27,907.2,78.83,83.5,-0.139,59.76,29.32,0,0,0,0.0,0.0,0,LOW
XYZ20T100781,2026-07-27,15864.6,83.05,87.81,-0.189,64.99,39.52,0,0,0,0.0,0.0,0,LOW
XYZ20T100793,2026-07-27,24913.1,77.54,83.57,-0.43,46.92,36.55,0,0,0,0.0,0.0,0,LOW
XYZ20T100796,2026-07-27,9748.6,86.36,90.56,0.279,50.71,34.29,0,0,0,0.0,0.0,0,LOW
XYZ20T100809,2026-07-27,6305.4,84.94,89.5,0.19,89.95,45.82,0,0,0,0.0,0.0,0,LOW
XYZ20T100826,2026-07-27,17656.0,81.05,87.98,0.032,60.45,26.83,0,0,0,0.0,0.0,0,LOW
XYZ20T100827,2026-07-27,9995.3,86.18,91.52,-0.253,69.3,26.78,0,0,0,0.0,0.0,0,LOW
XYZ20T100829,2026-07-27,15107.7,85.2,88.71,-1.382,64.75,33.81,0,0,0,0.0,0.0,0,LOW
XYZ20T100832,2026-07-27,16811.9,84.12,88.48,0.06,63.65,38.37,0,0,0,0.0,0.0,0,LOW
XYZ20T100833,2026-07-27,3856.6,92.74,100.17,0.566,74.56,33.76,0,0,0,0.2561,25.6,0,LOW
XYZ20T100840,2026-07-27,11042.0,85.04,88.11,0.009,61.71,37.86,0,0,0,0.0,0.0,0,LOW
XYZ20T100844,2026-07-27,3013.3,82.11,88.73,0.332,62.92,37.53,0,0,0,0.0,0.0,0,LOW
XYZ20T100848,2026-07-27,12974.3,74.16,80.67,-0.636,40.42,28.83,0,0,0,0.0,0.0,0,LOW
XYZ20T100849,2026-07-27,10655.0,78.2,84.29,-0.304,55.8,34.64,0,0,0,0.0,0.0,0,LOW
XYZ20T100851,2026-07-27,22413.4,80.31,86.65,0.069,67.04,29.68,0,0,0,0.0,0.0,0,LOW
XYZ20T100856,2026-07-27,20188.8,79.73,84.35,-0.061,57.1,35.5,0,0,0,0.0,0.0,0,LOW
XYZ20T100858,2026-07-27,2998.6,89.82,95.96,0.478,76.9,35.19,0,0,0,0.0033,0.3,0,LOW
XYZ20T100868,2026-07-27,21258.1,83.09,89.19,-0.339,60.82,26.86,0,0,0,0.0,0.0,0,LOW
XYZ20T100869,2026-07-27,4322.1,84.94,89.51,-0.291,69.31,24.02,0,0,0,0.0,0.0,0,LOW
XYZ20T100871,2026-07-27,8892.9,80.44,86.2,0.081,54.29,33.4,0,0,0,0.0,0.0,0,LOW
XYZ20T100877,2026-07-27,17892.6,86.61,89.97,0.281,62.32,34.99,0,0,0,0.0,0.0,0,LOW
XYZ20T100879,2026-07-27,9869.7,77.93,84.89,-1.6,56.45,29.78,0,0,0,0.0,0.0,0,LOW
XYZ20T100881,2026-07-27,11888.5,83.31,87.36,-0.477,51.0,34.06,0,0,0,0.0,0.0,0,LOW
XYZ20T100884,2026-07-27,5749.9,88.47,91.81,0.009,53.06,40.1,0,0,0,0.0,0.0,0,LOW
XYZ20T100899,2026-07-27,10308.8,79.88,85.18,0.184,59.08,26.8,0,0,0,0.0,0.0,0,LOW
XYZ20T100901,2026-07-27,6526.0,80.52,85.98,-1.185,81.98,35.68,0,0,0,0.0,0.0,0,LOW
XYZ20T100902,2026-07-27,22464.1,79.15,83.76,-0.103,48.6,35.75,0,0,0,0.0,0.0,0,LOW
XYZ20T100907,2026-07-27,14903.8,83.12,89.68,0.435,60.65,36.4,0,0,0,0.0,0.0,0,LOW
XYZ20T100908,2026-07-27,1955.8,91.29,102.11,1.058,76.19,31.08,0,1,0,0.7582,75.8,1,CRITICAL
XYZ20T100911,2026-07-27,2958.9,86.53,93.16,-0.204,61.84,28.67,0,0,0,0.0,0.0,0,LOW
XYZ20T100915,2026-07-27,7676.5,81.74,86.67,-0.178,56.37,44.1,0,0,0,0.0,0.0,0,LOW
XYZ20T100919,2026-07-27,9557.0,79.5,82.91,0.346,73.49,29.28,0,0,0,0.0,0.0,0,LOW
XYZ20T100924,2026-07-27,13799.8,86.98,92.95,0.274,65.28,31.95,0,0,0,0.0,0.0,0,LOW
XYZ20T100926,2026-07-27,18333.0,80.03,86.72,-0.416,63.58,34.85,0,0,0,0.0,0.0,0,LOW
XYZ20T100934,2026-07-27,4678.3,78.42,82.73,-0.056,36.64,38.21,0,0,0,0.0,0.0,0,LOW
XYZ20T100947,2026-07-27,3954.2,85.04,91.52,-0.859,68.83,33.46,0,0,0,0.0,0.0,0,LOW
XYZ20T100976,2026-07-27,2141.3,79.73,83.54,-0.161,43.11,33.41,0,0,0,0.0,0.0,0,LOW
XYZ20T100978,2026-07-27,17595.9,84.71,91.37,-0.085,58.64,34.18,0,0,0,0.0,0.0,0,LOW
XYZ20T100986,2026-07-27,5247.4,83.48,87.29,-0.212,65.8,29.13,0,0,0,0.0,0.0,0,LOW
XYZ20T100988,2026-07-27,12972.1,80.65,83.87,0.117,62.13,42.98,0,0,0,0.0,0.0,0,LOW
XYZ20T100989,2026-07-27,4875.2,83.6,88.36,-0.019,44.8,28.73,0,0,0,0.0,0.0,0,LOW
XYZ20T100991,2026-07-27,4724.0,88.9,93.21,0.188,72.99,44.91,0,0,0,0.0,0.0,0,LOW
XYZ20T100992,2026-07-27,3507.0,79.21,84.41,-0.445,64.05,33.15,0,0,0,0.0,0.0,0,LOW
XYZ20T100993,2026-07-27,3045.6,82.29,88.02,0.023,72.64,33.64,0,0,0,0.0,0.0,0,LOW
XYZ20T100999,2026-07-27,5797.4,76.56,82.44,-0.553,46.54,26.92,0,0,0,0.0,0.0,0,LOW
XYZ20T101011,2026-07-27,4071.5,87.42,92.86,0.371,61.17,29.12,0,0,0,0.0,0.0,0,LOW
XYZ20T101013,2026-07-27,8775.2,85.6,90.86,0.14,58.61,42.24,0,0,0,0.0,0.0,0,LOW
XYZ20T101017,2026-07-27,15807.6,80.4,86.58,0.246,49.06,36.07,0,0,0,0.0,0.0,0,LOW
XYZ20T101030,2026-07-27,14502.3,81.25,84.42,-1.59,45.48,38.59,0,0,0,0.0,0.0,0,LOW
XYZ20T101041,2026-07-27,11165.5,86.53,91.68,-0.087,54.37,40.61,0,0,0,0.0,0.0,0,LOW
XYZ20T101067,2026-07-27,4448.5,85.76,91.68,0.552,32.35,29.88,0,0,0,0.0596,6.0,0,LOW
XYZ20T101069,2026-07-27,20718.3,86.42,91.63,0.218,51.39,40.46,0,0,0,0.0,0.0,0,LOW
XYZ20T101070,2026-07-27,872.3,96.34,106.0,1.794,64.66,34.54,1,1,0,0.8936,89.4,1,CRITICAL
XYZ20T101080,2026-07-27,2818.3,82.26,86.42,0.424,74.29,44.95,0,0,0,0.0,0.0,0,LOW
XYZ20T101090,2026-07-27,976.4,87.12,90.47,0.357,54.33,32.09,0,0,0,0.0,0.0,0,LOW
XYZ20T101094,2026-07-27,13444.8,80.14,84.05,0.296,62.23,34.23,0,0,0,0.0,0.0,0,LOW
XYZ20T101096,2026-07-27,2528.9,85.34,88.48,0.374,61.23,30.03,0,0,0,0.0,0.0,0,LOW
XYZ20T101100,2026-07-27,5666.5,88.05,91.06,-0.23,59.44,38.61,0,0,0,0.0,0.0,0,LOW
XYZ20T101102,2026-07-27,24959.8,81.75,87.41,-0.167,65.08,43.68,0,0,0,0.0,0.0,0,LOW
XYZ20T101107,2026-07-27,15904.2,82.65,86.27,0.555,69.77,41.16,0,0,0,0.0,0.0,0,LOW
XYZ20T101112,2026-07-27,5935.3,80.57,86.46,-0.726,46.32,37.31,0,0,0,0.0,0.0,0,LOW
XYZ20T101117,2026-07-27,3147.3,86.1,91.34,0.152,50.81,32.67,0,0,0,0.0,0.0,0,LOW
XYZ20T101120,2026-07-27,12969.6,83.35,86.72,-0.112,45.78,21.91,0,0,0,0.0,0.0,0,LOW
XYZ20T101122,2026-07-27,10792.0,81.14,85.49,0.077,79.61,29.51,0,0,0,0.0,0.0,0,LOW
XYZ20T101132,2026-07-27,3697.5,81.95,85.75,0.052,54.78,35.48,0,0,0,0.0,0.0,0,LOW
XYZ20T101134,2026-07-27,21242.7,85.34,90.01,-0.841,50.97,30.45,0,0,0,0.0,0.0,0,LOW
XYZ20T101142,2026-07-27,5100.7,78.52,83.35,-0.072,33.81,25.51,0,0,0,0.0033,0.3,0,LOW
XYZ20T101147,2026-07-27,24508.9,82.76,87.57,-0.717,70.18,39.92,0,0,0,0.0,0.0,0,LOW
XYZ20T101149,2026-07-27,12522.3,78.29,83.64,-0.068,52.24,35.54,0,0,0,0.0,0.0,0,LOW
XYZ20T101150,2026-07-27,16966.6,77.77,80.98,0.316,53.42,39.51,0,0,0,0.0,0.0,0,LOW
XYZ20T101153,2026-07-27,4054.9,83.74,87.58,-0.162,27.3,32.7,0,0,0,0.0,0.0,0,LOW
XYZ20T101156,2026-07-27,10604.9,80.28,83.77,0.239,55.55,35.22,0,0,0,0.0,0.0,0,LOW
XYZ20T101158,2026-07-27,5822.6,89.61,94.76,-0.166,68.75,26.09,0,0,0,0.0,0.0,0,LOW
XYZ20T101165,2026-07-27,18430.5,82.05,86.78,-0.12,69.9,41.8,0,0,0,0.0,0.0,0,LOW
XYZ20T101169,2026-07-27,11407.1,80.16,86.29,0.113,65.38,38.13,0,0,0,0.0,0.0,0,LOW
XYZ20T101173,2026-07-27,387.0,83.44,86.59,0.169,59.63,38.86,0,0,0,0.0,0.0,0,LOW
XYZ20T101175,2026-07-27,5029.9,86.48,92.86,-0.433,75.32,36.83,0,0,0,0.0,0.0,0,LOW
XYZ20T101192,2026-07-27,5544.1,83.88,88.77,-0.702,48.0,30.62,0,0,0,0.0,0.0,0,LOW
XYZ20T101205,2026-07-27,8711.4,81.46,85.87,0.714,64.93,40.57,0,0,0,0.0,0.0,0,LOW
XYZ20T101208,2026-07-27,10535.2,85.27,90.49,0.365,66.76,31.26,0,0,0,0.0,0.0,0,LOW
XYZ20T101210,2026-07-27,7345.5,87.34,93.42,-0.037,56.91,31.79,0,0,0,0.0,0.0,0,LOW
XYZ20T101215,2026-07-27,13717.8,86.53,91.77,-1.637,56.34,34.68,0,0,0,0.0,0.0,0,LOW
XYZ20T101216,2026-07-27,1266.6,82.23,86.6,0.228,66.49,26.62,0,0,0,0.0,0.0,0,LOW
XYZ20T101220,2026-07-27,17331.6,85.91,91.54,0.05,49.96,25.46,0,0,0,0.0,0.0,0,LOW
XYZ20T101222,2026-07-27,24793.0,80.65,86.2,0.292,73.07,35.01,0,0,0,0.0,0.0,0,LOW
XYZ20T101227,2026-07-27,732.8,86.65,93.64,-2.188,34.31,36.9,0,0,0,0.0,0.0,0,LOW
XYZ20T101233,2026-07-27,10769.7,88.53,92.88,-0.525,59.1,33.9,0,0,0,0.0,0.0,0,LOW
XYZ20T101236,2026-07-27,10274.3,89.13,95.7,0.094,79.06,33.11,0,0,0,0.0,0.0,0,LOW
XYZ20T101237,2026-07-27,1098.1,85.61,89.5,0.366,56.57,35.64,0,0,0,0.0,0.0,0,LOW
XYZ20T101240,2026-07-27,2708.0,80.41,85.57,0.146,68.09,40.72,0,0,0,0.0,0.0,0,LOW
XYZ20T101242,2026-07-27,13417.8,81.37,85.57,-0.321,70.56,26.63,0,0,0,0.0,0.0,0,LOW
XYZ20T101273,2026-07-27,14669.0,84.47,90.1,0.0,47.69,30.19,0,0,0,0.0,0.0,0,LOW
XYZ20T101274,2026-07-27,3288.7,81.09,87.31,0.055,71.74,20.57,0,0,0,0.0,0.0,0,LOW
XYZ20T101275,2026-07-27,6702.1,80.67,86.69,-0.059,64.12,39.74,0,0,0,0.0,0.0,0,LOW
XYZ20T101277,2026-07-27,14952.2,83.4,87.53,0.153,57.08,30.25,0,0,0,0.0,0.0,0,LOW
XYZ20T101280,2026-07-27,1131.3,86.53,91.0,0.489,64.56,45.25,0,0,0,0.0,0.0,0,LOW
XYZ20T101286,2026-07-27,2278.7,81.74,88.59,-0.006,71.1,26.63,0,0,0,0.0,0.0,0,LOW
XYZ20T101290,2026-07-27,14088.1,76.99,83.57,-0.641,33.48,29.09,0,0,0,0.0,0.0,0,LOW
XYZ20T101298,2026-07-27,22043.1,87.73,93.49,-0.181,61.38,27.48,0,0,0,0.0033,0.3,0,LOW
XYZ20T101299,2026-07-27,6353.4,83.06,87.01,-0.262,55.21,30.42,0,0,0,0.0,0.0,0,LOW
XYZ20T101301,2026-07-27,18604.9,78.17,82.24,0.011,63.98,28.2,0,0,0,0.0,0.0,0,LOW
XYZ20T101306,2026-07-27,1133.6,83.5,89.22,0.093,72.23,37.77,0,0,0,0.0,0.0,0,LOW
XYZ20T101308,2026-07-27,8632.4,84.65,89.34,-0.137,60.37,32.37,0,0,0,0.0,0.0,0,LOW
XYZ20T101317,2026-07-27,676.1,84.91,91.08,0.209,52.33,38.79,0,0,0,0.0,0.0,0,LOW
XYZ20T101318,2026-07-27,7702.4,86.6,92.46,0.442,66.37,28.85,0,0,0,0.0,0.0,0,LOW
XYZ20T101319,2026-07-27,20961.0,84.9,89.87,-0.31,64.34,38.45,0,0,0,0.0,0.0,0,LOW
XYZ20T101326,2026-07-27,4161.5,87.53,92.37,-0.163,80.71,42.27,0,0,0,0.0,0.0,0,LOW
XYZ20T101334,2026-07-27,6068.3,83.42,88.96,-0.346,36.36,32.77,0,0,0,0.0,0.0,0,LOW
XYZ20T101349,2026-07-27,13240.5,76.12,82.16,0.057,39.86,35.78,0,0,0,0.0,0.0,0,LOW
XYZ20T101361,2026-07-27,2951.6,86.22,93.08,-0.003,64.47,33.97,0,0,0,0.0,0.0,0,LOW
XYZ20T101369,2026-07-27,10352.5,87.85,91.03,-0.402,60.01,39.08,0,0,0,0.0,0.0,0,LOW
XYZ20T101374,2026-07-27,13348.2,80.67,84.37,-0.046,53.82,40.23,0,0,0,0.0,0.0,0,LOW
XYZ20T101384,2026-07-27,14918.2,78.53,84.98,-0.312,40.91,34.02,0,0,0,0.0,0.0,0,LOW
XYZ20T101385,2026-07-27,13582.1,79.95,83.44,-2.023,59.2,33.63,0,0,0,0.0,0.0,0,LOW
XYZ20T101393,2026-07-27,17478.5,88.1,94.8,-0.115,54.71,40.41,0,0,0,0.0,0.0,0,LOW
XYZ20T101406,2026-07-27,16667.1,79.33,83.25,0.189,68.89,28.91,0,0,0,0.0,0.0,0,LOW
XYZ20T101413,2026-07-27,14110.7,84.93,90.51,0.184,57.81,31.13,0,0,0,0.0,0.0,0,LOW
XYZ20T101419,2026-07-27,12432.3,83.81,88.64,-0.73,65.6,40.44,0,0,0,0.0,0.0,0,LOW
XYZ20T101423,2026-07-27,19078.2,88.37,94.29,-1.678,61.5,28.17,0,0,0,0.0,0.0,0,LOW
XYZ20T101428,2026-07-27,6267.5,85.61,92.44,-0.095,35.63,36.87,0,0,0,0.0,0.0,0,LOW
XYZ20T101431,2026-07-27,24972.4,84.94,89.39,-0.366,66.34,26.95,0,0,0,0.0,0.0,0,LOW
XYZ20T101434,2026-07-27,11467.1,85.17,90.65,-0.575,59.43,33.98,0,0,0,0.0,0.0,0,LOW
XYZ20T101435,2026-07-27,12950.3,82.64,87.29,0.444,61.46,44.52,0,0,0,0.0,0.0,0,LOW
XYZ20T101437,2026-07-27,3322.9,88.32,94.67,0.137,74.9,34.13,0,0,0,0.0,0.0,0,LOW
XYZ20T101446,2026-07-27,9277.0,81.34,84.58,0.512,50.23,31.1,0,0,0,0.0066,0.7,0,LOW
XYZ20T101468,2026-07-27,8354.8,84.72,90.4,-0.059,71.42,36.88,0,0,0,0.0,0.0,0,LOW
XYZ20T101479,2026-07-27,1435.4,80.35,86.36,-1.032,66.11,37.09,0,0,0,0.0,0.0,0,LOW
XYZ20T101484,2026-07-27,14436.7,76.68,83.18,-0.047,44.22,20.0,0,0,0,0.0,0.0,0,LOW
XYZ20T101491,2026-07-27,13827.4,82.48,88.42,0.029,70.69,34.02,0,0,0,0.0,0.0,0,LOW
XYZ20T101498,2026-07-27,13492.2,80.1,83.29,0.557,48.62,33.06,0,0,0,0.0,0.0,0,LOW
XYZ20T101500,2026-07-27,4303.1,74.07,79.22,-0.64,28.02,26.82,0,0,0,0.0,0.0,0,LOW
XYZ20T101501,2026-07-27,16315.5,89.05,95.39,0.101,66.28,39.18,0,0,0,0.0,0.0,0,LOW
XYZ20T101502,2026-07-27,10763.6,79.29,82.85,-0.303,59.28,31.98,0,0,0,0.0,0.0,0,LOW
XYZ20T101504,2026-07-27,7297.0,76.94,80.74,-0.443,49.48,37.74,0,0,0,0.0,0.0,0,LOW
XYZ20T101511,2026-07-27,653.3,80.53,83.56,0.591,44.34,33.79,0,0,0,0.0,0.0,0,LOW
XYZ20T101519,2026-07-27,13898.3,81.56,84.65,0.474,50.28,40.38,0,0,0,0.0,0.0,0,LOW
XYZ20T101525,2026-07-27,8279.8,85.35,90.69,-0.44,53.31,29.81,0,0,0,0.0,0.0,0,LOW
XYZ20T101526,2026-07-27,1254.1,77.61,80.74,0.014,61.97,33.29,0,0,0,0.0,0.0,0,LOW
XYZ20T101530,2026-07-27,20206.4,82.46,86.5,-0.027,46.98,33.03,0,0,0,0.0,0.0,0,LOW
XYZ20T101534,2026-07-27,5903.4,78.45,84.41,0.263,66.7,34.74,0,0,0,0.0,0.0,0,LOW
XYZ20T101549,2026-07-27,2036.9,75.39,80.73,-0.204,47.67,29.6,0,0,0,0.0,0.0,0,LOW
XYZ20T101550,2026-07-27,5083.0,82.27,86.71,0.685,84.63,45.27,0,0,0,0.0,0.0,0,LOW
XYZ20T101551,2026-07-27,613.7,80.04,83.66,0.0,64.86,33.86,0,0,0,0.0,0.0,0,LOW
XYZ20T101555,2026-07-27,12554.0,87.35,91.93,0.043,63.51,33.9,0,0,0,0.0,0.0,0,LOW
XYZ20T101558,2026-07-27,6153.5,77.97,84.9,-0.177,63.42,33.23,0,0,0,0.0,0.0,0,LOW
XYZ20T101562,2026-07-27,14225.0,82.17,86.73,-0.383,73.44,31.7,0,0,0,0.0,0.0,0,LOW
XYZ20T101567,2026-07-27,17225.8,82.43,87.9,0.009,48.76,27.69,0,0,0,0.0,0.0,0,LOW
XYZ20T101573,2026-07-27,1978.4,85.91,91.61,0.028,48.71,35.31,0,0,0,0.0,0.0,0,LOW
XYZ20T101582,2026-07-27,15522.6,80.31,85.01,0.202,65.44,38.24,0,0,0,0.0,0.0,0,LOW
XYZ20T101586,2026-07-27,16429.2,85.06,88.07,-0.168,57.84,28.84,0,0,0,0.0,0.0,0,LOW
XYZ20T101593,2026-07-27,395.6,80.49,84.39,0.04,58.64,38.58,0,0,0,0.0,0.0,0,LOW
XYZ20T101594,2026-07-27,12778.9,82.96,87.6,0.094,66.44,41.83,0,0,0,0.0,0.0,0,LOW
XYZ20T101629,2026-07-27,5918.0,79.74,82.9,0.207,51.94,36.93,0,0,0,0.0,0.0,0,LOW
XYZ20T101633,2026-07-27,13125.6,83.75,88.48,-0.207,63.07,36.5,0,0,0,0.0,0.0,0,LOW
XYZ20T101659,2026-07-27,6256.9,85.02,90.82,-0.009,76.78,38.11,0,0,0,0.0,0.0,0,LOW
XYZ20T101662,2026-07-27,11542.4,77.36,80.4,-0.045,62.83,33.39,0,0,0,0.0,0.0,0,LOW
XYZ20T101663,2026-07-27,20857.2,81.1,87.95,-0.004,57.52,36.99,0,0,0,0.0,0.0,0,LOW
XYZ20T101669,2026-07-27,4393.4,81.54,88.43,0.06,64.09,30.85,0,0,0,0.0,0.0,0,LOW
XYZ20T101677,2026-07-27,4160.6,82.96,87.65,-0.028,64.14,40.07,0,0,0,0.0,0.0,0,LOW
XYZ20T101678,2026-07-27,5524.9,74.22,79.37,0.042,49.92,25.0,0,0,0,0.0,0.0,0,LOW
XYZ20T101685,2026-07-27,11672.1,76.98,81.4,0.058,45.91,29.46,0,0,0,0.0,0.0,0,LOW
XYZ20T101692,2026-07-27,461.1,79.73,82.92,0.037,62.28,34.43,0,0,0,0.0,0.0,0,LOW
XYZ20T101693,2026-07-27,22601.1,80.9,85.81,-0.072,65.47,31.41,0,0,0,0.0,0.0,0,LOW
XYZ20T101696,2026-07-27,15660.2,86.1,91.41,0.069,64.24,38.56,0,0,0,0.0,0.0,0,LOW
XYZ20T101698,2026-07-27,4800.5,80.76,86.74,0.13,60.87,28.95,0,0,0,0.0,0.0,0,LOW
XYZ20T101699,2026-07-27,24975.1,79.56,83.67,-0.409,51.06,33.34,0,0,0,0.0,0.0,0,LOW
XYZ20T101702,2026-07-27,2311.9,80.96,87.18,-0.354,82.2,32.89,0,0,0,0.0,0.0,0,LOW
XYZ20T101718,2026-07-27,2613.9,81.09,87.76,-0.478,61.14,23.48,0,0,0,0.0,0.0,0,LOW
XYZ20T101728,2026-07-27,591.4,87.29,93.94,-0.056,62.11,26.81,0,0,0,0.0,0.0,0,LOW
XYZ20T101733,2026-07-27,9321.6,86.9,92.87,0.161,67.62,25.76,0,0,0,0.0,0.0,0,LOW
XYZ20T101735,2026-07-27,12610.6,79.78,84.67,0.429,60.46,31.85,0,0,0,0.0,0.0,0,LOW
XYZ20T101740,2026-07-27,16769.6,79.64,85.58,-0.102,53.3,42.72,0,0,0,0.0,0.0,0,LOW
XYZ20T101764,2026-07-27,6392.3,82.4,88.43,-0.092,59.65,22.1,0,0,0,0.0,0.0,0,LOW
XYZ20T101767,2026-07-27,1768.9,85.66,91.41,0.224,66.66,32.97,0,0,0,0.0,0.0,0,LOW
XYZ20T101768,2026-07-27,3755.7,85.58,92.38,-0.02,82.3,37.06,0,0,0,0.0,0.0,0,LOW
XYZ20T101773,2026-07-27,11715.6,78.85,84.15,-0.264,53.58,34.62,0,0,0,0.0033,0.3,0,LOW
XYZ20T101782,2026-07-27,4266.7,81.52,87.91,-0.013,53.28,41.5,0,0,0,0.0,0.0,0,LOW
XYZ20T101789,2026-07-27,8755.6,78.96,83.22,0.079,76.27,38.7,0,0,0,0.0,0.0,0,LOW
XYZ20T101790,2026-07-27,4285.6,90.28,99.42,0.166,42.96,35.93,0,0,0,0.0231,2.3,0,LOW
XYZ20T101791,2026-07-27,16819.5,83.57,89.52,-0.078,69.37,28.43,0,0,0,0.0,0.0,0,LOW
XYZ20T101792,2026-07-27,1500.6,86.18,92.17,0.145,47.65,36.32,0,0,0,0.0,0.0,0,LOW
XYZ20T101794,2026-07-27,10833.4,83.17,87.84,-0.237,34.38,28.19,0,0,0,0.0,0.0,0,LOW
XYZ20T101805,2026-07-27,13078.2,88.12,92.68,0.406,87.11,42.33,0,0,0,0.0,0.0,0,LOW
XYZ20T101807,2026-07-27,10011.0,83.7,90.34,0.155,49.54,29.49,0,0,0,0.0,0.0,0,LOW
XYZ20T101809,2026-07-27,11962.9,84.17,89.45,0.157,70.53,34.95,0,0,0,0.0,0.0,0,LOW
XYZ20T101820,2026-07-27,8527.6,83.93,87.11,0.014,71.92,35.94,0,0,0,0.0,0.0,0,LOW
XYZ20T101825,2026-07-27,10347.5,84.29,88.24,0.167,65.48,31.71,0,0,0,0.0,0.0,0,LOW
XYZ20T101832,2026-07-27,13324.2,83.5,88.91,0.186,67.3,42.16,0,0,0,0.0,0.0,0,LOW
XYZ20T101838,2026-07-27,12948.9,82.43,86.81,0.444,85.32,33.34,0,0,0,0.0,0.0,0,LOW
XYZ20T101842,2026-07-27,6938.2,78.44,85.03,0.121,64.59,31.46,0,0,0,0.0,0.0,0,LOW
XYZ20T101848,2026-07-27,22198.7,76.93,82.64,-0.056,53.25,28.73,0,0,0,0.0,0.0,0,LOW
XYZ20T101861,2026-07-27,9839.2,75.69,80.65,-0.196,30.79,41.86,0,0,0,0.0,0.0,0,LOW
XYZ20T101862,2026-07-27,7651.3,86.46,91.29,-0.303,53.31,36.99,0,0,0,0.0,0.0,0,LOW
XYZ20T101866,2026-07-27,5551.1,77.53,81.76,0.01,41.59,36.7,0,0,0,0.0,0.0,0,LOW
XYZ20T101868,2026-07-27,6638.4,83.07,88.76,0.131,78.79,33.15,0,0,0,0.0,0.0,0,LOW
XYZ20T101869,2026-07-27,4253.7,74.94,80.28,-0.281,50.85,31.4,0,0,0,0.0,0.0,0,LOW
XYZ20T101884,2026-07-27,24946.4,85.15,91.37,-0.002,72.53,44.15,0,0,0,0.0,0.0,0,LOW
XYZ20T101886,2026-07-27,2668.3,87.13,91.58,-0.09,79.72,34.85,0,0,0,0.0,0.0,0,LOW
XYZ20T101892,2026-07-27,8891.3,82.94,89.27,0.02,47.76,36.8,0,0,0,0.0,0.0,0,LOW
XYZ20T101897,2026-07-27,20092.9,78.52,82.32,-0.002,61.57,30.03,0,0,0,0.0,0.0,0,LOW
XYZ20T101898,2026-07-27,11961.7,88.44,92.2,0.425,44.79,35.83,0,0,0,0.0,0.0,0,LOW
XYZ20T101900,2026-07-27,24968.2,84.92,90.48,0.224,62.72,30.55,0,0,0,0.0,0.0,0,LOW
XYZ20T101905,2026-07-27,18308.6,80.42,87.18,-0.281,52.78,33.79,0,0,0,0.0,0.0,0,LOW
XYZ20T101912,2026-07-27,6797.1,83.17,88.34,0.309,56.53,39.08,0,0,0,0.0,0.0,0,LOW
XYZ20T101915,2026-07-27,645.7,97.37,106.97,1.655,60.05,32.79,1,0,1,0.691,69.1,1,HIGH
XYZ20T101917,2026-07-27,13584.2,81.15,87.46,-0.157,85.19,26.83,0,0,0,0.0,0.0,0,LOW
XYZ20T101921,2026-07-27,15120.1,78.47,83.48,0.026,51.11,27.16,0,0,0,0.0,0.0,0,LOW
XYZ20T101922,2026-07-27,1300.8,84.83,90.52,-2.066,73.08,33.54,0,0,0,0.0,0.0,0,LOW
XYZ20T101924,2026-07-27,14697.8,79.58,86.03,0.089,50.19,36.98,0,0,0,0.0,0.0,0,LOW
XYZ20T101928,2026-07-27,14459.5,82.6,88.86,-0.219,57.9,31.34,0,0,0,0.0,0.0,0,LOW
XYZ20T101935,2026-07-27,3638.2,87.74,94.69,-0.351,52.77,29.68,0,0,0,0.0,0.0,0,LOW
XYZ20T101946,2026-07-27,9825.5,88.15,92.28,-0.429,48.15,38.82,0,0,0,0.0,0.0,0,LOW
XYZ20T101957,2026-07-27,14721.3,78.76,84.7,-0.106,55.46,39.74,0,0,0,0.0,0.0,0,LOW
XYZ20T101958,2026-07-27,24994.9,84.6,89.35,-0.053,33.45,30.97,0,0,0,0.0,0.0,0,LOW
XYZ20T101959,2026-07-27,12777.2,76.6,83.09,0.007,44.01,32.36,0,0,0,0.0,0.0,0,LOW
XYZ20T101960,2026-07-27,11787.2,80.75,86.38,0.05,55.55,34.55,0,0,0,0.0,0.0,0,LOW
XYZ20T101964,2026-07-27,3414.1,86.88,93.28,-0.094,66.06,38.11,0,0,0,0.0,0.0,0,LOW
XYZ20T101965,2026-07-27,6568.4,82.38,89.38,-0.085,35.33,30.77,0,0,0,0.0,0.0,0,LOW
XYZ20T101978,2026-07-27,18275.1,81.4,85.72,-0.077,66.49,40.69,0,0,0,0.0,0.0,0,LOW
XYZ20T101983,2026-07-27,512.0,84.73,88.58,0.02,56.53,36.05,0,0,0,0.0,0.0,0,LOW
XYZ20T101996,2026-07-27,11438.8,83.07,88.6,0.137,53.35,46.17,0,0,0,0.0,0.0,0,LOW
XYZ20T102000,2026-07-27,666.5,84.64,91.26,0.167,71.57,24.4,0,0,0,0.0,0.0,0,LOW
XYZ20T102004,2026-07-27,777.8,83.19,86.62,0.593,77.88,35.9,0,0,0,0.0,0.0,0,LOW
XYZ20T102009,2026-07-27,23419.2,90.71,94.99,0.336,63.31,38.28,0,0,0,0.0033,0.3,0,LOW
XYZ20T102012,2026-07-27,3702.2,80.66,87.17,-0.11,62.26,28.78,0,0,0,0.0,0.0,0,LOW
XYZ20T102025,2026-07-27,14595.2,80.27,84.75,-0.021,76.19,22.73,0,0,0,0.0,0.0,0,LOW
XYZ20T102026,2026-07-27,2773.1,84.93,90.97,0.346,53.73,40.89,0,0,0,0.0,0.0,0,LOW
XYZ20T102029,2026-07-27,17099.5,85.53,90.73,-1.481,57.07,36.92,0,0,0,0.0,0.0,0,LOW
XYZ20T102030,2026-07-27,3107.6,88.08,92.23,0.135,68.72,36.34,0,0,0,0.0,0.0,0,LOW
XYZ20T102031,2026-07-27,2865.9,84.49,89.4,-1.53,54.85,30.36,0,0,0,0.0,0.0,0,LOW
XYZ20T102038,2026-07-27,10775.2,76.77,83.21,-0.086,48.37,39.15,0,0,0,0.0,0.0,0,LOW
XYZ20T102041,2026-07-27,7903.7,81.2,85.29,0.067,49.19,34.52,0,0,0,0.0,0.0,0,LOW
XYZ20T102046,2026-07-27,6023.5,78.9,84.09,-0.066,37.92,32.7,0,0,0,0.0,0.0,0,LOW
XYZ20T102048,2026-07-27,9332.4,81.29,86.76,-1.693,64.95,29.5,0,0,0,0.0,0.0,0,LOW
XYZ20T102053,2026-07-27,12590.6,83.45,86.86,0.149,82.7,37.11,0,0,0,0.0,0.0,0,LOW
XYZ20T102054,2026-07-27,14061.8,88.33,91.81,0.005,67.32,31.96,0,0,0,0.0,0.0,0,LOW
XYZ20T102055,2026-07-27,4361.6,82.27,88.69,-0.254,49.33,34.39,0,0,0,0.0,0.0,0,LOW
XYZ20T102060,2026-07-27,9973.7,88.03,94.91,-0.078,57.06,36.05,0,0,0,0.0,0.0,0,LOW
XYZ20T102065,2026-07-27,9013.3,83.67,87.14,0.034,51.12,26.95,0,0,0,0.0,0.0,0,LOW
XYZ20T102073,2026-07-27,1951.1,86.26,92.05,0.365,41.69,37.13,0,0,0,0.0,0.0,0,LOW
XYZ20T102090,2026-07-27,10025.2,81.12,86.21,-0.288,56.13,31.38,0,0,0,0.0,0.0,0,LOW
XYZ20T102097,2026-07-27,634.5,87.48,92.81,-0.356,75.18,25.41,0,0,0,0.0,0.0,0,LOW
XYZ20T102102,2026-07-27,11898.8,83.49,88.24,0.46,66.24,33.92,0,0,0,0.0,0.0,0,LOW
XYZ20T102103,2026-07-27,4841.3,80.28,86.71,-0.298,61.08,32.77,0,0,0,0.0,0.0,0,LOW
XYZ20T102108,2026-07-27,18267.3,89.19,92.36,0.247,62.19,39.94,0,0,0,0.0,0.0,0,LOW
XYZ20T102121,2026-07-27,4065.0,79.76,84.01,0.298,46.5,32.06,0,0,0,0.0,0.0,0,LOW
XYZ20T102127,2026-07-27,5613.4,80.69,85.07,-0.142,67.4,35.2,0,0,0,0.0,0.0,0,LOW
XYZ20T102132,2026-07-27,5979.5,83.85,91.31,-0.214,60.81,35.31,0,0,0,0.0,0.0,0,LOW
XYZ20T102138,2026-07-27,2066.3,83.01,88.23,-0.025,79.19,28.41,0,0,0,0.0,0.0,0,LOW
XYZ20T102169,2026-07-27,4387.8,78.85,84.67,-0.382,49.11,35.46,0,0,0,0.0,0.0,0,LOW
XYZ20T102176,2026-07-27,1923.3,79.05,83.77,-0.37,60.85,31.22,0,0,0,0.0,0.0,0,LOW
XYZ20T102178,2026-07-27,24971.1,80.36,86.37,0.114,80.2,44.21,0,0,0,0.0,0.0,0,LOW
XYZ20T102182,2026-07-27,18791.1,83.8,88.72,-0.223,58.17,32.25,0,0,0,0.0,0.0,0,LOW
XYZ20T102191,2026-07-27,8520.7,79.91,84.23,-0.064,44.63,33.39,0,0,0,0.0,0.0,0,LOW
XYZ20T102196,2026-07-27,13887.3,79.94,85.85,-0.165,67.12,36.09,0,0,0,0.0,0.0,0,LOW
XYZ20T102203,2026-07-27,12155.6,77.42,82.85,-0.238,49.99,22.58,0,0,0,0.0,0.0,0,LOW
XYZ20T102212,2026-07-27,2739.5,85.89,90.94,-0.065,61.6,31.06,0,0,0,0.0,0.0,0,LOW
XYZ20T102214,2026-07-27,19759.8,85.21,91.82,-0.085,63.28,41.79,0,0,0,0.0,0.0,0,LOW
XYZ20T102217,2026-07-27,5692.0,83.91,88.83,0.136,54.5,34.5,0,0,0,0.0,0.0,0,LOW
XYZ20T102223,2026-07-27,12028.9,82.07,85.43,-0.174,64.82,29.55,0,0,0,0.0,0.0,0,LOW
XYZ20T102226,2026-07-27,3119.0,84.54,91.25,-0.114,56.86,34.04,0,0,0,0.0,0.0,0,LOW
XYZ20T102230,2026-07-27,11742.6,80.1,84.31,-0.513,60.73,33.33,0,0,0,0.0,0.0,0,LOW
XYZ20T102240,2026-07-27,11311.4,93.47,100.25,0.482,74.56,38.75,0,0,0,0.0099,1.0,0,LOW
XYZ20T102251,2026-07-27,12561.6,82.89,88.35,-0.152,66.87,30.95,0,0,0,0.0,0.0,0,LOW
XYZ20T102259,2026-07-27,17058.0,79.14,85.17,-0.013,57.01,35.73,0,0,0,0.0,0.0,0,LOW
XYZ20T102267,2026-07-27,11805.6,81.97,86.03,-0.112,62.76,34.36,0,0,0,0.0,0.0,0,LOW
XYZ20T102268,2026-07-27,12543.0,82.98,87.99,-0.046,65.97,34.51,0,0,0,0.0,0.0,0,LOW
XYZ20T102285,2026-07-27,19921.0,90.2,97.32,-0.794,77.62,29.51,0,0,0,0.0164,1.6,0,LOW
XYZ20T102287,2026-07-27,2841.5,86.06,90.31,0.126,55.87,38.2,0,0,0,0.0,0.0,0,LOW
XYZ20T102291,2026-07-27,14725.8,81.19,86.34,0.187,78.41,35.64,0,0,0,0.0,0.0,0,LOW
XYZ20T102294,2026-07-27,1589.3,81.5,87.22,-0.358,61.59,34.1,0,0,0,0.0,0.0,0,LOW
XYZ20T102325,2026-07-27,14040.5,82.84,87.84,0.019,61.72,34.25,0,0,0,0.0,0.0,0,LOW
XYZ20T102327,2026-07-27,12192.2,83.36,88.26,0.008,60.41,39.24,0,0,0,0.0,0.0,0,LOW
XYZ20T102330,2026-07-27,16412.4,81.94,87.3,0.015,59.73,31.77,0,0,0,0.0,0.0,0,LOW
XYZ20T102345,2026-07-27,20243.3,87.86,91.84,0.129,54.5,31.21,0,0,0,0.0,0.0,0,LOW
XYZ20T102348,2026-07-27,15399.6,81.98,85.64,-0.364,49.94,35.04,0,0,0,0.0,0.0,0,LOW
XYZ20T102358,2026-07-27,6631.8,82.35,87.97,-0.172,86.22,45.56,0,0,0,0.0,0.0,0,LOW
XYZ20T102367,2026-07-27,3312.6,81.89,85.95,0.142,44.06,32.29,0,0,0,0.0,0.0,0,LOW
XYZ20T102369,2026-07-27,7684.1,84.83,90.88,-1.327,64.0,32.66,0,0,0,0.0033,0.3,0,LOW
XYZ20T102373,2026-07-27,4464.7,82.84,88.16,-0.292,58.24,39.47,0,0,0,0.0,0.0,0,LOW
XYZ20T102375,2026-07-27,6208.8,79.73,84.27,-0.067,52.6,35.74,0,0,0,0.0,0.0,0,LOW
XYZ20T102376,2026-07-27,19667.2,88.7,94.34,-0.339,71.11,31.52,0,0,0,0.0,0.0,0,LOW
XYZ20T102389,2026-07-27,7014.2,82.67,86.1,-1.966,52.01,26.65,0,0,0,0.0,0.0,0,LOW
XYZ20T102391,2026-07-27,1670.8,84.95,87.96,0.174,32.81,35.97,0,0,0,0.0,0.0,0,LOW
XYZ20T102392,2026-07-27,14505.6,80.75,86.94,-0.253,68.64,28.51,0,0,0,0.0,0.0,0,LOW
XYZ20T102403,2026-07-27,13680.3,83.38,86.44,0.335,65.89,36.19,0,0,0,0.0,0.0,0,LOW
XYZ20T102405,2026-07-27,8359.1,83.5,88.71,0.334,82.46,38.4,0,0,0,0.0,0.0,0,LOW
XYZ20T102413,2026-07-27,10609.8,80.14,83.81,-0.245,50.56,36.73,0,0,0,0.0,0.0,0,LOW
XYZ20T102420,2026-07-27,9618.0,80.84,84.39,-0.445,40.89,27.21,0,0,0,0.0,0.0,0,LOW
XYZ20T102424,2026-07-27,13307.7,79.06,84.2,-0.835,53.34,37.59,0,0,0,0.0,0.0,0,LOW
XYZ20T102428,2026-07-27,10430.2,79.33,85.39,-0.103,46.14,27.21,0,0,0,0.0,0.0,0,LOW
XYZ20T102429,2026-07-27,3009.2,87.3,92.43,0.159,58.2,32.96,0,0,0,0.0,0.0,0,LOW
XYZ20T102432,2026-07-27,24975.4,83.55,89.23,-1.043,88.87,29.44,0,0,0,0.0,0.0,0,LOW
XYZ20T102436,2026-07-27,1205.0,79.59,85.35,-0.048,56.88,31.89,0,0,0,0.0,0.0,0,LOW
XYZ20T102450,2026-07-27,12123.5,79.47,86.4,0.19,61.2,34.21,0,0,0,0.0,0.0,0,LOW
XYZ20T102452,2026-07-27,17249.3,83.92,88.38,0.031,50.48,31.42,0,0,0,0.0,0.0,0,LOW
XYZ20T102453,2026-07-27,7024.8,88.44,95.3,-1.546,76.54,42.27,0,0,0,0.0033,0.3,0,LOW
XYZ20T102454,2026-07-27,3273.6,77.22,83.62,0.012,49.11,23.73,0,0,0,0.0,0.0,0,LOW
XYZ20T102457,2026-07-27,7611.4,80.62,84.45,-0.15,61.96,34.67,0,0,0,0.0,0.0,0,LOW
XYZ20T102462,2026-07-27,5787.0,77.53,83.52,-0.126,51.75,40.4,0,0,0,0.0,0.0,0,LOW
XYZ20T102463,2026-07-27,24929.6,93.5,99.79,1.236,45.72,45.07,1,1,0,0.2386,23.9,0,LOW
XYZ20T102471,2026-07-27,4077.2,78.09,84.68,-0.087,62.58,30.25,0,0,0,0.0,0.0,0,LOW
XYZ20T102479,2026-07-27,2761.8,79.33,85.11,-1.062,48.2,43.0,0,0,0,0.0,0.0,0,LOW
XYZ20T102482,2026-07-27,14649.9,84.7,90.41,-0.101,65.13,36.09,0,0,0,0.0,0.0,0,LOW
XYZ20T102488,2026-07-27,12443.1,81.03,84.59,-0.004,59.02,36.63,0,0,0,0.0,0.0,0,LOW
XYZ20T102491,2026-07-27,6107.2,85.51,92.24,-0.468,36.94,29.29,0,0,0,0.0033,0.3,0,LOW
XYZ20T102501,2026-07-27,904.7,85.79,89.57,-0.256,37.99,38.69,0,0,0,0.0,0.0,0,LOW
XYZ20T102510,2026-07-27,10636.2,85.62,90.04,-0.686,64.9,33.05,0,0,0,0.0,0.0,0,LOW
XYZ20T102517,2026-07-27,11122.1,78.6,81.69,-0.189,49.97,35.02,0,0,0,0.0,0.0,0,LOW
XYZ20T102524,2026-07-27,1197.3,79.28,83.92,-0.421,70.09,31.51,0,0,0,0.0,0.0,0,LOW
XYZ20T102527,2026-07-27,20308.9,86.45,93.22,-0.18,77.36,33.18,0,0,0,0.0,0.0,0,LOW
XYZ20T102528,2026-07-27,14408.7,83.07,88.25,-0.12,64.91,36.23,0,0,0,0.0,0.0,0,LOW
XYZ20T102545,2026-07-27,24254.8,78.39,83.15,-0.405,52.53,28.28,0,0,0,0.0,0.0,0,LOW
XYZ20T102555,2026-07-27,11234.6,83.59,87.49,-0.124,77.85,35.53,0,0,0,0.0,0.0,0,LOW
XYZ20T102557,2026-07-27,22301.8,81.99,87.77,0.154,56.44,33.82,0,0,0,0.0,0.0,0,LOW
XYZ20T102561,2026-07-27,4638.5,86.02,91.8,-0.208,43.8,41.31,0,0,0,0.0,0.0,0,LOW
XYZ20T102562,2026-07-27,375.9,77.38,83.77,-0.328,41.2,34.6,0,0,0,0.0,0.0,0,LOW
XYZ20T102568,2026-07-27,17664.6,83.96,89.34,-0.534,45.07,37.16,0,0,0,0.0,0.0,0,LOW
XYZ20T102572,2026-07-27,8608.2,80.79,85.11,0.366,77.77,33.48,0,0,0,0.0,0.0,0,LOW
XYZ20T102578,2026-07-27,3760.2,80.85,86.36,0.163,39.94,43.22,0,0,0,0.0,0.0,0,LOW
XYZ20T102582,2026-07-27,11948.3,79.64,85.35,0.6,65.38,33.37,0,0,0,0.0,0.0,0,LOW
XYZ20T102587,2026-07-27,1526.2,85.75,89.17,-0.026,55.19,34.44,0,0,0,0.0,0.0,0,LOW
XYZ20T102591,2026-07-27,17988.4,85.19,91.66,-0.688,46.69,32.78,0,0,0,0.0,0.0,0,LOW
XYZ20T102597,2026-07-27,6747.2,81.92,88.59,0.42,71.05,44.04,0,0,0,0.0,0.0,0,LOW
XYZ20T102600,2026-07-27,1129.7,75.5,78.66,-0.5,49.62,25.83,0,0,0,0.0,0.0,0,LOW
XYZ20T102605,2026-07-27,23276.0,78.94,85.64,0.095,45.68,37.58,0,0,0,0.0,0.0,0,LOW
XYZ20T102622,2026-07-27,1185.9,82.34,87.87,-0.216,62.78,30.51,0,0,0,0.0,0.0,0,LOW
XYZ20T102626,2026-07-27,15370.6,88.46,93.19,-0.062,52.57,26.86,1,0,0,0.0265,2.6,0,LOW
XYZ20T102629,2026-07-27,11362.7,81.23,84.91,0.017,62.86,32.66,0,0,0,0.0,0.0,0,LOW
XYZ20T102634,2026-07-27,17848.7,87.88,93.45,0.199,69.94,43.78,0,0,0,0.0,0.0,0,LOW
XYZ20T102639,2026-07-27,17236.9,77.65,82.58,-0.075,63.85,25.8,0,0,0,0.0,0.0,0,LOW
XYZ20T102640,2026-07-27,5933.9,85.63,88.89,-0.196,62.96,33.43,0,0,0,0.0,0.0,0,LOW
XYZ20T102642,2026-07-27,17161.7,79.58,83.0,0.202,69.84,25.34,0,0,0,0.0,0.0,0,LOW
XYZ20T102643,2026-07-27,13635.5,86.31,91.27,0.426,75.87,37.61,0,0,0,0.0,0.0,0,LOW
XYZ20T102649,2026-07-27,16221.7,85.17,88.44,0.194,52.96,36.7,0,0,0,0.0,0.0,0,LOW
XYZ20T102652,2026-07-27,10978.5,78.17,84.97,-0.176,71.47,37.21,0,0,0,0.0,0.0,0,LOW
XYZ20T102669,2026-07-27,9849.0,90.41,99.37,0.706,41.44,36.74,0,1,0,0.327,32.7,1,MODERATE
XYZ20T102674,2026-07-27,5747.1,79.21,85.22,-0.19,59.97,33.78,0,0,0,0.0,0.0,0,LOW
XYZ20T102675,2026-07-27,4054.0,85.23,89.18,-0.364,51.04,29.79,0,0,0,0.0,0.0,0,LOW
XYZ20T102688,2026-07-27,23387.2,80.6,85.48,-0.518,67.05,34.94,0,0,0,0.0,0.0,0,LOW
XYZ20T102691,2026-07-27,3526.2,76.33,82.79,-0.28,49.04,34.1,0,0,0,0.0,0.0,0,LOW
XYZ20T102694,2026-07-27,10271.6,82.35,88.76,-1.576,69.27,33.03,0,0,0,0.0,0.0,0,LOW
XYZ20T102695,2026-07-27,2910.0,81.02,86.02,-0.601,45.76,31.73,0,0,0,0.0,0.0,0,LOW
XYZ20T102696,2026-07-27,10431.3,79.3,84.68,-0.041,55.36,36.26,0,0,0,0.0,0.0,0,LOW
XYZ20T102701,2026-07-27,9308.5,92.62,100.06,-0.28,79.05,36.44,0,0,0,0.0329,3.3,0,LOW
XYZ20T102703,2026-07-27,18678.1,85.61,90.18,-0.633,52.13,31.56,0,0,0,0.0,0.0,0,LOW
XYZ20T102704,2026-07-27,9327.6,83.99,88.33,0.13,40.16,34.14,0,0,0,0.0,0.0,0,LOW
XYZ20T102706,2026-07-27,13289.2,84.09,87.54,-0.187,72.92,36.06,0,0,0,0.0,0.0,0,LOW
XYZ20T102709,2026-07-27,657.5,81.39,86.24,-0.28,61.34,20.0,0,0,0,0.0,0.0,0,LOW
XYZ20T102713,2026-07-27,22043.1,83.91,89.39,-0.133,60.16,31.23,0,0,0,0.0,0.0,0,LOW
XYZ20T102714,2026-07-27,4518.8,79.0,83.51,-0.174,63.34,23.71,0,0,0,0.0,0.0,0,LOW
XYZ20T102716,2026-07-27,17664.4,84.74,87.92,0.057,85.12,34.45,0,0,0,0.0,0.0,0,LOW
XYZ20T102719,2026-07-27,13421.5,89.49,92.95,0.42,66.01,36.54,0,0,0,0.0,0.0,0,LOW
XYZ20T102730,2026-07-27,10419.8,82.1,85.37,0.19,48.31,26.03,0,0,0,0.0,0.0,0,LOW
XYZ20T102734,2026-07-27,1022.5,86.86,93.22,0.026,64.46,33.8,0,0,0,0.0,0.0,0,LOW
XYZ20T102735,2026-07-27,10559.0,87.81,91.1,0.201,65.42,34.69,0,0,0,0.0,0.0,0,LOW
XYZ20T102745,2026-07-27,20198.0,81.73,88.13,-0.047,65.04,38.81,0,0,0,0.0,0.0,0,LOW
XYZ20T102761,2026-07-27,18457.6,77.69,80.82,-0.325,71.34,42.49,0,0,0,0.0,0.0,0,LOW
XYZ20T102763,2026-07-27,16133.0,94.71,105.38,0.712,60.85,38.55,1,1,0,0.4967,49.7,1,MODERATE
XYZ20T102764,2026-07-27,17073.2,84.37,91.0,-0.138,70.04,36.14,0,0,0,0.0,0.0,0,LOW
XYZ20T102770,2026-07-27,11892.0,86.84,93.63,0.616,47.46,34.02,0,0,0,0.1811,18.1,0,LOW
XYZ20T102772,2026-07-27,1798.2,82.52,85.58,0.203,64.21,34.61,0,0,0,0.0,0.0,0,LOW
XYZ20T102784,2026-07-27,11412.9,79.58,85.69,-0.155,63.79,31.39,0,0,0,0.0,0.0,0,LOW
XYZ20T102790,2026-07-27,23227.6,84.04,89.67,0.319,69.22,32.82,0,0,0,0.0033,0.3,0,LOW
XYZ20T102791,2026-07-27,6824.4,79.75,84.66,-0.268,49.96,26.06,0,0,0,0.0,0.0,0,LOW
XYZ20T102798,2026-07-27,9857.0,89.21,94.04,-0.085,81.19,29.87,0,0,0,0.0,0.0,0,LOW
XYZ20T102805,2026-07-27,8516.1,82.76,88.98,0.075,73.36,32.54,0,0,0,0.0,0.0,0,LOW
XYZ20T102806,2026-07-27,16363.1,85.16,91.31,0.349,69.95,33.65,0,0,0,0.0,0.0,0,LOW
XYZ20T102814,2026-07-27,3696.7,81.39,85.8,-0.351,53.64,37.83,0,0,0,0.0,0.0,0,LOW
XYZ20T102815,2026-07-27,16720.0,88.41,92.03,0.288,68.8,35.61,0,0,0,0.0,0.0,0,LOW
XYZ20T102820,2026-07-27,2919.7,86.25,89.87,0.287,70.3,28.15,0,0,0,0.0,0.0,0,LOW
XYZ20T102825,2026-07-27,13999.6,84.09,90.31,-1.201,71.08,36.53,0,0,0,0.0,0.0,0,LOW
XYZ20T102833,2026-07-27,14504.3,83.2,88.86,-0.779,52.81,44.01,0,0,0,0.0,0.0,0,LOW
XYZ20T102834,2026-07-27,565.2,87.0,94.44,-1.235,60.74,29.28,0,0,0,0.0033,0.3,0,LOW
XYZ20T102841,2026-07-27,2222.2,86.72,89.84,-0.264,56.29,35.83,0,0,0,0.0,0.0,0,LOW
XYZ20T102845,2026-07-27,14278.2,82.32,86.81,-0.353,45.12,32.18,0,0,0,0.0,0.0,0,LOW
XYZ20T102855,2026-07-27,1750.9,84.81,90.34,-0.027,80.56,26.51,0,0,0,0.0,0.0,0,LOW
XYZ20T102856,2026-07-27,2671.4,84.6,88.26,0.347,82.27,40.41,0,0,0,0.0,0.0,0,LOW
XYZ20T102885,2026-07-27,8199.6,83.59,89.56,0.217,65.57,29.05,0,0,0,0.0,0.0,0,LOW
XYZ20T102891,2026-07-27,7876.3,82.0,87.91,0.009,41.48,31.44,0,0,0,0.0,0.0,0,LOW
XYZ20T102896,2026-07-27,980.1,83.42,89.69,-0.899,58.57,30.16,0,0,0,0.0,0.0,0,LOW
XYZ20T102903,2026-07-27,1603.7,82.97,88.08,0.188,61.27,35.46,0,0,0,0.0,0.0,0,LOW
XYZ20T102904,2026-07-27,4183.3,77.52,80.53,-0.009,71.12,36.74,0,0,0,0.0,0.0,0,LOW
XYZ20T102907,2026-07-27,4213.6,88.22,92.09,0.074,81.56,35.48,0,0,0,0.0,0.0,0,LOW
XYZ20T102910,2026-07-27,5687.7,83.09,86.44,-0.039,53.92,33.23,0,0,0,0.0,0.0,0,LOW
XYZ20T102912,2026-07-27,3920.4,93.05,99.14,0.017,45.8,42.11,0,0,0,0.046,4.6,0,LOW
XYZ20T102919,2026-07-27,10936.1,80.02,86.67,-0.129,74.48,31.23,0,0,0,0.0,0.0,0,LOW
XYZ20T102924,2026-07-27,13282.9,91.8,97.76,0.458,65.6,38.03,0,0,0,0.0493,4.9,0,LOW
XYZ20T102929,2026-07-27,7961.2,77.66,81.07,-0.108,40.8,29.55,0,0,0,0.0,0.0,0,LOW
XYZ20T102933,2026-07-27,8058.5,77.75,83.61,-0.313,39.13,27.55,0,0,0,0.0,0.0,0,LOW
XYZ20T102934,2026-07-27,5381.2,83.82,89.93,0.307,73.55,40.69,0,0,0,0.0,0.0,0,LOW
XYZ20T102941,2026-07-27,2517.3,82.16,86.52,-0.092,56.63,38.31,0,0,0,0.0,0.0,0,LOW
XYZ20T102944,2026-07-27,5994.4,80.04,84.81,-0.156,66.9,30.61,0,0,0,0.0,0.0,0,LOW
XYZ20T102950,2026-07-27,12128.7,81.45,86.79,-0.062,54.67,37.9,0,0,0,0.0,0.0,0,LOW
XYZ20T102956,2026-07-27,12973.5,84.77,88.16,-0.139,68.38,33.37,0,0,0,0.0,0.0,0,LOW
XYZ20T102960,2026-07-27,4055.5,85.22,88.67,0.208,59.42,39.03,0,0,0,0.0,0.0,0,LOW
XYZ20T102963,2026-07-27,15803.8,81.47,87.89,0.086,54.92,36.36,0,0,0,0.0,0.0,0,LOW
XYZ20T102974,2026-07-27,16416.4,87.2,90.39,-0.319,61.19,39.02,0,0,0,0.0,0.0,0,LOW
XYZ20T102998,2026-07-27,1920.3,76.18,79.82,-0.132,50.07,27.64,0,0,0,0.0,0.0,0,LOW
XYZ20T102999,2026-07-27,6679.9,84.71,89.63,-0.09,83.21,30.64,0,0,0,0.0,0.0,0,LOW
XYZ20T103000,2026-07-27,1283.3,85.56,89.16,0.382,36.6,42.63,0,0,0,0.0,0.0,0,LOW
XYZ20T103005,2026-07-27,1946.0,87.68,90.94,-0.104,88.28,32.6,0,0,0,0.0,0.0,0,LOW
XYZ20T103006,2026-07-27,2612.9,81.64,87.18,-0.215,53.11,35.9,0,0,0,0.0,0.0,0,LOW
XYZ20T103009,2026-07-27,1617.8,87.29,91.13,-0.959,63.52,27.99,0,0,0,0.0,0.0,0,LOW
XYZ20T103011,2026-07-27,3797.0,81.23,86.22,0.144,51.19,34.21,0,0,0,0.0,0.0,0,LOW
XYZ20T103017,2026-07-27,8202.3,87.34,91.84,-0.147,59.37,32.39,0,0,0,0.0,0.0,0,LOW
XYZ20T103019,2026-07-27,19438.0,78.11,83.66,-0.651,59.58,33.62,0,0,0,0.0,0.0,0,LOW
XYZ20T103021,2026-07-27,11447.8,83.16,89.19,-0.073,54.34,31.72,0,0,0,0.0,0.0,0,LOW
XYZ20T103031,2026-07-27,6507.1,83.92,90.08,0.029,55.96,35.23,0,0,0,0.0,0.0,0,LOW
XYZ20T103039,2026-07-27,19200.7,83.48,87.19,-0.019,59.83,35.52,0,0,0,0.0,0.0,0,LOW
XYZ20T103046,2026-07-27,7216.5,79.8,84.68,0.116,34.28,34.85,0,0,0,0.0,0.0,0,LOW
XYZ20T103050,2026-07-27,1517.9,85.22,90.2,-0.222,81.65,27.2,0,0,0,0.0,0.0,0,LOW
XYZ20T103052,2026-07-27,14837.1,89.37,95.8,1.603,47.05,31.89,0,0,1,0.4754,47.5,1,MODERATE
XYZ20T103056,2026-07-27,3855.0,83.3,87.24,-0.266,46.64,29.99,0,0,0,0.0,0.0,0,LOW
XYZ20T103059,2026-07-27,15395.3,88.68,94.64,-0.235,64.79,36.45,0,0,0,0.0,0.0,0,LOW
XYZ20T103061,2026-07-27,7242.4,77.31,83.69,-0.24,83.1,33.88,0,0,0,0.0,0.0,0,LOW
XYZ20T103065,2026-07-27,11469.3,89.24,92.35,0.273,74.77,35.33,0,0,0,0.0,0.0,0,LOW
XYZ20T103073,2026-07-27,6930.6,74.68,78.37,-0.164,54.63,30.64,0,0,0,0.0,0.0,0,LOW
XYZ20T103077,2026-07-27,13421.8,80.76,84.94,-0.168,61.29,36.78,0,0,0,0.0,0.0,0,LOW
XYZ20T103080,2026-07-27,4632.7,79.46,85.37,0.357,62.83,24.04,0,0,0,0.0,0.0,0,LOW
XYZ20T103081,2026-07-27,14396.7,90.43,99.58,1.407,74.85,31.73,1,0,1,0.8571,85.7,1,CRITICAL
XYZ20T103084,2026-07-27,24999.2,83.87,87.4,-0.376,79.01,28.84,0,0,0,0.0,0.0,0,LOW
XYZ20T103090,2026-07-27,4989.6,84.11,87.67,-0.612,84.17,35.94,0,0,0,0.0,0.0,0,LOW
XYZ20T103091,2026-07-27,11094.4,78.98,84.15,0.007,36.84,34.57,0,0,0,0.0,0.0,0,LOW
XYZ20T103092,2026-07-27,13284.0,83.64,88.98,0.592,69.45,40.77,0,0,0,0.0,0.0,0,LOW
XYZ20T103101,2026-07-27,22690.3,79.75,84.66,-2.215,41.06,28.39,0,0,0,0.0,0.0,0,LOW
XYZ20T103103,2026-07-27,1026.4,82.95,88.33,-0.285,62.51,35.65,0,0,0,0.0,0.0,0,LOW
XYZ20T103112,2026-07-27,12605.3,80.97,87.02,-0.202,60.02,31.76,0,0,0,0.0,0.0,0,LOW
XYZ20T103115,2026-07-27,5200.7,78.68,84.81,-1.428,47.29,31.13,0,0,0,0.0,0.0,0,LOW
XYZ20T103116,2026-07-27,17319.5,81.85,86.26,-0.53,82.45,33.77,0,0,0,0.0,0.0,0,LOW
XYZ20T103122,2026-07-27,3138.4,83.01,86.15,-0.913,54.98,42.0,0,0,0,0.0,0.0,0,LOW
XYZ20T103123,2026-07-27,6056.4,81.79,88.12,-0.184,46.78,25.8,0,0,0,0.0,0.0,0,LOW
XYZ20T103140,2026-07-27,12674.4,79.47,86.29,0.096,50.91,41.31,0,0,0,0.0,0.0,0,LOW
XYZ20T103159,2026-07-27,3372.3,81.67,86.12,-0.074,57.59,35.91,0,0,0,0.0,0.0,0,LOW
XYZ20T103161,2026-07-27,5089.1,89.6,95.02,0.577,72.13,42.6,0,0,0,0.0588,5.9,0,LOW
XYZ20T103165,2026-07-27,13152.9,82.9,89.7,0.086,65.28,36.99,0,0,0,0.0,0.0,0,LOW
XYZ20T103166,2026-07-27,4772.4,81.95,87.37,0.16,38.78,25.97,0,0,0,0.0,0.0,0,LOW
XYZ20T103168,2026-07-27,13285.9,84.86,88.31,0.122,71.54,39.28,0,0,0,0.0,0.0,0,LOW
XYZ20T103169,2026-07-27,4692.0,79.42,85.71,-0.148,57.5,33.83,0,0,0,0.0,0.0,0,LOW
XYZ20T103189,2026-07-27,13823.5,83.35,87.05,-0.013,58.82,34.22,0,0,0,0.0,0.0,0,LOW
XYZ20T103192,2026-07-27,14250.4,84.6,87.69,-0.514,61.94,26.03,0,0,0,0.0,0.0,0,LOW
XYZ20T103197,2026-07-27,12487.1,82.02,88.9,0.008,64.53,33.15,0,0,0,0.0,0.0,0,LOW
XYZ20T100001,2026-07-28,15393.3,88.15,92.67,-0.147,68.64,36.27,0,0,0,0.0,0.0,0,LOW
XYZ20T100015,2026-07-28,9072.2,81.8,87.46,-0.164,57.57,42.79,0,0,0,0.0,0.0,0,LOW
XYZ20T100025,2026-07-28,2878.6,80.28,86.23,-0.012,55.12,32.49,0,0,0,0.0,0.0,0,LOW
XYZ20T100032,2026-07-28,11110.5,82.93,88.76,0.047,51.02,37.51,0,0,0,0.0,0.0,0,LOW
XYZ20T100034,2026-07-28,7130.9,84.3,89.85,-0.487,44.67,32.01,0,0,0,0.0,0.0,0,LOW
XYZ20T100046,2026-07-28,4857.4,90.46,96.85,0.742,77.8,39.17,0,0,0,0.2474,24.7,0,LOW
XYZ20T100047,2026-07-28,2916.8,86.78,91.88,-0.139,43.04,34.95,0,0,0,0.0,0.0,0,LOW
XYZ20T100053,2026-07-28,13034.1,81.99,88.15,-0.092,63.64,33.65,0,0,0,0.0,0.0,0,LOW
XYZ20T100054,2026-07-28,13762.2,79.79,83.84,-0.056,76.33,31.77,0,0,0,0.0,0.0,0,LOW
XYZ20T100056,2026-07-28,15450.2,79.96,85.07,0.12,72.72,27.52,0,0,0,0.0,0.0,0,LOW
XYZ20T100066,2026-07-28,10073.7,76.79,80.02,0.229,59.84,39.71,0,0,0,0.0,0.0,0,LOW
XYZ20T100070,2026-07-28,12499.6,79.14,83.84,-0.016,50.43,30.25,0,0,0,0.0,0.0,0,LOW
XYZ20T100076,2026-07-28,4668.6,80.8,87.32,0.178,42.41,33.68,0,0,0,0.0,0.0,0,LOW
XYZ20T100083,2026-07-28,8351.1,82.65,86.03,-0.258,61.22,34.68,0,0,0,0.0,0.0,0,LOW
XYZ20T100091,2026-07-28,12976.5,80.86,85.58,-0.011,79.49,32.24,0,0,0,0.0,0.0,0,LOW
XYZ20T100096,2026-07-28,2070.5,81.53,87.07,-0.235,60.84,41.42,0,0,0,0.0,0.0,0,LOW
XYZ20T100105,2026-07-28,8062.6,81.78,87.62,-0.074,67.69,27.61,0,0,0,0.0,0.0,0,LOW
XYZ20T100110,2026-07-28,7769.7,79.71,86.16,-1.796,50.57,23.57,0,0,0,0.0,0.0,0,LOW
XYZ20T100112,2026-07-28,14529.7,84.18,88.92,-0.016,53.41,34.09,0,0,0,0.0,0.0,0,LOW
XYZ20T100128,2026-07-28,13709.2,80.07,85.2,0.173,41.01,29.82,0,0,0,0.0,0.0,0,LOW
XYZ20T100138,2026-07-28,9729.2,87.11,93.52,0.009,66.91,27.33,0,0,0,0.0,0.0,0,LOW
XYZ20T100143,2026-07-28,3790.1,85.15,89.76,-0.267,50.15,42.92,0,0,0,0.0,0.0,0,LOW
XYZ20T100145,2026-07-28,9366.7,77.15,82.3,0.218,63.02,27.3,0,0,0,0.0,0.0,0,LOW
XYZ20T100148,2026-07-28,3774.1,89.07,94.44,0.163,77.42,33.71,0,0,0,0.0,0.0,0,LOW
XYZ20T100153,2026-07-28,14654.7,77.51,84.29,-0.374,58.2,34.73,0,0,0,0.0,0.0,0,LOW
XYZ20T100156,2026-07-28,4818.5,85.33,88.61,0.056,69.94,35.45,0,0,0,0.0,0.0,0,LOW
XYZ20T100166,2026-07-28,2986.0,76.67,83.21,-0.407,55.31,29.42,0,0,0,0.0,0.0,0,LOW
XYZ20T100174,2026-07-28,23594.4,81.67,85.35,-0.109,66.4,33.58,0,0,0,0.0,0.0,0,LOW
XYZ20T100177,2026-07-28,1250.3,82.84,87.9,-0.347,57.17,31.65,1,0,0,0.0,0.0,0,LOW
XYZ20T100178,2026-07-28,20733.5,85.45,89.82,0.008,46.46,44.41,0,0,0,0.0,0.0,0,LOW
XYZ20T100179,2026-07-28,1413.9,87.25,91.53,0.021,52.1,43.29,0,0,0,0.0,0.0,0,LOW
XYZ20T100181,2026-07-28,19382.1,86.08,92.46,0.186,74.02,29.4,0,0,0,0.0,0.0,0,LOW
XYZ20T100182,2026-07-28,18712.3,85.3,90.35,0.404,82.42,29.09,0,0,0,0.0,0.0,0,LOW
XYZ20T100187,2026-07-28,15067.3,81.1,86.81,0.327,69.74,36.58,0,0,0,0.0,0.0,0,LOW
XYZ20T100188,2026-07-28,16496.8,86.57,90.06,0.137,70.28,38.7,0,0,0,0.0,0.0,0,LOW
XYZ20T100192,2026-07-28,21550.8,86.72,91.98,0.091,87.15,31.55,0,0,0,0.0,0.0,0,LOW
XYZ20T100196,2026-07-28,3881.3,77.65,82.2,-0.189,62.74,34.1,0,0,0,0.0,0.0,0,LOW
XYZ20T100198,2026-07-28,1953.8,79.71,85.57,-0.084,62.39,22.66,0,0,0,0.0,0.0,0,LOW
XYZ20T100200,2026-07-28,4198.5,84.46,90.8,0.133,48.41,37.64,0,0,0,0.0,0.0,0,LOW
XYZ20T100207,2026-07-28,6952.2,78.63,82.48,0.02,48.16,36.59,0,0,0,0.0,0.0,0,LOW
XYZ20T100215,2026-07-28,7393.6,81.55,88.26,-0.005,57.3,34.01,0,0,0,0.0,0.0,0,LOW
XYZ20T100243,2026-07-28,8656.8,80.65,86.02,0.205,65.43,30.44,0,0,0,0.0,0.0,0,LOW
XYZ20T100244,2026-07-28,3437.7,79.81,84.61,-0.447,77.08,36.29,0,0,0,0.0,0.0,0,LOW
XYZ20T100250,2026-07-28,7226.9,78.78,82.13,-0.009,67.51,29.81,0,0,0,0.0,0.0,0,LOW
XYZ20T100255,2026-07-28,4838.9,80.17,86.64,-0.208,73.15,20.0,0,0,0,0.0,0.0,0,LOW
XYZ20T100258,2026-07-28,9560.1,81.38,86.75,-0.167,76.21,38.78,0,0,0,0.0,0.0,0,LOW
XYZ20T100260,2026-07-28,15897.3,86.97,91.22,0.169,78.15,26.78,0,0,0,0.0,0.0,0,LOW
XYZ20T100261,2026-07-28,16417.9,85.25,90.95,0.157,78.67,40.14,0,0,0,0.0,0.0,0,LOW
XYZ20T100270,2026-07-28,6138.7,79.95,84.99,-0.221,43.1,30.08,0,0,0,0.0,0.0,0,LOW
XYZ20T100274,2026-07-28,7550.0,80.3,83.52,-0.03,60.84,30.67,0,0,0,0.0,0.0,0,LOW
XYZ20T100293,2026-07-28,4564.0,76.88,81.4,0.338,67.76,37.14,0,0,0,0.0,0.0,0,LOW
XYZ20T100295,2026-07-28,870.5,79.59,84.25,0.097,53.25,46.43,0,0,0,0.0,0.0,0,LOW
XYZ20T100299,2026-07-28,19953.0,86.32,92.72,-0.035,56.39,36.44,0,0,0,0.0,0.0,0,LOW
XYZ20T100301,2026-07-28,18843.5,78.82,83.0,-0.392,37.03,30.39,0,0,0,0.0,0.0,0,LOW
XYZ20T100303,2026-07-28,24975.6,79.16,82.61,-0.458,69.4,31.56,0,0,0,0.0,0.0,0,LOW
XYZ20T100304,2026-07-28,11093.3,86.04,91.94,-0.217,57.35,37.12,0,0,0,0.0,0.0,0,LOW
XYZ20T100306,2026-07-28,12551.2,87.53,91.26,0.134,80.59,30.33,0,0,0,0.0,0.0,0,LOW
XYZ20T100320,2026-07-28,875.0,80.58,85.34,0.082,50.45,37.71,0,0,0,0.0033,0.3,0,LOW
XYZ20T100324,2026-07-28,13069.0,85.39,92.15,-0.286,61.12,34.41,0,0,0,0.0,0.0,0,LOW
XYZ20T100327,2026-07-28,1790.0,86.01,96.71,1.66,52.04,29.73,0,1,0,0.5649,56.5,1,HIGH
XYZ20T100328,2026-07-28,17330.0,86.72,92.08,-0.082,78.0,30.96,0,0,0,0.0,0.0,0,LOW
XYZ20T100329,2026-07-28,3421.8,82.89,88.27,0.033,70.18,28.51,0,0,0,0.0,0.0,0,LOW
XYZ20T100331,2026-07-28,24974.7,84.76,87.96,-0.388,48.43,40.58,0,0,0,0.0,0.0,0,LOW
XYZ20T100332,2026-07-28,24977.3,83.12,90.01,0.305,57.91,33.74,0,0,0,0.0,0.0,0,LOW
XYZ20T100338,2026-07-28,6574.3,74.88,81.5,-0.158,33.35,30.93,0,0,0,0.0,0.0,0,LOW
XYZ20T100339,2026-07-28,3012.4,87.63,92.71,0.036,71.5,29.03,0,0,0,0.0,0.0,0,LOW
XYZ20T100350,2026-07-28,10952.1,83.74,88.55,-0.319,61.97,34.07,0,0,0,0.0,0.0,0,LOW
XYZ20T100361,2026-07-28,17503.9,79.1,82.67,-0.173,56.62,21.29,0,0,0,0.0,0.0,0,LOW
XYZ20T100371,2026-07-28,10234.0,83.96,87.77,-0.189,56.3,31.46,0,0,0,0.0,0.0,0,LOW
XYZ20T100373,2026-07-28,13812.4,83.16,88.17,-0.859,47.83,30.68,0,0,0,0.0,0.0,0,LOW
XYZ20T100377,2026-07-28,12355.8,86.55,92.56,0.311,63.12,31.68,0,0,0,0.0,0.0,0,LOW
XYZ20T100379,2026-07-28,8542.2,87.83,95.95,0.889,68.17,34.21,1,1,0,0.3412,34.1,1,MODERATE
XYZ20T100380,2026-07-28,7642.1,83.4,86.65,0.794,65.72,44.82,0,0,0,0.0,0.0,0,LOW
XYZ20T100382,2026-07-28,12315.7,83.3,89.43,-0.806,70.56,41.49,0,0,0,0.0,0.0,0,LOW
XYZ20T100392,2026-07-28,15136.5,80.87,85.43,-0.086,77.07,33.05,0,0,0,0.0,0.0,0,LOW
XYZ20T100399,2026-07-28,4768.4,78.35,82.89,-0.332,71.33,38.3,0,0,0,0.0,0.0,0,LOW
XYZ20T100401,2026-07-28,10809.1,87.5,94.37,-0.054,72.11,34.51,0,0,0,0.0,0.0,0,LOW
XYZ20T100412,2026-07-28,2077.1,80.76,85.27,-1.104,46.43,27.9,0,0,0,0.0,0.0,0,LOW
XYZ20T100416,2026-07-28,2997.6,76.98,81.4,-0.253,50.23,29.5,0,0,0,0.0,0.0,0,LOW
XYZ20T100418,2026-07-28,7541.6,83.92,89.91,-0.75,75.34,31.68,0,0,0,0.0,0.0,0,LOW
XYZ20T100419,2026-07-28,7580.2,89.76,95.95,-1.084,89.49,35.31,0,0,0,0.0033,0.3,0,LOW
XYZ20T100424,2026-07-28,16393.8,80.8,85.79,0.211,82.84,28.97,0,0,0,0.0,0.0,0,LOW
XYZ20T100427,2026-07-28,1753.5,83.87,90.62,-0.53,65.3,26.09,0,0,0,0.0,0.0,0,LOW
XYZ20T100430,2026-07-28,13642.7,83.14,87.24,0.134,73.48,43.41,0,0,0,0.0,0.0,0,LOW
XYZ20T100432,2026-07-28,754.6,83.09,86.78,-0.405,34.4,21.22,0,0,0,0.0,0.0,0,LOW
XYZ20T100436,2026-07-28,3925.6,87.39,91.1,-1.719,78.39,29.86,0,0,0,0.0,0.0,0,LOW
XYZ20T100440,2026-07-28,15477.4,79.62,84.61,-0.031,43.29,35.91,0,0,0,0.0,0.0,0,LOW
XYZ20T100447,2026-07-28,7070.0,86.4,90.99,-0.128,80.38,39.02,0,0,0,0.0,0.0,0,LOW
XYZ20T100449,2026-07-28,12573.6,81.33,84.54,-0.051,53.27,37.25,0,0,0,0.0,0.0,0,LOW
XYZ20T100450,2026-07-28,6661.9,82.93,88.86,-0.267,60.09,31.93,0,0,0,0.0,0.0,0,LOW
XYZ20T100452,2026-07-28,10052.1,85.95,92.3,-1.166,48.24,40.12,0,0,0,0.0,0.0,0,LOW
XYZ20T100457,2026-07-28,5032.3,80.68,87.5,0.201,52.78,35.29,0,0,0,0.0,0.0,0,LOW
XYZ20T100458,2026-07-28,4165.3,88.63,98.16,1.438,44.18,31.22,0,1,0,0.7921,79.2,1,CRITICAL
XYZ20T100462,2026-07-28,4321.5,90.48,93.77,0.182,59.97,31.04,0,0,0,0.0,0.0,0,LOW
XYZ20T100468,2026-07-28,7078.9,87.81,94.27,0.135,51.63,30.58,0,0,0,0.0,0.0,0,LOW
XYZ20T100469,2026-07-28,8362.0,80.43,86.41,-0.154,47.27,30.4,0,0,0,0.0,0.0,0,LOW
XYZ20T100475,2026-07-28,14646.8,89.17,95.59,-0.459,49.62,31.16,0,0,0,0.0033,0.3,0,LOW
XYZ20T100477,2026-07-28,5654.6,78.4,81.62,-0.188,44.22,31.48,0,0,0,0.0,0.0,0,LOW
XYZ20T100483,2026-07-28,22568.6,83.11,87.41,0.048,43.61,40.15,0,0,0,0.0,0.0,0,LOW
XYZ20T100491,2026-07-28,8956.5,79.82,85.81,0.239,50.82,38.08,0,0,0,0.0,0.0,0,LOW
XYZ20T100498,2026-07-28,24977.3,88.57,94.1,0.509,55.66,35.42,0,0,0,0.0033,0.3,0,LOW
XYZ20T100499,2026-07-28,15849.9,76.49,80.16,0.141,48.14,35.21,0,0,0,0.0,0.0,0,LOW
XYZ20T100500,2026-07-28,1535.5,85.81,90.88,0.119,47.16,34.89,0,0,0,0.0,0.0,0,LOW
XYZ20T100503,2026-07-28,11223.7,79.69,85.18,0.328,57.98,32.95,0,0,0,0.0,0.0,0,LOW
XYZ20T100507,2026-07-28,5632.1,80.54,85.59,0.022,71.49,32.05,0,0,0,0.0,0.0,0,LOW
XYZ20T100517,2026-07-28,8013.5,86.04,91.57,0.332,83.39,31.18,0,0,0,0.0,0.0,0,LOW
XYZ20T100528,2026-07-28,15139.7,78.25,83.1,-0.084,54.07,29.78,0,0,0,0.0,0.0,0,LOW
XYZ20T100529,2026-07-28,16353.3,81.17,86.36,-0.35,50.17,42.07,0,0,0,0.0,0.0,0,LOW
XYZ20T100533,2026-07-28,2017.3,85.24,91.43,0.229,55.75,27.76,0,0,0,0.0,0.0,0,LOW
XYZ20T100537,2026-07-28,23285.7,79.48,84.67,-1.522,69.33,27.18,0,0,0,0.0,0.0,0,LOW
XYZ20T100541,2026-07-28,13131.9,88.43,97.44,1.267,57.39,29.97,0,1,0,0.7885,78.9,1,CRITICAL
XYZ20T100551,2026-07-28,13054.2,77.39,82.31,-0.133,57.34,30.58,0,0,0,0.0,0.0,0,LOW
XYZ20T100552,2026-07-28,3532.2,75.26,81.56,-0.42,34.94,35.05,0,0,0,0.0,0.0,0,LOW
XYZ20T100556,2026-07-28,11131.4,79.73,86.32,0.196,70.8,30.55,0,0,0,0.0,0.0,0,LOW
XYZ20T100557,2026-07-28,8941.0,84.89,89.08,-0.163,63.77,30.1,0,0,0,0.0,0.0,0,LOW
XYZ20T100560,2026-07-28,872.3,77.23,80.93,-0.025,51.22,36.96,0,0,0,0.0,0.0,0,LOW
XYZ20T100569,2026-07-28,9704.4,80.05,84.94,-0.424,57.62,29.89,0,0,0,0.0,0.0,0,LOW
XYZ20T100573,2026-07-28,2675.5,81.6,88.27,-0.469,73.86,42.88,0,0,0,0.0,0.0,0,LOW
XYZ20T100580,2026-07-28,7029.3,83.96,87.47,-0.305,60.19,37.74,0,0,0,0.0,0.0,0,LOW
XYZ20T100581,2026-07-28,11366.4,83.0,89.62,-0.257,65.21,27.61,0,0,0,0.0,0.0,0,LOW
XYZ20T100583,2026-07-28,14405.6,87.89,91.68,0.231,60.0,35.39,0,0,0,0.0,0.0,0,LOW
XYZ20T100586,2026-07-28,11275.5,80.66,86.68,0.025,49.07,40.79,0,0,0,0.0,0.0,0,LOW
XYZ20T100591,2026-07-28,14082.4,84.36,91.1,-0.232,46.24,25.64,1,0,0,0.0066,0.7,0,LOW
XYZ20T100592,2026-07-28,24203.6,83.25,88.83,-0.58,58.42,33.56,0,0,0,0.0,0.0,0,LOW
XYZ20T100594,2026-07-28,12481.1,80.42,85.0,-0.483,52.36,26.39,0,0,0,0.0,0.0,0,LOW
XYZ20T100595,2026-07-28,8046.9,83.02,89.31,-0.075,45.5,28.68,0,0,0,0.0,0.0,0,LOW
XYZ20T100597,2026-07-28,2548.4,79.88,86.06,-2.024,75.55,38.07,0,0,0,0.0,0.0,0,LOW
XYZ20T100600,2026-07-28,19907.5,80.59,84.32,-0.106,74.83,29.37,0,0,0,0.0,0.0,0,LOW
XYZ20T100604,2026-07-28,4310.7,85.69,91.9,0.195,54.59,33.82,0,0,0,0.0,0.0,0,LOW
XYZ20T100610,2026-07-28,18895.3,80.83,87.82,-0.015,63.13,30.72,0,0,0,0.0,0.0,0,LOW
XYZ20T100621,2026-07-28,8487.6,87.04,90.11,0.248,58.57,30.82,0,0,0,0.0,0.0,0,LOW
XYZ20T100624,2026-07-28,5368.5,79.51,82.83,-0.405,47.09,30.35,0,0,0,0.0,0.0,0,LOW
XYZ20T100625,2026-07-28,7051.9,83.16,86.79,-2.281,56.78,35.09,0,0,0,0.0,0.0,0,LOW
XYZ20T100630,2026-07-28,6266.4,83.11,87.17,0.174,65.03,38.25,0,0,0,0.0,0.0,0,LOW
XYZ20T100633,2026-07-28,2817.5,80.34,85.17,0.27,69.99,28.1,0,0,0,0.0,0.0,0,LOW
XYZ20T100636,2026-07-28,13106.9,83.82,87.4,0.279,84.22,44.93,0,0,0,0.0,0.0,0,LOW
XYZ20T100641,2026-07-28,14907.1,88.68,93.72,0.343,71.6,38.06,0,0,0,0.0,0.0,0,LOW
XYZ20T100643,2026-07-28,4282.6,80.19,83.69,-0.043,54.34,30.81,0,0,0,0.0,0.0,0,LOW
XYZ20T100652,2026-07-28,655.6,86.78,90.91,0.179,49.44,38.97,0,0,0,0.0,0.0,0,LOW
XYZ20T100656,2026-07-28,15937.8,84.84,91.73,-0.149,64.81,33.37,0,0,0,0.0,0.0,0,LOW
XYZ20T100662,2026-07-28,17209.3,87.71,93.83,-0.003,62.96,36.55,0,0,0,0.0,0.0,0,LOW
XYZ20T100675,2026-07-28,10097.6,83.95,90.19,-0.098,51.36,26.43,0,0,0,0.0,0.0,0,LOW
XYZ20T100676,2026-07-28,18336.5,86.21,89.71,0.11,59.23,31.71,0,0,0,0.0,0.0,0,LOW
XYZ20T100684,2026-07-28,5719.8,79.4,85.92,-0.326,61.21,26.14,0,0,0,0.0,0.0,0,LOW
XYZ20T100685,2026-07-28,1652.6,78.81,85.3,-0.059,65.48,25.4,0,0,0,0.0,0.0,0,LOW
XYZ20T100704,2026-07-28,8852.4,79.56,83.23,-0.35,50.03,26.93,0,0,0,0.0,0.0,0,LOW
XYZ20T100712,2026-07-28,529.6,86.34,89.41,0.082,42.59,37.11,0,0,0,0.0,0.0,0,LOW
XYZ20T100714,2026-07-28,19109.1,84.93,88.64,0.248,51.01,42.66,0,0,0,0.0,0.0,0,LOW
XYZ20T100716,2026-07-28,6102.4,78.79,83.17,-0.285,55.22,29.01,0,0,0,0.0,0.0,0,LOW
XYZ20T100724,2026-07-28,4627.7,78.56,85.5,0.053,59.74,28.83,0,0,0,0.0,0.0,0,LOW
XYZ20T100726,2026-07-28,6419.6,82.34,86.36,-0.264,52.69,31.78,0,0,0,0.0,0.0,0,LOW
XYZ20T100730,2026-07-28,5799.3,85.3,91.28,-0.029,68.14,27.8,0,0,0,0.0,0.0,0,LOW
XYZ20T100740,2026-07-28,12442.5,84.6,88.59,0.421,43.31,38.46,0,0,0,0.0,0.0,0,LOW
XYZ20T100747,2026-07-28,1667.7,84.12,88.65,-0.117,81.37,44.35,0,0,0,0.0,0.0,0,LOW
XYZ20T100759,2026-07-28,11483.0,93.85,102.07,1.037,57.2,23.44,0,1,0,0.2608,26.1,0,LOW
XYZ20T100764,2026-07-28,19265.3,81.15,84.39,-0.144,55.39,20.92,0,0,0,0.0,0.0,0,LOW
XYZ20T100766,2026-07-28,19789.2,84.79,90.94,0.23,69.05,41.14,0,0,0,0.0,0.0,0,LOW
XYZ20T100773,2026-07-28,16962.3,80.32,83.55,-0.498,49.1,40.43,0,0,0,0.0,0.0,0,LOW
XYZ20T100778,2026-07-28,913.8,81.87,87.74,-0.059,57.49,37.96,0,0,0,0.0,0.0,0,LOW
XYZ20T100781,2026-07-28,15877.7,83.72,88.57,0.257,60.04,44.35,0,0,0,0.0,0.0,0,LOW
XYZ20T100793,2026-07-28,24923.2,75.5,80.68,-0.32,39.81,41.11,0,0,0,0.0,0.0,0,LOW
XYZ20T100796,2026-07-28,9758.3,86.14,91.26,0.229,60.69,36.81,0,0,0,0.0,0.0,0,LOW
XYZ20T100809,2026-07-28,6311.2,80.31,85.42,-0.16,62.0,31.66,0,0,0,0.0,0.0,0,LOW
XYZ20T100826,2026-07-28,17666.2,78.2,83.2,-0.182,66.83,33.14,0,0,0,0.0,0.0,0,LOW
XYZ20T100827,2026-07-28,10004.7,86.69,91.34,-0.049,82.16,32.54,0,0,0,0.0,0.0,0,LOW
XYZ20T100829,2026-07-28,15118.3,89.2,92.48,-0.077,66.1,39.29,0,0,0,0.0,0.0,0,LOW
XYZ20T100832,2026-07-28,16821.6,85.01,90.52,0.436,44.68,41.17,0,0,0,0.0,0.0,0,LOW
XYZ20T100833,2026-07-28,3864.5,87.59,95.09,-0.154,79.7,23.41,0,0,0,0.0099,1.0,0,LOW
XYZ20T100840,2026-07-28,11050.0,84.03,90.69,0.083,73.5,36.75,0,0,0,0.0,0.0,0,LOW
XYZ20T100844,2026-07-28,3025.2,84.35,87.85,0.571,62.41,34.71,0,0,0,0.0032,0.3,0,LOW
XYZ20T100848,2026-07-28,12983.8,79.51,86.45,-0.194,59.17,34.6,0,0,0,0.0,0.0,0,LOW
XYZ20T100849,2026-07-28,10663.2,80.18,86.32,-0.159,70.22,28.79,0,0,0,0.0,0.0,0,LOW
XYZ20T100851,2026-07-28,22422.7,76.42,79.91,-0.296,49.12,31.32,0,0,0,0.0,0.0,0,LOW
XYZ20T100856,2026-07-28,20202.4,80.89,84.91,0.04,67.69,32.4,0,0,0,0.0,0.0,0,LOW
XYZ20T100858,2026-07-28,3002.8,87.45,92.66,0.21,64.84,38.14,0,0,0,0.0,0.0,0,LOW
XYZ20T100868,2026-07-28,21270.4,78.41,85.37,-1.51,46.1,27.26,0,0,0,0.0,0.0,0,LOW
XYZ20T100869,2026-07-28,4331.3,89.03,93.31,0.058,77.89,31.79,0,0,0,0.0,0.0,0,LOW
XYZ20T100871,2026-07-28,8897.4,80.8,85.11,-0.002,54.63,30.0,0,0,0,0.0,0.0,0,LOW
XYZ20T100877,2026-07-28,17899.2,85.11,91.53,0.329,73.2,33.65,0,0,0,0.0,0.0,0,LOW
XYZ20T100879,2026-07-28,9881.0,77.5,83.82,-2.389,52.24,32.26,0,0,0,0.0,0.0,0,LOW
XYZ20T100881,2026-07-28,11894.2,84.78,89.61,-0.527,38.61,38.12,0,0,0,0.0,0.0,0,LOW
XYZ20T100884,2026-07-28,5759.2,86.65,91.84,0.083,67.75,36.37,0,0,0,0.0,0.0,0,LOW
XYZ20T100899,2026-07-28,10317.3,79.95,85.04,0.476,49.08,33.94,0,0,0,0.0,0.0,0,LOW
XYZ20T100901,2026-07-28,6533.4,80.59,85.83,-1.329,73.83,26.71,0,0,0,0.0,0.0,0,LOW
XYZ20T100902,2026-07-28,22473.1,79.27,83.88,0.161,66.15,42.38,0,0,0,0.0,0.0,0,LOW
XYZ20T100907,2026-07-28,14910.0,78.7,83.36,0.082,48.62,29.17,0,0,0,0.0,0.0,0,LOW
XYZ20T100908,2026-07-28,1962.0,89.31,93.53,0.848,74.24,42.89,0,0,0,0.0384,3.8,0,LOW
XYZ20T100911,2026-07-28,2964.9,85.82,90.05,-0.744,71.92,35.98,0,0,0,0.0,0.0,0,LOW
XYZ20T100915,2026-07-28,7687.0,80.81,84.42,0.277,52.59,36.43,0,0,0,0.0,0.0,0,LOW
XYZ20T100919,2026-07-28,9562.6,79.81,83.77,-0.128,80.02,32.08,0,0,0,0.0,0.0,0,LOW
XYZ20T100924,2026-07-28,13812.3,84.96,88.83,0.163,65.91,30.06,0,0,0,0.0,0.0,0,LOW
XYZ20T100926,2026-07-28,18340.6,81.94,87.32,-0.073,72.15,35.75,0,0,0,0.0,0.0,0,LOW
XYZ20T100934,2026-07-28,4688.4,79.83,83.29,0.075,55.44,37.39,0,0,0,0.0,0.0,0,LOW
XYZ20T100947,2026-07-28,3960.6,84.36,88.83,-0.38,57.38,35.67,0,0,0,0.0,0.0,0,LOW
XYZ20T100976,2026-07-28,2148.4,82.6,85.85,0.057,78.71,35.62,0,0,0,0.0,0.0,0,LOW
XYZ20T100978,2026-07-28,17603.4,85.1,90.57,0.256,64.33,40.16,0,0,0,0.0,0.0,0,LOW
XYZ20T100986,2026-07-28,5251.4,84.92,90.89,-0.173,63.63,37.28,0,0,0,0.0,0.0,0,LOW
XYZ20T100988,2026-07-28,12983.3,83.23,86.88,0.185,76.96,36.74,0,0,0,0.0,0.0,0,LOW
XYZ20T100989,2026-07-28,4877.8,85.57,92.14,-0.031,61.5,35.76,0,0,0,0.0,0.0,0,LOW
XYZ20T100991,2026-07-28,4735.9,85.94,90.64,0.207,64.8,33.0,0,0,0,0.0,0.0,0,LOW
XYZ20T100992,2026-07-28,3519.5,80.04,83.46,-0.383,53.53,32.79,0,0,0,0.0,0.0,0,LOW
XYZ20T100993,2026-07-28,3054.1,81.6,86.16,-0.203,76.14,36.41,0,0,0,0.0,0.0,0,LOW
XYZ20T100999,2026-07-28,5807.8,76.74,81.19,-0.661,55.35,28.51,0,0,0,0.0,0.0,0,LOW
XYZ20T101011,2026-07-28,4082.3,88.78,93.14,0.448,71.6,40.1,0,0,0,0.0,0.0,0,LOW
XYZ20T101013,2026-07-28,8785.8,83.75,88.16,0.105,77.89,34.75,0,0,0,0.0,0.0,0,LOW
XYZ20T101017,2026-07-28,15813.5,81.46,88.32,0.305,72.2,34.52,0,0,0,0.0,0.0,0,LOW
XYZ20T101030,2026-07-28,14510.4,81.7,86.98,-1.83,46.11,30.99,0,0,0,0.0,0.0,0,LOW
XYZ20T101041,2026-07-28,11175.6,86.72,90.94,-0.415,77.19,29.9,0,0,0,0.0,0.0,0,LOW
XYZ20T101067,2026-07-28,4461.2,83.04,89.05,-0.413,53.45,32.62,0,0,0,0.0,0.0,0,LOW
XYZ20T101069,2026-07-28,20725.8,86.06,91.45,0.418,59.87,44.62,0,0,0,0.0,0.0,0,LOW
XYZ20T101070,2026-07-28,883.1,92.76,101.24,0.751,65.28,38.43,0,1,0,0.2101,21.0,0,LOW
XYZ20T101080,2026-07-28,2824.8,80.08,83.47,0.545,78.83,38.79,0,0,0,0.0,0.0,0,LOW
XYZ20T101090,2026-07-28,985.5,86.51,90.93,0.285,41.57,41.35,1,0,0,0.0,0.0,0,LOW
XYZ20T101094,2026-07-28,13448.5,83.22,88.13,0.541,72.73,42.05,0,0,0,0.0033,0.3,0,LOW
XYZ20T101096,2026-07-28,2539.2,85.89,91.16,0.277,74.18,35.07,0,0,0,0.0,0.0,0,LOW
XYZ20T101100,2026-07-28,5673.9,86.22,91.6,-0.252,63.74,30.41,0,0,0,0.0,0.0,0,LOW
XYZ20T101102,2026-07-28,24969.2,84.37,90.09,0.18,74.24,34.11,0,0,0,0.0,0.0,0,LOW
XYZ20T101107,2026-07-28,15910.5,78.99,82.23,0.229,63.6,35.42,0,0,0,0.0,0.0,0,LOW
XYZ20T101112,2026-07-28,5945.6,75.23,79.62,-0.719,40.49,20.0,0,0,0,0.0,0.0,0,LOW
XYZ20T101117,2026-07-28,3155.0,86.38,92.24,0.251,49.47,30.25,0,0,0,0.0,0.0,0,LOW
XYZ20T101120,2026-07-28,12976.8,87.34,90.37,-0.123,39.85,36.37,0,0,0,0.0,0.0,0,LOW
XYZ20T101122,2026-07-28,10797.9,81.99,88.1,-0.038,63.28,25.28,0,0,0,0.0,0.0,0,LOW
XYZ20T101132,2026-07-28,3707.3,80.98,85.42,-0.086,58.8,26.63,0,0,0,0.0,0.0,0,LOW
XYZ20T101134,2026-07-28,21250.3,82.58,88.46,-1.637,57.44,35.15,0,0,0,0.0,0.0,0,LOW
XYZ20T101142,2026-07-28,5112.1,81.36,87.47,0.004,52.48,32.71,0,0,0,0.0,0.0,0,LOW
XYZ20T101147,2026-07-28,24517.9,80.21,86.16,-0.76,53.7,27.42,0,0,0,0.0,0.0,0,LOW
XYZ20T101149,2026-07-28,12529.2,79.03,85.35,0.399,43.02,34.24,0,0,0,0.0,0.0,0,LOW
XYZ20T101150,2026-07-28,16973.8,78.55,85.1,0.196,66.95,26.46,0,0,0,0.0,0.0,0,LOW
XYZ20T101153,2026-07-28,4058.9,86.84,92.66,-0.1,55.69,38.01,0,0,0,0.0033,0.3,0,LOW
XYZ20T101156,2026-07-28,10612.3,79.06,84.6,-0.008,35.2,39.71,0,0,0,0.0,0.0,0,LOW
XYZ20T101158,2026-07-28,5832.5,89.23,94.78,-0.121,80.39,29.49,0,0,0,0.0,0.0,0,LOW
XYZ20T101165,2026-07-28,18438.4,77.25,83.85,-0.43,60.95,36.49,0,0,0,0.0,0.0,0,LOW
XYZ20T101169,2026-07-28,11418.9,79.26,84.35,-0.105,63.38,34.07,0,0,0,0.0,0.0,0,LOW
XYZ20T101173,2026-07-28,392.8,83.45,90.41,0.06,58.26,25.07,0,0,0,0.0,0.0,0,LOW
XYZ20T101175,2026-07-28,5042.2,86.47,91.87,-0.266,60.24,29.77,0,0,0,0.0,0.0,0,LOW
XYZ20T101192,2026-07-28,5550.7,86.64,91.24,-0.531,62.95,32.66,0,0,0,0.0033,0.3,0,LOW
XYZ20T101205,2026-07-28,8721.7,78.85,82.07,0.411,69.92,28.42,0,0,0,0.0,0.0,0,LOW
XYZ20T101208,2026-07-28,10547.4,82.57,89.43,0.016,53.82,24.5,0,0,0,0.0,0.0,0,LOW
XYZ20T101210,2026-07-28,7354.8,84.65,88.24,-0.18,43.28,38.3,0,0,0,0.0,0.0,0,LOW
XYZ20T101215,2026-07-28,13725.2,87.61,93.93,-1.884,62.93,39.91,0,0,0,0.0,0.0,0,LOW
XYZ20T101216,2026-07-28,1278.2,81.84,87.0,0.379,61.51,36.69,0,0,0,0.0,0.0,0,LOW
XYZ20T101220,2026-07-28,17337.7,84.97,87.99,-0.053,56.02,32.73,0,0,0,0.0,0.0,0,LOW
XYZ20T101222,2026-07-28,24803.2,78.2,84.36,-0.071,53.27,28.94,0,0,0,0.0,0.0,0,LOW
XYZ20T101227,2026-07-28,737.8,85.81,91.56,-1.07,42.04,35.1,0,0,0,0.0,0.0,0,LOW
XYZ20T101233,2026-07-28,10780.5,87.28,93.29,-1.334,44.77,33.68,0,0,0,0.0,0.0,0,LOW
XYZ20T101236,2026-07-28,10283.8,85.74,92.45,-0.424,67.99,25.5,0,0,0,0.0,0.0,0,LOW
XYZ20T101237,2026-07-28,1102.0,84.94,91.58,0.23,63.41,25.61,0,0,0,0.0,0.0,0,LOW
XYZ20T101240,2026-07-28,2716.7,80.89,84.61,0.206,71.38,30.89,0,0,0,0.0,0.0,0,LOW
XYZ20T101242,2026-07-28,13422.2,84.55,88.3,-0.222,71.05,37.93,0,0,0,0.0,0.0,0,LOW
XYZ20T101273,2026-07-28,14673.9,85.45,91.3,-0.211,48.28,45.06,0,0,0,0.0,0.0,0,LOW
XYZ20T101274,2026-07-28,3298.2,81.75,87.5,-0.008,71.39,25.88,0,0,0,0.0,0.0,0,LOW
XYZ20T101275,2026-07-28,6710.3,81.86,85.34,0.327,59.59,41.41,0,0,0,0.0,0.0,0,LOW
XYZ20T101277,2026-07-28,14961.4,81.38,87.36,0.017,51.96,36.31,0,0,0,0.0,0.0,0,LOW
XYZ20T101280,2026-07-28,1141.9,84.09,88.87,0.345,74.18,32.77,0,0,0,0.0,0.0,0,LOW
XYZ20T101286,2026-07-28,2286.5,83.39,89.93,0.288,81.74,26.56,1,0,0,0.0066,0.7,0,LOW
XYZ20T101290,2026-07-28,14099.7,82.69,88.53,-0.335,54.91,28.74,0,0,0,0.0,0.0,0,LOW
XYZ20T101298,2026-07-28,22050.9,86.94,91.79,-0.141,64.0,36.89,0,0,0,0.0,0.0,0,LOW
XYZ20T101299,2026-07-28,6366.2,85.78,92.34,0.202,62.2,37.23,0,0,0,0.0,0.0,0,LOW
XYZ20T101301,2026-07-28,18614.3,77.26,83.58,-0.022,43.95,31.33,0,0,0,0.0,0.0,0,LOW
XYZ20T101306,2026-07-28,1145.2,84.65,89.38,0.332,58.94,26.02,0,0,0,0.0,0.0,0,LOW
XYZ20T101308,2026-07-28,8643.2,84.91,88.21,-0.027,51.5,39.91,0,0,0,0.0,0.0,0,LOW
XYZ20T101317,2026-07-28,687.3,86.25,89.97,0.385,46.02,40.11,0,0,0,0.0,0.0,0,LOW
XYZ20T101318,2026-07-28,7714.3,82.94,89.44,0.035,45.63,30.95,0,0,0,0.0,0.0,0,LOW
XYZ20T101319,2026-07-28,20972.3,83.41,89.85,-0.227,70.96,37.73,0,0,0,0.0,0.0,0,LOW
XYZ20T101326,2026-07-28,4171.6,86.19,92.92,0.185,79.0,32.23,0,0,0,0.0,0.0,0,LOW
XYZ20T101334,2026-07-28,6073.9,86.05,90.09,-0.08,53.51,32.33,0,0,0,0.0,0.0,0,LOW
XYZ20T101349,2026-07-28,13247.5,79.82,84.57,0.452,46.0,42.78,0,0,0,0.0,0.0,0,LOW
XYZ20T101361,2026-07-28,2957.8,87.66,91.49,0.01,71.8,40.32,0,0,0,0.0,0.0,0,LOW
XYZ20T101369,2026-07-28,10359.9,88.14,93.94,-0.062,48.49,32.17,0,0,0,0.0,0.0,0,LOW
XYZ20T101374,2026-07-28,13360.7,84.17,89.35,0.233,60.78,29.75,0,0,0,0.0,0.0,0,LOW
XYZ20T101384,2026-07-28,14928.4,78.89,81.91,-0.354,45.51,29.35,0,0,0,0.0,0.0,0,LOW
XYZ20T101385,2026-07-28,13588.6,80.99,84.54,-1.997,57.63,26.92,0,0,0,0.0,0.0,0,LOW
XYZ20T101393,2026-07-28,17487.8,89.09,93.22,0.245,82.5,32.3,0,0,0,0.0,0.0,0,LOW
XYZ20T101406,2026-07-28,16675.6,81.66,86.43,0.358,62.34,39.72,0,0,0,0.0,0.0,0,LOW
XYZ20T101413,2026-07-28,14118.1,85.13,89.87,-0.126,42.59,26.58,0,0,0,0.0,0.0,0,LOW
XYZ20T101419,2026-07-28,12443.2,83.53,89.61,-1.352,59.36,33.66,0,0,0,0.0,0.0,0,LOW
XYZ20T101423,2026-07-28,19086.1,86.52,89.92,-1.093,50.0,34.31,0,0,0,0.0,0.0,0,LOW
XYZ20T101428,2026-07-28,6273.5,85.14,89.09,-0.155,44.06,38.44,0,0,0,0.0,0.0,0,LOW
XYZ20T101431,2026-07-28,24979.8,88.09,94.48,-0.05,70.85,37.26,0,0,0,0.0,0.0,0,LOW
XYZ20T101434,2026-07-28,11474.2,89.18,93.97,-0.006,76.96,36.49,0,0,0,0.0,0.0,0,LOW
XYZ20T101435,2026-07-28,12957.7,81.76,87.23,0.308,70.64,38.21,0,0,0,0.0,0.0,0,LOW
XYZ20T101437,2026-07-28,3331.9,86.76,90.72,0.238,69.03,35.99,0,0,0,0.0,0.0,0,LOW
XYZ20T101446,2026-07-28,9283.3,81.84,85.45,0.394,53.57,35.83,0,0,0,0.0,0.0,0,LOW
XYZ20T101468,2026-07-28,8362.9,82.78,87.61,-0.091,60.06,34.83,0,0,0,0.0,0.0,0,LOW
XYZ20T101479,2026-07-28,1443.3,77.34,81.76,-1.76,43.35,35.83,0,0,0,0.0,0.0,0,LOW
XYZ20T101484,2026-07-28,14446.9,78.01,84.07,0.13,45.7,27.82,0,0,0,0.0,0.0,0,LOW
XYZ20T101491,2026-07-28,13831.8,84.25,89.98,0.014,86.81,40.52,0,0,0,0.0,0.0,0,LOW
XYZ20T101498,2026-07-28,13501.0,78.59,85.45,-0.067,64.68,36.85,0,0,0,0.0,0.0,0,LOW
XYZ20T101500,2026-07-28,4310.6,79.27,83.15,-0.471,42.4,34.62,0,0,0,0.0,0.0,0,LOW
XYZ20T101501,2026-07-28,16326.1,86.31,89.39,-0.297,61.2,34.56,0,0,0,0.0,0.0,0,LOW
XYZ20T101502,2026-07-28,10775.1,77.31,83.82,-0.603,70.45,30.27,0,0,0,0.0,0.0,0,LOW
XYZ20T101504,2026-07-28,7308.3,77.74,83.4,-0.414,48.54,38.83,0,0,0,0.0,0.0,0,LOW
XYZ20T101511,2026-07-28,664.5,80.07,84.23,-0.008,33.19,34.08,0,0,0,0.0,0.0,0,LOW
XYZ20T101519,2026-07-28,13911.1,79.42,84.8,0.297,60.31,36.39,0,0,0,0.0,0.0,0,LOW
XYZ20T101525,2026-07-28,8293.7,87.64,92.37,-0.099,40.31,36.67,0,0,0,0.0,0.0,0,LOW
XYZ20T101526,2026-07-28,1262.1,80.24,86.25,0.138,71.49,44.32,0,0,0,0.0,0.0,0,LOW
XYZ20T101530,2026-07-28,20213.1,83.81,87.97,-0.299,58.37,35.9,0,0,0,0.0,0.0,0,LOW
XYZ20T101534,2026-07-28,5912.6,77.99,83.97,0.003,59.34,36.84,0,0,0,0.0,0.0,0,LOW
XYZ20T101549,2026-07-28,2045.3,75.65,82.03,-0.081,45.68,25.48,0,0,0,0.0,0.0,0,LOW
XYZ20T101550,2026-07-28,5094.7,78.91,83.17,0.629,88.77,32.79,0,0,0,0.0,0.0,0,LOW
XYZ20T101551,2026-07-28,622.3,83.03,87.89,-0.208,59.42,32.69,0,0,0,0.0,0.0,0,LOW
XYZ20T101555,2026-07-28,12565.2,85.82,89.65,-0.308,63.08,42.29,0,0,0,0.0,0.0,0,LOW
XYZ20T101558,2026-07-28,6160.4,81.77,85.83,0.133,78.29,39.46,1,0,0,0.0,0.0,0,LOW
XYZ20T101562,2026-07-28,14231.4,83.76,87.88,-0.358,68.94,31.45,0,0,0,0.0,0.0,0,LOW
XYZ20T101567,2026-07-28,17236.9,84.85,89.22,0.174,53.0,32.36,0,0,0,0.0,0.0,0,LOW
XYZ20T101573,2026-07-28,1991.8,88.56,95.23,0.443,68.05,33.94,0,0,0,0.0,0.0,0,LOW
XYZ20T101582,2026-07-28,15530.3,82.44,85.92,0.099,62.44,41.01,0,0,0,0.0,0.0,0,LOW
XYZ20T101586,2026-07-28,16438.6,84.54,88.67,-0.029,52.14,31.73,0,0,0,0.0,0.0,0,LOW
XYZ20T101593,2026-07-28,403.8,79.38,82.98,-0.057,64.45,32.21,0,0,0,0.0,0.0,0,LOW
XYZ20T101594,2026-07-28,12789.3,82.66,87.08,0.447,45.21,44.07,0,0,0,0.0,0.0,0,LOW
XYZ20T101629,2026-07-28,5927.3,82.21,89.06,0.584,70.1,27.45,0,0,0,0.0,0.0,0,LOW
XYZ20T101633,2026-07-28,13132.1,82.61,88.52,-0.479,51.28,36.69,0,0,0,0.0,0.0,0,LOW
XYZ20T101659,2026-07-28,6265.0,83.39,88.73,-0.171,47.38,30.79,0,0,0,0.0,0.0,0,LOW
XYZ20T101662,2026-07-28,11547.3,81.23,87.28,-0.031,71.09,28.24,0,0,0,0.0,0.0,0,LOW
XYZ20T101663,2026-07-28,20869.0,80.89,85.06,0.178,67.18,35.89,0,0,0,0.0,0.0,0,LOW
XYZ20T101669,2026-07-28,4404.3,82.51,87.31,0.057,60.45,37.85,0,0,0,0.0,0.0,0,LOW
XYZ20T101677,2026-07-28,4176.1,82.59,86.17,0.046,81.82,36.7,0,0,0,0.0,0.0,0,LOW
XYZ20T101678,2026-07-28,5536.0,78.85,84.9,0.181,60.42,33.97,0,0,0,0.0,0.0,0,LOW
XYZ20T101685,2026-07-28,11676.6,81.05,86.03,0.365,59.57,36.2,0,0,0,0.0,0.0,0,LOW
XYZ20T101692,2026-07-28,467.9,80.71,85.21,-0.085,50.28,35.62,0,0,0,0.0,0.0,0,LOW
XYZ20T101693,2026-07-28,22609.9,81.1,84.85,-0.548,71.56,36.02,0,0,0,0.0,0.0,0,LOW
XYZ20T101696,2026-07-28,15670.5,86.65,90.64,0.04,73.97,40.52,0,0,0,0.0,0.0,0,LOW
XYZ20T101698,2026-07-28,4810.8,82.84,87.13,-0.088,65.52,31.21,0,0,0,0.0,0.0,0,LOW
XYZ20T101699,2026-07-28,24986.2,80.34,86.28,-0.098,44.71,24.31,0,0,0,0.0,0.0,0,LOW
XYZ20T101702,2026-07-28,2319.2,80.16,83.24,-0.221,71.32,31.49,0,0,0,0.0,0.0,0,LOW
XYZ20T101718,2026-07-28,2622.4,82.85,85.87,-0.636,79.86,27.62,0,0,0,0.0,0.0,0,LOW
XYZ20T101728,2026-07-28,600.7,84.93,88.05,-0.029,40.92,31.06,0,0,0,0.0,0.0,0,LOW
XYZ20T101733,2026-07-28,9327.0,86.74,91.15,-0.379,58.59,37.92,0,0,0,0.0,0.0,0,LOW
XYZ20T101735,2026-07-28,12618.3,78.76,81.97,0.323,46.1,36.23,0,0,0,0.0,0.0,0,LOW
XYZ20T101740,2026-07-28,16776.1,78.77,82.59,-0.3,58.38,31.21,0,0,0,0.0,0.0,0,LOW
XYZ20T101764,2026-07-28,6398.5,83.0,88.2,0.028,51.2,33.19,0,0,0,0.0,0.0,0,LOW
XYZ20T101767,2026-07-28,1777.5,80.25,84.51,0.049,44.56,28.89,0,0,0,0.0,0.0,0,LOW
XYZ20T101768,2026-07-28,3766.4,83.58,89.65,-0.301,76.38,37.01,0,0,0,0.0,0.0,0,LOW
XYZ20T101773,2026-07-28,11725.0,81.98,87.77,-0.3,57.05,35.03,0,0,0,0.0,0.0,0,LOW
XYZ20T101782,2026-07-28,4277.7,83.33,89.29,0.315,52.57,37.59,0,0,0,0.0,0.0,0,LOW
XYZ20T101789,2026-07-28,8764.0,78.75,82.08,-0.052,77.71,31.93,0,0,0,0.0,0.0,0,LOW
XYZ20T101790,2026-07-28,4292.3,85.44,90.04,-0.729,54.08,36.13,0,0,0,0.0,0.0,0,LOW
XYZ20T101791,2026-07-28,16828.1,85.29,90.88,-0.489,52.04,37.68,0,0,0,0.0,0.0,0,LOW
XYZ20T101792,2026-07-28,1510.3,86.84,92.94,0.472,58.16,31.54,0,0,0,0.0,0.0,0,LOW
XYZ20T101794,2026-07-28,10844.2,84.46,88.08,-0.397,34.27,31.97,0,0,0,0.0033,0.3,0,LOW
XYZ20T101805,2026-07-28,13088.7,85.75,88.83,0.554,55.82,28.98,0,0,0,0.0,0.0,0,LOW
XYZ20T101807,2026-07-28,10019.6,86.74,90.73,0.144,51.21,36.15,0,0,0,0.0,0.0,0,LOW
XYZ20T101809,2026-07-28,11968.8,82.84,87.07,-0.28,59.33,25.53,0,0,0,0.0,0.0,0,LOW
XYZ20T101820,2026-07-28,8534.8,84.78,88.41,-0.078,66.24,40.32,0,0,0,0.0,0.0,0,LOW
XYZ20T101825,2026-07-28,10354.9,85.69,90.89,0.433,70.35,25.16,0,0,0,0.0,0.0,0,LOW
XYZ20T101832,2026-07-28,13331.1,83.65,87.57,0.04,67.77,27.88,0,0,0,0.0,0.0,0,LOW
XYZ20T101838,2026-07-28,12955.8,78.51,83.19,0.245,57.72,27.53,0,0,0,0.0,0.0,0,LOW
XYZ20T101842,2026-07-28,6948.5,76.56,82.81,-0.083,41.13,34.88,0,0,0,0.0,0.0,0,LOW
XYZ20T101848,2026-07-28,22206.8,75.63,80.46,-0.457,41.37,28.63,0,0,0,0.0,0.0,0,LOW
XYZ20T101861,2026-07-28,9851.1,78.9,83.11,-0.176,28.33,37.55,0,0,0,0.0,0.0,0,LOW
XYZ20T101862,2026-07-28,7664.8,86.17,90.43,0.099,54.98,35.37,0,0,0,0.0,0.0,0,LOW
XYZ20T101866,2026-07-28,5558.0,77.57,81.16,-0.127,45.11,26.13,0,0,0,0.0,0.0,0,LOW
XYZ20T101868,2026-07-28,6645.7,80.95,86.12,-0.2,65.39,34.84,0,0,0,0.0,0.0,0,LOW
XYZ20T101869,2026-07-28,4265.0,78.6,85.52,-0.146,49.02,40.72,0,0,0,0.0,0.0,0,LOW
XYZ20T101884,2026-07-28,24955.4,82.6,89.29,-0.421,60.6,39.17,0,0,0,0.0,0.0,0,LOW
XYZ20T101886,2026-07-28,2674.9,85.64,92.23,-0.268,83.4,29.92,0,0,0,0.0,0.0,0,LOW
XYZ20T101892,2026-07-28,8896.7,82.0,87.15,0.018,54.84,34.94,0,0,0,0.0,0.0,0,LOW
XYZ20T101897,2026-07-28,20099.0,81.67,88.31,0.155,57.81,38.71,0,0,0,0.0,0.0,0,LOW
XYZ20T101898,2026-07-28,11970.8,87.08,90.81,0.245,43.45,33.11,0,0,0,0.0,0.0,0,LOW
XYZ20T101900,2026-07-28,24979.5,84.52,90.6,0.374,50.32,36.9,0,0,0,0.0,0.0,0,LOW
XYZ20T101905,2026-07-28,18314.0,80.57,85.28,-0.309,50.34,32.71,0,0,0,0.0,0.0,0,LOW
XYZ20T101912,2026-07-28,6803.1,79.97,84.83,0.223,49.04,36.98,0,0,0,0.0,0.0,0,LOW
XYZ20T101915,2026-07-28,651.9,100.33,108.44,1.915,64.99,37.21,0,1,0,0.6451,64.5,1,HIGH
XYZ20T101917,2026-07-28,13592.9,83.87,89.43,-0.111,74.88,40.63,0,0,0,0.0,0.0,0,LOW
XYZ20T101921,2026-07-28,15130.4,79.1,83.76,0.034,52.47,33.27,0,0,0,0.0,0.0,0,LOW
XYZ20T101922,2026-07-28,1313.9,82.3,88.12,-1.735,53.47,32.04,0,0,0,0.0,0.0,0,LOW
XYZ20T101924,2026-07-28,14707.1,80.14,83.86,0.223,57.16,34.92,0,0,0,0.0033,0.3,0,LOW
XYZ20T101928,2026-07-28,14467.5,79.83,83.57,-0.397,52.76,27.99,0,0,0,0.0,0.0,0,LOW
XYZ20T101935,2026-07-28,3646.0,84.91,90.51,-0.322,42.07,33.99,0,0,0,0.0,0.0,0,LOW
XYZ20T101946,2026-07-28,9834.7,88.48,93.66,-0.044,45.46,36.16,0,0,0,0.0,0.0,0,LOW
XYZ20T101957,2026-07-28,14724.9,79.04,82.67,-0.347,70.61,36.36,1,0,0,0.0099,1.0,0,LOW
XYZ20T101958,2026-07-28,24998.5,84.8,89.45,-0.123,51.92,37.49,0,0,0,0.0,0.0,0,LOW
XYZ20T101959,2026-07-28,12786.6,76.86,83.34,-0.113,50.89,35.44,0,0,0,0.0,0.0,0,LOW
XYZ20T101960,2026-07-28,11796.9,78.58,82.67,0.099,70.17,28.64,0,0,0,0.0,0.0,0,LOW
XYZ20T101964,2026-07-28,3421.8,85.48,89.82,-0.106,55.11,33.57,0,0,0,0.0,0.0,0,LOW
XYZ20T101965,2026-07-28,6578.0,82.83,88.28,0.123,49.55,36.35,0,0,0,0.0,0.0,0,LOW
XYZ20T101978,2026-07-28,18284.7,81.01,85.13,-0.332,53.88,29.98,0,0,0,0.0,0.0,0,LOW
XYZ20T101983,2026-07-28,521.0,83.78,89.97,-0.287,52.05,35.48,0,0,0,0.0,0.0,0,LOW
XYZ20T101996,2026-07-28,11444.9,82.5,86.34,-0.435,69.65,32.38,0,0,0,0.0,0.0,0,LOW
XYZ20T102000,2026-07-28,677.0,85.82,90.82,0.126,71.04,45.2,0,0,0,0.0,0.0,0,LOW
XYZ20T102004,2026-07-28,783.9,82.4,88.64,0.428,63.69,32.03,0,0,0,0.0,0.0,0,LOW
XYZ20T102009,2026-07-28,23426.7,86.93,93.33,0.202,50.84,38.48,0,0,0,0.0,0.0,0,LOW
XYZ20T102012,2026-07-28,3709.0,79.3,84.67,-0.013,52.35,35.09,0,0,0,0.0,0.0,0,LOW
XYZ20T102025,2026-07-28,14600.9,81.33,87.99,0.012,75.12,37.54,0,0,0,0.0,0.0,0,LOW
XYZ20T102026,2026-07-28,2782.8,88.46,93.48,0.39,75.46,38.52,0,0,0,0.0,0.0,0,LOW
XYZ20T102029,2026-07-28,17110.9,85.76,89.09,-1.506,65.23,33.63,0,0,0,0.0,0.0,0,LOW
XYZ20T102030,2026-07-28,3115.3,89.06,95.4,0.138,68.62,38.04,0,0,0,0.0033,0.3,0,LOW
XYZ20T102031,2026-07-28,2875.3,83.55,87.32,-0.709,49.2,37.06,0,0,0,0.0,0.0,0,LOW
XYZ20T102038,2026-07-28,10781.1,78.19,83.3,0.226,56.8,38.77,1,0,0,0.0,0.0,0,LOW
XYZ20T102041,2026-07-28,7909.7,81.0,86.54,0.134,65.67,40.22,0,0,0,0.0,0.0,0,LOW
XYZ20T102046,2026-07-28,6033.0,80.32,84.68,-0.1,46.05,44.21,0,0,0,0.0,0.0,0,LOW
XYZ20T102048,2026-07-28,9343.0,81.95,86.94,-1.296,64.52,34.44,0,0,0,0.0,0.0,0,LOW
XYZ20T102053,2026-07-28,12596.6,80.0,84.8,0.152,65.92,34.65,0,0,0,0.0,0.0,0,LOW
XYZ20T102054,2026-07-28,14069.6,89.9,93.16,-0.299,71.67,35.35,0,0,0,0.0,0.0,0,LOW
XYZ20T102055,2026-07-28,4368.1,80.1,86.58,-0.081,56.96,26.69,0,0,0,0.0,0.0,0,LOW
XYZ20T102060,2026-07-28,9986.0,85.24,92.22,0.251,50.33,38.44,0,0,0,0.0,0.0,0,LOW
XYZ20T102065,2026-07-28,9024.0,85.32,88.36,0.175,61.63,31.46,0,0,0,0.0,0.0,0,LOW
XYZ20T102073,2026-07-28,1959.3,82.78,87.04,0.098,41.3,29.41,0,0,0,0.0,0.0,0,LOW
XYZ20T102090,2026-07-28,10035.4,82.2,85.88,-0.323,36.91,37.39,0,0,0,0.0,0.0,0,LOW
XYZ20T102097,2026-07-28,645.8,89.32,92.43,-0.113,71.99,31.04,0,0,0,0.0,0.0,0,LOW
XYZ20T102102,2026-07-28,11909.3,81.1,85.57,0.177,67.64,41.18,0,0,0,0.0,0.0,0,LOW
XYZ20T102103,2026-07-28,4847.4,84.1,87.86,-0.117,65.99,33.56,0,0,0,0.0,0.0,0,LOW
XYZ20T102108,2026-07-28,18275.7,89.58,94.33,0.71,77.41,40.01,0,0,0,0.0351,3.5,0,LOW
XYZ20T102121,2026-07-28,4071.2,77.9,83.01,0.347,44.72,37.46,0,0,0,0.0,0.0,0,LOW
XYZ20T102127,2026-07-28,5624.1,82.32,88.6,-0.25,73.42,30.96,0,0,0,0.0,0.0,0,LOW
XYZ20T102132,2026-07-28,5988.6,84.27,90.93,-0.545,74.3,28.37,0,0,0,0.0,0.0,0,LOW
XYZ20T102138,2026-07-28,2079.7,81.21,87.99,-0.351,77.87,28.98,0,0,0,0.0,0.0,0,LOW
XYZ20T102169,2026-07-28,4399.2,79.52,82.91,-0.226,53.37,36.13,0,0,0,0.0,0.0,0,LOW
XYZ20T102176,2026-07-28,1930.9,80.12,85.67,-0.177,64.57,33.82,0,0,0,0.0,0.0,0,LOW
XYZ20T102178,2026-07-28,24980.6,79.77,85.56,0.001,72.9,34.93,0,0,0,0.0,0.0,0,LOW
XYZ20T102182,2026-07-28,18798.4,84.22,87.95,-0.301,43.44,29.33,0,0,0,0.0,0.0,0,LOW
XYZ20T102191,2026-07-28,8535.2,81.26,84.4,-0.001,43.62,31.84,0,0,0,0.0,0.0,0,LOW
XYZ20T102196,2026-07-28,13896.9,79.49,84.0,0.298,53.38,42.62,0,0,0,0.0,0.0,0,LOW
XYZ20T102203,2026-07-28,12166.1,79.86,83.46,0.019,54.52,28.93,0,0,0,0.0,0.0,0,LOW
XYZ20T102212,2026-07-28,2747.5,85.24,91.03,0.094,48.63,30.15,0,0,0,0.0,0.0,0,LOW
XYZ20T102214,2026-07-28,19766.9,84.1,88.98,-0.217,62.07,37.92,0,0,0,0.0,0.0,0,LOW
XYZ20T102217,2026-07-28,5703.6,81.04,84.31,0.098,47.38,30.55,0,0,0,0.0,0.0,0,LOW
XYZ20T102223,2026-07-28,12040.7,84.8,91.41,0.04,71.99,34.12,0,0,0,0.0,0.0,0,LOW
XYZ20T102226,2026-07-28,3124.4,86.51,92.77,0.216,68.56,35.67,0,0,0,0.0,0.0,0,LOW
XYZ20T102230,2026-07-28,11751.8,82.44,87.07,-0.048,59.35,29.12,0,0,0,0.0,0.0,0,LOW
XYZ20T102240,2026-07-28,11320.9,87.71,93.32,-0.928,64.88,23.08,0,0,0,0.0033,0.3,0,LOW
XYZ20T102251,2026-07-28,12568.3,81.98,88.66,-0.303,56.67,31.01,0,0,0,0.0,0.0,0,LOW
XYZ20T102259,2026-07-28,17062.5,79.46,83.27,-0.485,66.93,38.21,0,0,0,0.0,0.0,0,LOW
XYZ20T102267,2026-07-28,11810.0,81.96,85.9,-0.066,52.94,31.85,0,0,0,0.0,0.0,0,LOW
XYZ20T102268,2026-07-28,12550.5,80.96,85.95,-0.239,45.15,32.42,0,0,0,0.0,0.0,0,LOW
XYZ20T102285,2026-07-28,19927.7,84.76,90.35,-1.761,75.36,31.8,0,0,0,0.0,0.0,0,LOW
XYZ20T102287,2026-07-28,2850.8,86.48,92.72,0.189,45.78,36.03,0,0,0,0.0,0.0,0,LOW
XYZ20T102291,2026-07-28,14735.9,82.0,87.06,0.037,86.37,34.19,0,0,0,0.0,0.0,0,LOW
XYZ20T102294,2026-07-28,1598.4,78.03,82.58,-0.597,38.8,36.41,0,0,0,0.0,0.0,0,LOW
XYZ20T102325,2026-07-28,14049.4,81.61,88.22,-0.017,68.29,29.85,0,0,0,0.0,0.0,0,LOW
XYZ20T102327,2026-07-28,12203.1,82.95,87.4,0.217,75.66,31.02,0,0,0,0.0,0.0,0,LOW
XYZ20T102330,2026-07-28,16417.7,81.14,84.77,-0.12,54.48,28.68,0,0,0,0.0,0.0,0,LOW
XYZ20T102345,2026-07-28,20252.1,86.32,90.21,0.186,60.0,28.94,0,0,0,0.0033,0.3,0,LOW
XYZ20T102348,2026-07-28,15404.6,83.51,88.21,-0.22,64.46,40.98,0,0,0,0.0,0.0,0,LOW
XYZ20T102358,2026-07-28,6638.8,80.75,84.48,-0.038,74.24,32.01,0,0,0,0.0,0.0,0,LOW
XYZ20T102367,2026-07-28,3317.2,80.3,85.53,0.032,38.62,30.94,0,0,0,0.0,0.0,0,LOW
XYZ20T102369,2026-07-28,7691.5,83.87,89.34,-1.846,60.72,34.87,0,0,0,0.0,0.0,0,LOW
XYZ20T102373,2026-07-28,4474.9,82.24,86.04,-0.133,59.06,38.18,0,0,0,0.0,0.0,0,LOW
XYZ20T102375,2026-07-28,6222.2,80.64,84.54,-0.154,61.56,40.84,0,0,0,0.0,0.0,0,LOW
XYZ20T102376,2026-07-28,19675.6,86.53,93.15,-0.268,50.23,35.16,0,0,0,0.0,0.0,0,LOW
XYZ20T102389,2026-07-28,7019.8,85.84,92.49,-2.126,47.16,45.89,0,0,0,0.0,0.0,0,LOW
XYZ20T102391,2026-07-28,1676.1,87.28,91.33,0.466,68.72,45.85,0,0,0,0.0,0.0,0,LOW
XYZ20T102392,2026-07-28,14512.3,84.18,89.49,0.186,57.38,35.89,0,0,0,0.0,0.0,0,LOW
XYZ20T102403,2026-07-28,13690.1,81.28,88.13,-0.052,61.02,28.9,0,0,0,0.0,0.0,0,LOW
XYZ20T102405,2026-07-28,8365.1,77.23,81.21,0.164,57.1,30.32,0,0,0,0.0,0.0,0,LOW
XYZ20T102413,2026-07-28,10623.5,81.58,87.34,0.155,51.82,40.77,0,0,0,0.0,0.0,0,LOW
XYZ20T102420,2026-07-28,9629.2,83.6,87.84,-0.182,60.02,33.8,0,0,0,0.0,0.0,0,LOW
XYZ20T102424,2026-07-28,13315.2,77.47,80.95,-1.858,62.48,36.65,0,0,0,0.0,0.0,0,LOW
XYZ20T102428,2026-07-28,10437.4,79.45,84.44,-0.124,53.89,24.41,0,0,0,0.0,0.0,0,LOW
XYZ20T102429,2026-07-28,3015.0,89.26,94.84,0.405,61.01,38.78,0,0,0,0.0,0.0,0,LOW
XYZ20T102432,2026-07-28,24982.7,83.88,90.5,-0.462,68.12,28.21,0,0,0,0.0,0.0,0,LOW
XYZ20T102436,2026-07-28,1208.1,76.85,83.7,-0.405,50.2,33.17,0,0,0,0.0,0.0,0,LOW
XYZ20T102450,2026-07-28,12133.3,78.8,85.05,0.086,52.82,38.95,0,0,0,0.0,0.0,0,LOW
XYZ20T102452,2026-07-28,17261.4,85.81,90.59,-0.108,55.59,35.67,0,0,0,0.0,0.0,0,LOW
XYZ20T102453,2026-07-28,7034.9,87.64,93.08,-1.663,79.48,34.22,0,0,0,0.0,0.0,0,LOW
XYZ20T102454,2026-07-28,3282.4,76.43,83.36,-0.218,50.98,34.91,0,0,0,0.0,0.0,0,LOW
XYZ20T102457,2026-07-28,7620.3,80.65,84.58,-0.514,56.06,30.06,0,0,0,0.0,0.0,0,LOW
XYZ20T102462,2026-07-28,5795.8,80.92,85.74,0.075,78.19,37.02,0,0,0,0.0,0.0,0,LOW
XYZ20T102463,2026-07-28,24937.6,89.33,95.11,0.794,52.56,39.87,0,1,0,0.0745,7.5,0,LOW
XYZ20T102471,2026-07-28,4084.4,76.12,79.93,-0.267,53.96,28.44,0,0,0,0.0,0.0,0,LOW
XYZ20T102479,2026-07-28,2772.8,78.63,82.98,-0.873,54.94,39.19,0,0,0,0.0,0.0,0,LOW
XYZ20T102482,2026-07-28,14661.1,86.29,93.18,-0.11,85.91,34.8,0,0,0,0.0,0.0,0,LOW
XYZ20T102488,2026-07-28,12453.9,83.98,88.97,0.282,88.93,30.86,0,0,0,0.0,0.0,0,LOW
XYZ20T102491,2026-07-28,6120.1,85.54,90.37,-0.349,37.82,39.64,0,0,0,0.0,0.0,0,LOW
XYZ20T102501,2026-07-28,914.4,86.85,93.77,-0.08,45.49,33.53,0,0,0,0.0,0.0,0,LOW
XYZ20T102510,2026-07-28,10643.1,88.25,94.39,-0.269,73.64,32.85,0,0,0,0.0,0.0,0,LOW
XYZ20T102517,2026-07-28,11130.9,77.99,83.38,-0.369,47.53,26.54,0,0,0,0.0,0.0,0,LOW
XYZ20T102524,2026-07-28,1205.1,82.22,85.59,-0.213,63.77,33.5,0,0,0,0.0,0.0,0,LOW
XYZ20T102527,2026-07-28,20314.8,86.79,92.53,-0.266,62.54,29.09,0,0,0,0.0033,0.3,0,LOW
XYZ20T102528,2026-07-28,14421.6,85.16,92.11,0.148,81.73,31.6,0,0,0,0.0,0.0,0,LOW
XYZ20T102545,2026-07-28,24259.2,77.74,83.05,-0.368,70.86,34.28,0,0,0,0.0,0.0,0,LOW
XYZ20T102555,2026-07-28,11241.0,85.21,90.59,-0.174,71.92,29.56,0,0,0,0.0,0.0,0,LOW
XYZ20T102557,2026-07-28,22308.6,83.61,89.37,0.329,59.43,31.88,0,0,0,0.0,0.0,0,LOW
XYZ20T102561,2026-07-28,4647.7,87.69,92.19,-0.229,53.65,40.47,0,0,0,0.0,0.0,0,LOW
XYZ20T102562,2026-07-28,383.0,76.3,80.02,-0.412,33.49,34.12,0,0,0,0.0,0.0,0,LOW
XYZ20T102568,2026-07-28,17676.7,82.01,85.43,-0.345,40.03,34.81,0,0,0,0.0,0.0,0,LOW
XYZ20T102572,2026-07-28,8617.4,82.02,86.86,0.143,78.03,40.01,0,0,0,0.0,0.0,0,LOW
XYZ20T102578,2026-07-28,3769.5,81.72,85.94,0.028,50.41,31.62,0,0,0,0.0,0.0,0,LOW
XYZ20T102582,2026-07-28,11954.7,77.83,82.86,0.187,60.41,29.61,0,0,0,0.0,0.0,0,LOW
XYZ20T102587,2026-07-28,1531.6,87.71,93.97,-0.085,79.48,36.6,0,0,0,0.0,0.0,0,LOW
XYZ20T102591,2026-07-28,18000.0,88.49,94.24,-0.209,54.17,36.55,0,0,0,0.0,0.0,0,LOW
XYZ20T102597,2026-07-28,6756.5,79.46,84.94,0.197,56.6,35.12,0,0,0,0.0,0.0,0,LOW
XYZ20T102600,2026-07-28,1141.2,79.41,83.84,-0.543,62.24,29.58,0,0,0,0.0,0.0,0,LOW
XYZ20T102605,2026-07-28,23286.5,79.02,85.53,0.21,49.64,35.28,0,0,0,0.0,0.0,0,LOW
XYZ20T102622,2026-07-28,1192.8,84.53,90.28,-0.064,74.91,38.72,0,0,0,0.0,0.0,0,LOW
XYZ20T102626,2026-07-28,15375.2,85.07,91.81,-0.198,66.27,27.01,0,0,0,0.0,0.0,0,LOW
XYZ20T102629,2026-07-28,11370.3,79.29,83.55,-0.022,62.7,33.63,0,0,0,0.0,0.0,0,LOW
XYZ20T102634,2026-07-28,17859.2,88.96,92.38,0.392,68.18,26.55,0,0,0,0.0,0.0,0,LOW
XYZ20T102639,2026-07-28,17247.4,76.8,80.37,-0.22,65.75,32.95,0,0,0,0.0,0.0,0,LOW
XYZ20T102640,2026-07-28,5946.5,87.27,90.59,-0.022,55.56,33.58,0,0,0,0.0,0.0,0,LOW
XYZ20T102642,2026-07-28,17170.9,76.31,80.75,0.158,63.9,24.87,0,0,0,0.0,0.0,0,LOW
XYZ20T102643,2026-07-28,13641.6,83.2,87.52,0.428,65.29,33.11,0,0,0,0.0,0.0,0,LOW
XYZ20T102649,2026-07-28,16230.2,83.46,89.65,0.262,49.62,44.85,0,0,0,0.0,0.0,0,LOW
XYZ20T102652,2026-07-28,10989.0,81.96,86.06,0.559,77.46,29.13,0,0,0,0.0,0.0,0,LOW
XYZ20T102669,2026-07-28,9856.5,86.98,93.67,-0.223,57.09,27.56,0,0,0,0.0,0.0,0,LOW
XYZ20T102674,2026-07-28,5752.5,81.28,86.12,-0.032,58.22,35.05,0,0,0,0.0,0.0,0,LOW
XYZ20T102675,2026-07-28,4060.8,86.58,90.73,-0.377,62.12,33.49,0,0,0,0.0,0.0,0,LOW
XYZ20T102688,2026-07-28,23396.1,82.97,86.71,0.275,81.55,31.66,0,0,0,0.0,0.0,0,LOW
XYZ20T102691,2026-07-28,3535.9,78.08,81.72,-0.052,43.93,44.42,0,0,0,0.0,0.0,0,LOW
XYZ20T102694,2026-07-28,10277.5,80.76,84.05,-2.078,60.52,37.65,0,0,0,0.0,0.0,0,LOW
XYZ20T102695,2026-07-28,2918.2,81.2,87.15,-0.146,50.75,31.59,0,0,0,0.0,0.0,0,LOW
XYZ20T102696,2026-07-28,10440.6,77.37,80.51,0.198,46.91,36.67,0,0,0,0.0,0.0,0,LOW
XYZ20T102701,2026-07-28,9317.5,87.95,93.55,-1.053,55.15,33.91,0,0,0,0.0,0.0,0,LOW
XYZ20T102703,2026-07-28,18686.4,84.49,87.84,-0.156,57.82,39.84,0,0,0,0.0,0.0,0,LOW
XYZ20T102704,2026-07-28,9340.5,80.4,84.27,-0.161,46.53,30.2,0,0,0,0.0,0.0,0,LOW
XYZ20T102706,2026-07-28,13298.1,82.42,88.23,-0.087,69.61,35.77,0,0,0,0.0,0.0,0,LOW
XYZ20T102709,2026-07-28,667.1,84.41,88.0,-0.127,66.72,31.72,0,0,0,0.0,0.0,0,LOW
XYZ20T102713,2026-07-28,22050.3,86.05,90.95,0.131,66.62,43.09,0,0,0,0.0,0.0,0,LOW
XYZ20T102714,2026-07-28,4528.2,81.82,88.71,-0.116,78.1,35.42,0,0,0,0.0,0.0,0,LOW
XYZ20T102716,2026-07-28,17674.5,82.16,88.93,-0.241,70.29,44.25,0,0,0,0.0,0.0,0,LOW
XYZ20T102719,2026-07-28,13426.9,88.58,93.97,0.196,76.05,35.62,0,0,0,0.0,0.0,0,LOW
XYZ20T102730,2026-07-28,10424.4,83.02,86.51,-0.132,34.42,32.94,0,0,0,0.0,0.0,0,LOW
XYZ20T102734,2026-07-28,1031.0,83.08,86.69,-0.135,64.07,33.78,0,0,0,0.0,0.0,0,LOW
XYZ20T102735,2026-07-28,10569.5,85.68,92.25,0.098,67.49,34.03,0,0,0,0.0,0.0,0,LOW
XYZ20T102745,2026-07-28,20206.7,79.32,85.56,-0.409,63.76,28.1,0,0,0,0.0,0.0,0,LOW
XYZ20T102761,2026-07-28,18468.3,78.67,83.32,-0.153,63.91,21.5,0,0,0,0.0,0.0,0,LOW
XYZ20T102763,2026-07-28,16142.5,91.54,98.59,0.127,52.28,25.33,0,1,0,0.0033,0.3,0,LOW
XYZ20T102764,2026-07-28,17081.1,84.95,89.95,-0.199,59.12,35.43,0,0,0,0.0,0.0,0,LOW
XYZ20T102770,2026-07-28,11902.0,87.23,92.61,0.454,55.18,40.75,0,0,0,0.0,0.0,0,LOW
XYZ20T102772,2026-07-28,1809.4,80.14,87.08,0.104,52.27,30.32,0,0,0,0.0,0.0,0,LOW
XYZ20T102784,2026-07-28,11418.6,78.27,81.35,-0.1,64.07,41.49,1,0,0,0.0,0.0,0,LOW
XYZ20T102790,2026-07-28,23236.8,82.31,87.78,0.035,70.29,34.38,0,0,0,0.0,0.0,0,LOW
XYZ20T102791,2026-07-28,6835.2,81.68,86.37,0.071,43.05,39.24,0,0,0,0.0,0.0,0,LOW
XYZ20T102798,2026-07-28,9865.5,88.68,94.65,0.019,70.83,32.12,0,0,0,0.0,0.0,0,LOW
XYZ20T102805,2026-07-28,8526.5,83.84,90.01,-0.243,73.77,33.47,0,0,0,0.0,0.0,0,LOW
XYZ20T102806,2026-07-28,16367.0,82.64,88.31,0.018,72.61,33.19,0,0,0,0.0,0.0,0,LOW
XYZ20T102814,2026-07-28,3702.5,83.37,87.6,-0.128,53.84,38.25,0,0,0,0.0,0.0,0,LOW
XYZ20T102815,2026-07-28,16724.7,85.69,90.87,0.203,47.22,22.02,0,0,0,0.0,0.0,0,LOW
XYZ20T102820,2026-07-28,2930.2,83.72,87.62,0.076,45.14,39.38,0,0,0,0.0,0.0,0,LOW
XYZ20T102825,2026-07-28,14006.4,82.59,86.82,-1.544,40.37,32.13,0,0,0,0.0,0.0,0,LOW
XYZ20T102833,2026-07-28,14509.6,80.2,84.05,-0.485,58.76,37.59,0,0,0,0.0,0.0,0,LOW
XYZ20T102834,2026-07-28,569.8,85.08,90.58,-1.719,57.32,35.31,0,0,0,0.0,0.0,0,LOW
XYZ20T102841,2026-07-28,2229.8,87.98,94.67,0.245,53.64,37.93,0,0,0,0.0,0.0,0,LOW
XYZ20T102845,2026-07-28,14286.6,84.49,88.63,-0.403,62.24,31.15,0,0,0,0.0,0.0,0,LOW
XYZ20T102855,2026-07-28,1760.8,85.24,90.36,0.034,63.3,31.72,0,0,0,0.0,0.0,0,LOW
XYZ20T102856,2026-07-28,2680.4,81.73,87.49,0.186,59.68,36.57,0,0,0,0.0,0.0,0,LOW
XYZ20T102885,2026-07-28,8208.6,83.03,86.47,-0.004,63.11,41.45,0,0,0,0.0,0.0,0,LOW
XYZ20T102891,2026-07-28,7885.6,82.66,85.79,-0.17,48.11,38.32,0,0,0,0.0,0.0,0,LOW
XYZ20T102896,2026-07-28,988.1,82.26,87.55,-0.765,50.07,29.93,0,0,0,0.0,0.0,0,LOW
XYZ20T102903,2026-07-28,1615.2,82.67,88.49,-0.099,51.99,33.65,0,0,0,0.0,0.0,0,LOW
XYZ20T102904,2026-07-28,4191.6,79.26,82.85,0.079,62.12,37.61,0,0,0,0.0,0.0,0,LOW
XYZ20T102907,2026-07-28,4224.5,90.7,95.11,0.279,78.82,31.29,0,0,0,0.0033,0.3,0,LOW
XYZ20T102910,2026-07-28,5693.3,82.64,86.04,-0.311,58.28,29.98,0,0,0,0.0,0.0,0,LOW
XYZ20T102912,2026-07-28,3931.1,90.31,95.55,-0.786,69.23,34.34,0,0,0,0.0066,0.7,0,LOW
XYZ20T102919,2026-07-28,10949.3,82.76,87.06,0.075,69.27,31.11,0,0,0,0.0,0.0,0,LOW
XYZ20T102924,2026-07-28,13293.8,86.79,91.43,0.308,61.68,44.16,0,0,0,0.0,0.0,0,LOW
XYZ20T102929,2026-07-28,7971.2,79.86,83.13,0.103,49.91,42.85,0,0,0,0.0,0.0,0,LOW
XYZ20T102933,2026-07-28,8069.8,79.98,85.19,-0.522,54.63,28.51,0,0,0,0.0,0.0,0,LOW
XYZ20T102934,2026-07-28,5393.8,82.23,87.47,0.148,90.32,35.0,0,0,0,0.0,0.0,0,LOW
XYZ20T102941,2026-07-28,2524.9,80.86,86.51,-0.442,51.12,30.37,0,0,0,0.0,0.0,0,LOW
XYZ20T102944,2026-07-28,6005.2,79.15,86.09,-0.153,50.66,31.39,0,0,0,0.0,0.0,0,LOW
XYZ20T102950,2026-07-28,12136.2,83.75,88.72,0.369,68.47,41.57,0,0,0,0.0,0.0,0,LOW
XYZ20T102956,2026-07-28,12979.7,83.14,86.22,-0.094,74.84,35.01,0,0,0,0.0,0.0,0,LOW
XYZ20T102960,2026-07-28,4062.1,85.49,90.13,0.461,51.16,39.01,0,0,0,0.0,0.0,0,LOW
XYZ20T102963,2026-07-28,15815.0,80.68,86.58,0.113,43.61,32.67,0,0,0,0.0,0.0,0,LOW
XYZ20T102974,2026-07-28,16425.2,87.66,93.14,-0.029,41.82,37.1,0,0,0,0.0,0.0,0,LOW
XYZ20T102998,2026-07-28,1927.6,79.74,85.21,-0.031,73.72,34.33,0,0,0,0.0,0.0,0,LOW
XYZ20T102999,2026-07-28,6691.7,81.01,87.94,-0.317,55.46,31.05,0,0,0,0.0,0.0,0,LOW
XYZ20T103000,2026-07-28,1291.0,85.34,92.18,0.276,41.7,29.18,0,0,0,0.0,0.0,0,LOW
XYZ20T103005,2026-07-28,1957.2,85.36,91.21,-0.012,54.66,26.64,0,0,0,0.0,0.0,0,LOW
XYZ20T103006,2026-07-28,2625.7,81.88,87.65,0.025,59.29,35.07,0,0,0,0.0,0.0,0,LOW
XYZ20T103009,2026-07-28,1629.0,86.55,92.34,-1.455,62.07,36.02,0,0,0,0.0,0.0,0,LOW
XYZ20T103011,2026-07-28,3799.2,81.58,88.3,0.4,39.86,42.28,0,0,0,0.0,0.0,0,LOW
XYZ20T103017,2026-07-28,8212.9,89.29,95.26,0.159,52.86,37.72,0,0,0,0.0033,0.3,0,LOW
XYZ20T103019,2026-07-28,19450.1,78.74,82.82,-0.567,54.29,29.12,0,0,0,0.0,0.0,0,LOW
XYZ20T103021,2026-07-28,11458.5,80.92,86.47,-0.146,50.04,27.6,0,0,0,0.0,0.0,0,LOW
XYZ20T103031,2026-07-28,6517.9,82.86,86.08,-0.034,50.12,35.32,0,0,0,0.0,0.0,0,LOW
XYZ20T103039,2026-07-28,19213.0,86.1,91.25,-0.077,77.02,34.39,0,0,0,0.0,0.0,0,LOW
XYZ20T103046,2026-07-28,7225.7,79.99,85.77,0.355,57.84,23.71,0,0,0,0.0,0.0,0,LOW
XYZ20T103050,2026-07-28,1530.6,83.15,86.88,-0.208,54.78,30.19,0,0,0,0.0,0.0,0,LOW
XYZ20T103052,2026-07-28,14845.3,86.84,94.71,1.029,41.66,34.99,1,1,0,0.311,31.1,1,MODERATE
XYZ20T103056,2026-07-28,3864.2,85.74,89.6,-0.135,69.72,31.01,0,0,0,0.0,0.0,0,LOW
XYZ20T103059,2026-07-28,15406.8,88.18,93.64,0.133,62.22,38.88,0,0,0,0.0,0.0,0,LOW
XYZ20T103061,2026-07-28,7247.7,79.05,85.99,-0.249,73.6,32.01,0,0,0,0.0,0.0,0,LOW
XYZ20T103065,2026-07-28,11473.7,88.08,92.04,0.143,84.57,25.62,0,0,0,0.0,0.0,0,LOW
XYZ20T103073,2026-07-28,6936.2,79.49,84.55,0.458,52.64,37.68,0,0,0,0.0,0.0,0,LOW
XYZ20T103077,2026-07-28,13430.9,82.1,85.28,0.286,55.5,42.06,1,0,0,0.0,0.0,0,LOW
XYZ20T103080,2026-07-28,4638.9,81.82,85.38,0.352,66.29,39.23,0,0,0,0.0,0.0,0,LOW
XYZ20T103081,2026-07-28,14406.6,90.5,97.53,1.164,72.63,35.07,0,1,0,0.7723,77.2,1,CRITICAL
XYZ20T103084,2026-07-28,25005.0,84.15,88.71,-0.251,65.96,35.72,0,0,0,0.0,0.0,0,LOW
XYZ20T103090,2026-07-28,4999.4,86.18,92.78,-0.661,64.9,35.05,0,0,0,0.0,0.0,0,LOW
XYZ20T103091,2026-07-28,11104.0,80.02,86.79,-0.063,42.51,44.36,0,0,0,0.0,0.0,0,LOW
XYZ20T103092,2026-07-28,13289.9,80.67,85.0,0.26,60.23,32.29,0,0,0,0.0,0.0,0,LOW
XYZ20T103101,2026-07-28,22695.5,81.2,87.74,-1.683,37.83,42.31,0,0,0,0.0,0.0,0,LOW
XYZ20T103103,2026-07-28,1034.5,82.86,89.76,-0.021,69.06,37.84,0,0,0,0.0,0.0,0,LOW
XYZ20T103112,2026-07-28,12612.8,84.0,90.96,-0.279,55.45,35.05,0,0,0,0.0,0.0,0,LOW
XYZ20T103115,2026-07-28,5211.5,78.2,82.42,-1.68,60.45,31.15,0,0,0,0.0,0.0,0,LOW
XYZ20T103116,2026-07-28,17327.9,83.01,88.24,-0.176,82.44,29.88,0,0,0,0.0,0.0,0,LOW
XYZ20T103122,2026-07-28,3151.4,81.19,87.08,-0.43,39.31,33.59,0,0,0,0.0,0.0,0,LOW
XYZ20T103123,2026-07-28,6067.2,79.49,85.96,-0.344,54.07,28.84,0,0,0,0.0,0.0,0,LOW
XYZ20T103140,2026-07-28,12679.8,82.74,86.47,0.147,57.78,39.69,0,0,0,0.0,0.0,0,LOW
XYZ20T103159,2026-07-28,3381.5,79.89,83.3,-0.447,65.88,21.72,0,0,0,0.0,0.0,0,LOW
XYZ20T103161,2026-07-28,5097.0,86.97,93.14,0.442,73.51,40.28,0,0,0,0.0,0.0,0,LOW
XYZ20T103165,2026-07-28,13163.7,80.96,87.6,-0.029,59.19,28.19,0,0,0,0.0,0.0,0,LOW
XYZ20T103166,2026-07-28,4781.2,83.5,88.67,0.528,40.95,25.77,0,0,0,0.0033,0.3,0,LOW
XYZ20T103168,2026-07-28,13297.0,80.68,85.28,-0.307,59.66,24.46,0,0,0,0.0,0.0,0,LOW
XYZ20T103169,2026-07-28,4698.3,81.58,86.42,0.026,51.05,42.24,0,0,0,0.0,0.0,0,LOW
XYZ20T103189,2026-07-28,13831.9,87.3,92.79,0.473,56.75,38.62,1,0,0,0.1096,11.0,0,LOW
XYZ20T103192,2026-07-28,14259.5,86.93,91.13,-0.059,77.52,32.42,0,0,0,0.0,0.0,0,LOW
XYZ20T103197,2026-07-28,12498.1,81.85,87.59,0.102,76.56,28.06,0,0,0,0.0,0.0,0,LOW
XYZ20T100001,2026-07-29,15403.2,86.58,91.31,-0.382,66.92,42.81,0,0,0,0.0,0.0,0,LOW
XYZ20T100015,2026-07-29,9078.7,82.69,88.98,-0.017,67.66,32.9,0,0,0,0.0,0.0,0,LOW
XYZ20T100025,2026-07-29,2888.8,78.17,83.84,0.14,53.23,30.35,0,0,0,0.0,0.0,0,LOW
XYZ20T100032,2026-07-29,11120.4,80.87,84.45,-0.189,53.94,37.83,0,0,0,0.0,0.0,0,LOW
XYZ20T100034,2026-07-29,7143.6,85.41,90.33,-0.052,46.14,33.66,0,0,0,0.0,0.0,0,LOW
XYZ20T100046,2026-07-29,4864.7,84.79,88.02,0.121,59.34,28.32,0,0,0,0.0,0.0,0,LOW
XYZ20T100047,2026-07-29,2924.8,83.71,88.27,-0.196,55.69,36.45,0,0,0,0.0,0.0,0,LOW
XYZ20T100053,2026-07-29,13039.7,85.03,91.01,0.444,57.57,42.93,0,0,0,0.0,0.0,0,LOW
XYZ20T100054,2026-07-29,13770.4,78.61,83.87,-0.424,73.15,24.69,0,0,0,0.0,0.0,0,LOW
XYZ20T100056,2026-07-29,15458.4,82.31,85.69,0.113,51.03,40.06,0,0,0,0.0,0.0,0,LOW
XYZ20T100066,2026-07-29,10078.0,77.04,80.76,0.189,53.07,28.41,0,0,0,0.0,0.0,0,LOW
XYZ20T100070,2026-07-29,12507.4,81.96,87.86,0.378,53.04,38.4,0,0,0,0.0,0.0,0,LOW
XYZ20T100076,2026-07-29,4679.4,77.6,83.95,-0.016,46.54,27.99,0,0,0,0.0,0.0,0,LOW
XYZ20T100083,2026-07-29,8361.1,79.7,83.34,0.178,31.53,32.29,1,0,0,0.0165,1.7,0,LOW
XYZ20T100091,2026-07-29,12983.4,78.43,82.02,0.031,59.86,36.42,0,0,0,0.0,0.0,0,LOW
XYZ20T100096,2026-07-29,2077.0,77.56,81.99,-0.35,47.81,36.51,0,0,0,0.0,0.0,0,LOW
XYZ20T100105,2026-07-29,8066.7,78.28,82.84,-0.495,42.46,40.73,0,0,0,0.0,0.0,0,LOW
XYZ20T100110,2026-07-29,7776.9,81.66,84.99,-2.166,39.13,35.01,0,0,0,0.0,0.0,0,LOW
XYZ20T100112,2026-07-29,14537.3,83.79,89.91,0.078,76.1,32.11,0,0,0,0.0,0.0,0,LOW
XYZ20T100128,2026-07-29,13718.8,78.72,84.48,-0.052,52.63,33.32,0,0,0,0.0,0.0,0,LOW
XYZ20T100138,2026-07-29,9733.6,83.21,87.6,-0.13,55.74,29.74,0,0,0,0.0,0.0,0,LOW
XYZ20T100143,2026-07-29,3798.5,88.28,93.62,0.095,52.99,31.61,0,0,0,0.0,0.0,0,LOW
XYZ20T100145,2026-07-29,9373.7,78.57,84.5,-0.035,46.06,31.41,0,0,0,0.0,0.0,0,LOW
XYZ20T100148,2026-07-29,3781.8,83.75,88.18,-0.301,48.79,21.67,0,0,0,0.0,0.0,0,LOW
XYZ20T100153,2026-07-29,14663.2,78.07,81.28,-0.105,58.84,29.06,0,0,0,0.0,0.0,0,LOW
XYZ20T100156,2026-07-29,4826.9,86.87,91.69,0.117,59.68,37.52,0,0,0,0.0,0.0,0,LOW
XYZ20T100166,2026-07-29,2999.9,77.35,82.09,-0.37,48.7,37.69,0,0,0,0.0,0.0,0,LOW
XYZ20T100174,2026-07-29,23601.9,79.83,84.01,0.067,72.29,36.33,0,0,0,0.0,0.0,0,LOW
XYZ20T100177,2026-07-29,1257.3,85.44,91.76,-0.012,71.96,37.99,0,0,0,0.0,0.0,0,LOW
XYZ20T100178,2026-07-29,20739.7,85.55,90.19,0.196,56.95,38.96,0,0,0,0.0,0.0,0,LOW
XYZ20T100179,2026-07-29,1422.7,84.48,88.73,-0.447,59.11,31.09,0,0,0,0.0,0.0,0,LOW
XYZ20T100181,2026-07-29,19391.7,85.59,91.75,-0.205,75.16,39.25,0,0,0,0.0,0.0,0,LOW
XYZ20T100182,2026-07-29,18721.6,84.91,91.22,0.591,81.52,29.79,0,0,0,0.0,0.0,0,LOW
XYZ20T100187,2026-07-29,15077.9,82.36,88.3,0.147,63.73,46.8,0,0,0,0.0,0.0,0,LOW
XYZ20T100188,2026-07-29,16504.8,81.75,88.28,-0.127,64.53,40.32,0,0,0,0.0,0.0,0,LOW
XYZ20T100192,2026-07-29,21558.2,87.32,93.7,-0.024,79.77,30.82,0,0,0,0.0,0.0,0,LOW
XYZ20T100196,2026-07-29,3888.2,79.95,83.95,-0.147,62.85,30.86,0,0,0,0.0,0.0,0,LOW
XYZ20T100198,2026-07-29,1963.3,79.81,84.73,-0.227,68.38,36.93,0,0,0,0.0,0.0,0,LOW
XYZ20T100200,2026-07-29,4208.8,83.1,87.22,-0.116,25.0,39.27,0,0,0,0.0,0.0,0,LOW
XYZ20T100207,2026-07-29,6957.8,79.67,85.47,0.114,56.37,33.96,0,0,0,0.0,0.0,0,LOW
XYZ20T100215,2026-07-29,7404.7,83.9,89.54,-0.269,71.58,36.65,0,0,0,0.0,0.0,0,LOW
XYZ20T100243,2026-07-29,8666.0,77.39,80.54,-0.183,42.53,28.25,0,0,0,0.0,0.0,0,LOW
XYZ20T100244,2026-07-29,3446.2,80.25,86.85,-0.309,64.2,33.26,0,0,0,0.0,0.0,0,LOW
XYZ20T100250,2026-07-29,7238.8,80.09,84.73,0.126,78.13,32.71,0,0,0,0.0,0.0,0,LOW
XYZ20T100255,2026-07-29,4852.0,83.11,88.79,0.229,77.56,27.05,0,0,0,0.0,0.0,0,LOW
XYZ20T100258,2026-07-29,9572.2,80.19,86.29,-0.384,69.14,38.1,0,0,0,0.0,0.0,0,LOW
XYZ20T100260,2026-07-29,15910.4,85.42,90.39,-0.202,65.28,38.33,0,0,0,0.0,0.0,0,LOW
XYZ20T100261,2026-07-29,16423.4,85.19,91.94,-0.056,78.48,41.06,0,0,0,0.0,0.0,0,LOW
XYZ20T100270,2026-07-29,6146.4,82.1,85.97,-0.071,70.53,34.73,0,0,0,0.0,0.0,0,LOW
XYZ20T100274,2026-07-29,7553.7,81.75,88.06,0.081,63.13,30.64,0,0,0,0.0,0.0,0,LOW
XYZ20T100293,2026-07-29,4570.2,79.94,85.55,0.37,64.72,38.93,0,0,0,0.0,0.0,0,LOW
XYZ20T100295,2026-07-29,878.2,80.63,85.28,-0.303,65.84,37.1,0,0,0,0.0,0.0,0,LOW
XYZ20T100299,2026-07-29,19961.5,86.35,93.28,0.0,76.02,34.32,0,0,0,0.0,0.0,0,LOW
XYZ20T100301,2026-07-29,18855.5,80.81,86.82,-0.073,58.51,38.37,0,0,0,0.0,0.0,0,LOW
XYZ20T100303,2026-07-29,24979.9,77.0,80.97,-0.471,56.28,35.89,0,0,0,0.0,0.0,0,LOW
XYZ20T100304,2026-07-29,11098.4,87.69,91.62,0.053,68.36,34.53,0,0,0,0.0,0.0,0,LOW
XYZ20T100306,2026-07-29,12556.3,88.16,94.25,0.063,66.3,35.75,0,0,0,0.0,0.0,0,LOW
XYZ20T100320,2026-07-29,883.1,82.01,87.61,0.229,50.59,34.74,0,0,0,0.0,0.0,0,LOW
XYZ20T100324,2026-07-29,13077.2,87.92,94.61,0.051,80.13,30.69,0,0,0,0.0,0.0,0,LOW
XYZ20T100327,2026-07-29,1800.3,83.81,91.14,0.784,46.36,29.19,0,0,0,0.043,4.3,0,LOW
XYZ20T100328,2026-07-29,17335.2,86.42,90.86,-0.037,64.47,40.31,0,0,0,0.0,0.0,0,LOW
XYZ20T100329,2026-07-29,3427.3,82.1,87.83,-0.07,63.49,32.33,0,0,0,0.0,0.0,0,LOW
XYZ20T100331,2026-07-29,24986.1,87.74,94.06,0.346,60.03,45.96,0,0,0,0.0,0.0,0,LOW
XYZ20T100332,2026-07-29,24984.8,81.68,84.79,0.123,56.61,29.52,0,0,0,0.0,0.0,0,LOW
XYZ20T100338,2026-07-29,6580.6,78.64,83.16,-0.215,49.01,37.61,0,0,0,0.0,0.0,0,LOW
XYZ20T100339,2026-07-29,3018.7,86.64,92.13,-0.091,55.77,30.25,0,0,0,0.0,0.0,0,LOW
XYZ20T100350,2026-07-29,10958.3,83.59,89.06,-0.417,67.05,32.89,0,0,0,0.0,0.0,0,LOW
XYZ20T100361,2026-07-29,17510.8,78.2,84.17,-0.297,43.83,20.0,0,0,0,0.0,0.0,0,LOW
XYZ20T100371,2026-07-29,10243.5,84.09,89.77,0.506,67.73,37.0,0,0,0,0.0,0.0,0,LOW
XYZ20T100373,2026-07-29,13825.3,81.32,87.59,-1.631,51.4,46.97,0,0,0,0.0,0.0,0,LOW
XYZ20T100377,2026-07-29,12363.4,86.0,89.99,0.215,58.32,32.57,0,0,0,0.0,0.0,0,LOW
XYZ20T100379,2026-07-29,8547.5,86.36,92.87,0.31,62.76,29.16,0,1,0,0.0,0.0,0,LOW
XYZ20T100380,2026-07-29,7654.3,79.39,85.31,0.709,53.88,33.08,0,0,0,0.0497,5.0,0,LOW
XYZ20T100382,2026-07-29,12322.6,80.59,87.16,-0.646,51.58,35.02,0,0,0,0.0,0.0,0,LOW
XYZ20T100392,2026-07-29,15142.8,78.32,82.67,-0.495,57.98,31.75,0,0,0,0.0,0.0,0,LOW
XYZ20T100399,2026-07-29,4778.4,79.89,83.04,-0.133,73.15,39.28,0,0,0,0.0,0.0,0,LOW
XYZ20T100401,2026-07-29,10816.0,87.61,92.6,0.116,72.25,31.64,0,0,0,0.0,0.0,0,LOW
XYZ20T100412,2026-07-29,2085.9,77.4,83.82,-2.036,35.22,29.12,0,0,0,0.0,0.0,0,LOW
XYZ20T100416,2026-07-29,3006.7,81.01,86.57,0.363,49.65,34.05,0,0,0,0.0,0.0,0,LOW
XYZ20T100418,2026-07-29,7547.0,84.84,88.13,-0.636,76.07,48.0,0,0,0,0.0,0.0,0,LOW
XYZ20T100419,2026-07-29,7588.4,89.97,95.86,-0.618,77.11,25.24,0,0,0,0.0132,1.3,0,LOW
XYZ20T100424,2026-07-29,16400.2,80.22,86.28,-0.019,74.7,28.3,0,0,0,0.0,0.0,0,LOW
XYZ20T100427,2026-07-29,1760.2,83.93,87.42,-0.435,61.89,31.52,0,0,0,0.0,0.0,0,LOW
XYZ20T100430,2026-07-29,13652.6,81.77,86.31,0.267,60.98,27.65,0,0,0,0.0,0.0,0,LOW
XYZ20T100432,2026-07-29,760.9,86.21,89.34,-0.115,39.39,27.69,0,0,0,0.0,0.0,0,LOW
XYZ20T100436,2026-07-29,3938.0,82.28,86.26,-1.223,57.96,39.7,0,0,0,0.0,0.0,0,LOW
XYZ20T100440,2026-07-29,15485.1,79.48,82.57,-0.015,47.71,27.42,0,0,0,0.0,0.0,0,LOW
XYZ20T100447,2026-07-29,7077.0,88.07,91.83,0.046,68.88,40.43,0,0,0,0.0,0.0,0,LOW
XYZ20T100449,2026-07-29,12583.2,81.47,85.59,0.065,45.46,30.4,0,0,0,0.0,0.0,0,LOW
XYZ20T100450,2026-07-29,6674.9,83.83,87.54,-0.309,53.29,29.53,0,0,0,0.0,0.0,0,LOW
XYZ20T100452,2026-07-29,10058.9,85.26,89.18,-0.948,51.13,32.26,0,0,0,0.0,0.0,0,LOW
XYZ20T100457,2026-07-29,5042.0,76.64,83.58,0.043,54.67,25.45,0,0,0,0.0,0.0,0,LOW
XYZ20T100458,2026-07-29,4171.1,84.5,92.74,0.784,69.8,26.84,0,1,0,0.039,3.9,0,LOW
XYZ20T100462,2026-07-29,4329.1,86.78,90.66,0.158,62.33,33.81,0,0,0,0.0,0.0,0,LOW
XYZ20T100468,2026-07-29,7084.0,84.55,89.23,-0.082,45.25,32.0,0,0,0,0.0,0.0,0,LOW
XYZ20T100469,2026-07-29,8374.1,83.09,89.96,-0.11,76.48,29.27,0,0,0,0.0,0.0,0,LOW
XYZ20T100475,2026-07-29,14651.1,88.65,92.9,-1.34,49.12,34.5,0,0,0,0.0,0.0,0,LOW
XYZ20T100477,2026-07-29,5663.9,79.27,85.92,-0.285,48.95,38.34,1,0,0,0.0,0.0,0,LOW
XYZ20T100483,2026-07-29,22574.4,85.04,90.33,0.311,54.47,39.14,0,0,0,0.0,0.0,0,LOW
XYZ20T100491,2026-07-29,8966.7,78.77,83.89,0.214,49.61,31.21,0,0,0,0.0,0.0,0,LOW
XYZ20T100498,2026-07-29,24982.4,85.79,90.17,0.233,48.38,32.34,0,0,0,0.0,0.0,0,LOW
XYZ20T100499,2026-07-29,15859.2,76.06,80.27,-0.274,31.34,34.5,0,0,0,0.0,0.0,0,LOW
XYZ20T100500,2026-07-29,1545.6,85.52,92.45,0.184,36.87,36.54,0,0,0,0.0,0.0,0,LOW
XYZ20T100503,2026-07-29,11230.0,78.63,85.28,-0.051,59.98,33.19,0,0,0,0.0,0.0,0,LOW
XYZ20T100507,2026-07-29,5645.6,77.42,80.66,-0.673,53.57,32.39,0,0,0,0.0,0.0,0,LOW
XYZ20T100517,2026-07-29,8024.0,84.85,88.57,0.446,77.27,33.9,0,0,0,0.0,0.0,0,LOW
XYZ20T100528,2026-07-29,15144.6,78.54,81.78,-0.449,51.6,32.46,0,0,0,0.0,0.0,0,LOW
XYZ20T100529,2026-07-29,16359.6,83.1,89.93,-0.047,58.65,34.67,0,0,0,0.0,0.0,0,LOW
XYZ20T100533,2026-07-29,2029.7,83.28,88.95,-0.064,62.33,36.55,0,0,0,0.0,0.0,0,LOW
XYZ20T100537,2026-07-29,23296.7,77.68,82.51,-1.646,57.05,35.65,0,0,0,0.0,0.0,0,LOW
XYZ20T100541,2026-07-29,13140.9,85.06,92.34,0.469,59.13,30.6,0,1,0,0.0,0.0,0,LOW
XYZ20T100551,2026-07-29,13060.4,81.81,85.38,-0.11,73.08,41.08,0,0,0,0.0,0.0,0,LOW
XYZ20T100552,2026-07-29,3542.1,80.76,85.12,-0.08,62.36,31.83,0,0,0,0.0,0.0,0,LOW
XYZ20T100556,2026-07-29,11137.0,81.77,86.11,0.21,65.66,40.44,0,0,0,0.0,0.0,0,LOW
XYZ20T100557,2026-07-29,8952.9,87.95,92.3,-0.302,63.81,32.42,0,0,0,0.0,0.0,0,LOW
XYZ20T100560,2026-07-29,880.5,78.96,85.27,0.13,49.37,40.53,0,0,0,0.0,0.0,0,LOW
XYZ20T100569,2026-07-29,9710.1,80.8,87.05,-0.13,63.59,31.92,0,0,0,0.0,0.0,0,LOW
XYZ20T100573,2026-07-29,2680.7,80.72,86.84,-0.219,78.3,32.99,0,0,0,0.0,0.0,0,LOW
XYZ20T100580,2026-07-29,7037.5,84.27,87.64,-0.184,54.79,32.31,0,0,0,0.0,0.0,0,LOW
XYZ20T100581,2026-07-29,11375.2,83.01,88.03,-0.151,55.43,29.26,0,0,0,0.0,0.0,0,LOW
XYZ20T100583,2026-07-29,14409.5,87.48,93.62,-0.065,67.54,31.4,0,0,0,0.0,0.0,0,LOW
XYZ20T100586,2026-07-29,11285.5,76.6,82.41,-0.491,38.22,21.25,0,0,0,0.0,0.0,0,LOW
XYZ20T100591,2026-07-29,14092.9,85.02,91.45,-0.618,39.08,34.96,0,0,0,0.0,0.0,0,LOW
XYZ20T100592,2026-07-29,24215.1,84.43,90.07,-0.595,58.2,23.95,0,0,0,0.0,0.0,0,LOW
XYZ20T100594,2026-07-29,12492.2,82.55,88.11,-0.387,52.78,37.29,0,0,0,0.0,0.0,0,LOW
XYZ20T100595,2026-07-29,8058.0,84.15,89.58,0.226,59.2,38.76,0,0,0,0.0,0.0,0,LOW
XYZ20T100597,2026-07-29,2553.3,79.45,84.08,-2.217,58.42,29.38,0,0,0,0.0,0.0,0,LOW
XYZ20T100600,2026-07-29,19911.7,80.74,86.03,-0.121,65.57,24.63,0,0,0,0.0,0.0,0,LOW
XYZ20T100604,2026-07-29,4320.7,82.46,86.52,-0.033,58.58,38.92,0,0,0,0.0,0.0,0,LOW
XYZ20T100610,2026-07-29,18905.7,81.09,85.46,0.118,67.48,40.99,0,0,0,0.0,0.0,0,LOW
XYZ20T100621,2026-07-29,8499.0,88.11,91.79,0.141,70.78,27.86,0,0,0,0.0,0.0,0,LOW
XYZ20T100624,2026-07-29,5376.9,82.67,86.02,-0.068,70.18,31.13,0,0,0,0.0,0.0,0,LOW
XYZ20T100625,2026-07-29,7056.7,82.72,87.03,-1.56,46.13,44.73,0,0,0,0.0,0.0,0,LOW
XYZ20T100630,2026-07-29,6275.7,84.38,89.47,0.35,83.37,38.05,0,0,0,0.0,0.0,0,LOW
XYZ20T100633,2026-07-29,2823.2,77.2,80.49,-0.053,56.33,30.62,0,0,0,0.0,0.0,0,LOW
XYZ20T100636,2026-07-29,13115.6,80.77,84.76,0.512,69.19,34.08,0,0,0,0.0,0.0,0,LOW
XYZ20T100641,2026-07-29,14913.1,87.88,93.71,0.453,58.44,26.84,0,0,0,0.0066,0.7,0,LOW
XYZ20T100643,2026-07-29,4289.9,80.6,86.11,-0.224,47.4,28.08,0,0,0,0.0,0.0,0,LOW
XYZ20T100652,2026-07-29,665.4,86.64,89.75,-0.075,48.4,30.92,0,0,0,0.0,0.0,0,LOW
XYZ20T100656,2026-07-29,15945.5,81.98,86.76,-0.462,50.12,31.41,0,0,0,0.0,0.0,0,LOW
XYZ20T100662,2026-07-29,17220.2,85.46,92.1,-0.054,64.05,30.97,0,0,0,0.0,0.0,0,LOW
XYZ20T100675,2026-07-29,10108.3,82.89,86.42,0.353,55.8,32.23,0,0,0,0.0,0.0,0,LOW
XYZ20T100676,2026-07-29,18347.1,86.26,89.97,0.044,57.99,38.34,0,0,0,0.0,0.0,0,LOW
XYZ20T100684,2026-07-29,5730.7,78.44,82.68,-0.172,51.47,28.53,0,0,0,0.0,0.0,0,LOW
XYZ20T100685,2026-07-29,1656.7,80.41,85.54,-0.46,47.27,37.53,0,0,0,0.0,0.0,0,LOW
XYZ20T100704,2026-07-29,8866.2,78.63,85.35,-0.274,57.14,24.88,0,0,0,0.0,0.0,0,LOW
XYZ20T100712,2026-07-29,535.0,85.7,92.27,0.023,53.33,30.26,0,0,0,0.0,0.0,0,LOW
XYZ20T100714,2026-07-29,19117.3,81.94,88.36,0.0,55.72,33.58,0,0,0,0.0,0.0,0,LOW
XYZ20T100716,2026-07-29,6112.7,81.78,86.09,0.196,82.15,38.04,0,0,0,0.0,0.0,0,LOW
XYZ20T100724,2026-07-29,4638.0,79.78,84.59,0.211,58.13,27.86,0,0,0,0.0,0.0,0,LOW
XYZ20T100726,2026-07-29,6429.3,82.75,89.01,-0.058,44.09,32.09,0,0,0,0.0,0.0,0,LOW
XYZ20T100730,2026-07-29,5803.4,84.58,88.88,0.247,58.73,39.88,0,0,0,0.0,0.0,0,LOW
XYZ20T100740,2026-07-29,12448.2,83.98,87.71,0.482,54.33,30.43,0,0,0,0.0,0.0,0,LOW
XYZ20T100747,2026-07-29,1672.8,81.68,88.58,-0.14,75.93,35.25,0,0,0,0.0,0.0,0,LOW
XYZ20T100759,2026-07-29,11490.4,92.0,99.51,0.22,61.9,30.28,0,0,0,0.0461,4.6,0,LOW
XYZ20T100764,2026-07-29,19274.4,82.85,85.86,-0.012,46.15,31.3,0,0,0,0.0,0.0,0,LOW
XYZ20T100766,2026-07-29,19798.6,79.42,84.56,0.013,56.14,35.36,0,0,0,0.0,0.0,0,LOW
XYZ20T100773,2026-07-29,16970.0,79.72,83.72,-0.419,72.45,34.27,1,0,0,0.0,0.0,0,LOW
XYZ20T100778,2026-07-29,923.2,81.0,84.22,-0.189,62.28,32.1,0,0,0,0.0,0.0,0,LOW
XYZ20T100781,2026-07-29,15888.4,83.21,87.77,0.602,63.38,35.26,0,0,0,0.0,0.0,0,LOW
XYZ20T100793,2026-07-29,24933.2,76.92,80.08,-0.115,44.26,34.17,0,0,0,0.0,0.0,0,LOW
XYZ20T100796,2026-07-29,9767.4,86.28,89.54,0.258,45.89,32.19,0,0,0,0.0,0.0,0,LOW
XYZ20T100809,2026-07-29,6317.4,83.49,88.6,-0.026,75.7,34.42,0,0,0,0.0,0.0,0,LOW
XYZ20T100826,2026-07-29,17676.6,80.77,85.39,-0.088,83.76,33.2,0,0,0,0.0,0.0,0,LOW
XYZ20T100827,2026-07-29,10015.5,85.54,90.11,0.128,60.43,34.14,0,0,0,0.0,0.0,0,LOW
XYZ20T100829,2026-07-29,15129.4,88.57,94.05,0.497,72.67,41.54,0,0,0,0.0,0.0,0,LOW
XYZ20T100832,2026-07-29,16831.7,84.0,87.1,0.305,50.11,32.76,0,0,0,0.0,0.0,0,LOW
XYZ20T100833,2026-07-29,3873.4,85.71,92.44,-1.169,65.35,33.81,0,0,0,0.0,0.0,0,LOW
XYZ20T100840,2026-07-29,11059.9,86.52,90.02,-0.165,71.29,39.8,0,0,0,0.0,0.0,0,LOW
XYZ20T100844,2026-07-29,3037.5,80.6,87.36,0.054,51.74,36.58,0,0,0,0.0,0.0,0,LOW
XYZ20T100848,2026-07-29,12995.0,78.2,82.96,0.303,62.34,29.17,0,0,0,0.0,0.0,0,LOW
XYZ20T100849,2026-07-29,10671.9,78.45,84.04,-0.359,64.56,33.73,0,0,0,0.0,0.0,0,LOW
XYZ20T100851,2026-07-29,22431.7,77.47,81.19,-0.173,53.96,29.37,0,0,0,0.0,0.0,0,LOW
XYZ20T100856,2026-07-29,20213.6,81.2,88.13,-0.25,65.49,27.41,0,0,0,0.0,0.0,0,LOW
XYZ20T100858,2026-07-29,3009.0,91.27,94.45,0.59,84.54,37.05,0,0,0,0.0063,0.6,0,LOW
XYZ20T100868,2026-07-29,21281.4,80.73,84.23,-2.061,44.73,34.93,0,0,0,0.0,0.0,0,LOW
XYZ20T100869,2026-07-29,4339.6,83.07,89.78,-0.46,59.92,25.79,0,0,0,0.0,0.0,0,LOW
XYZ20T100871,2026-07-29,8902.5,78.54,82.71,-0.249,35.93,32.88,0,0,0,0.0,0.0,0,LOW
XYZ20T100877,2026-07-29,17905.8,84.8,89.38,0.328,54.73,42.83,0,0,0,0.0,0.0,0,LOW
XYZ20T100879,2026-07-29,9889.9,78.89,82.31,-2.474,47.23,32.89,0,0,0,0.0,0.0,0,LOW
XYZ20T100881,2026-07-29,11899.4,85.25,91.94,-0.336,63.32,31.38,0,0,0,0.0,0.0,0,LOW
XYZ20T100884,2026-07-29,5765.7,86.34,90.71,0.132,64.93,32.17,0,0,0,0.0,0.0,0,LOW
XYZ20T100899,2026-07-29,10323.8,77.72,83.99,0.05,46.3,33.58,0,0,0,0.0,0.0,0,LOW
XYZ20T100901,2026-07-29,6539.5,80.73,87.03,-0.94,89.09,34.33,0,0,0,0.0,0.0,0,LOW
XYZ20T100902,2026-07-29,22481.9,78.65,83.07,0.152,47.72,33.41,0,0,0,0.0,0.0,0,LOW
XYZ20T100907,2026-07-29,14914.6,83.18,86.32,0.296,63.45,36.96,0,0,0,0.0,0.0,0,LOW
XYZ20T100908,2026-07-29,1965.5,87.48,93.4,0.226,74.21,32.01,0,0,0,0.0,0.0,0,LOW
XYZ20T100911,2026-07-29,2972.7,88.18,95.02,-0.479,81.23,34.9,0,0,0,0.0033,0.3,0,LOW
XYZ20T100915,2026-07-29,7697.0,80.24,85.38,0.243,55.06,35.4,0,0,0,0.0,0.0,0,LOW
XYZ20T100919,2026-07-29,9567.1,79.23,82.25,-0.332,86.18,35.04,0,0,0,0.0,0.0,0,LOW
XYZ20T100924,2026-07-29,13824.5,85.31,92.09,0.217,65.84,36.63,0,0,0,0.01,1.0,0,LOW
XYZ20T100926,2026-07-29,18347.6,83.15,89.56,0.031,72.78,35.61,0,0,0,0.0,0.0,0,LOW
XYZ20T100934,2026-07-29,4697.4,77.65,81.14,-0.013,42.8,32.86,0,0,0,0.0,0.0,0,LOW
XYZ20T100947,2026-07-29,3966.9,84.61,90.18,0.047,72.58,33.37,0,0,0,0.0,0.0,0,LOW
XYZ20T100976,2026-07-29,2156.9,81.17,84.32,0.334,55.62,36.61,0,0,0,0.0,0.0,0,LOW
XYZ20T100978,2026-07-29,17609.0,85.88,89.17,0.083,68.89,36.06,0,0,0,0.0,0.0,0,LOW
XYZ20T100986,2026-07-29,5257.4,85.57,90.7,0.04,69.9,31.32,0,0,0,0.0,0.0,0,LOW
XYZ20T100988,2026-07-29,12995.0,81.24,86.32,-0.236,64.74,30.81,0,0,0,0.0,0.0,0,LOW
XYZ20T100989,2026-07-29,4880.9,85.02,88.84,-0.099,63.09,40.1,0,0,0,0.0,0.0,0,LOW
XYZ20T100991,2026-07-29,4746.9,86.21,91.0,0.114,66.28,35.32,0,0,0,0.0,0.0,0,LOW
XYZ20T100992,2026-07-29,3529.2,79.65,85.45,-0.009,69.67,33.08,0,0,0,0.0,0.0,0,LOW
XYZ20T100993,2026-07-29,3062.3,79.2,85.72,-0.632,72.22,33.02,0,0,0,0.0,0.0,0,LOW
XYZ20T100999,2026-07-29,5818.2,78.76,84.99,-0.471,42.41,43.54,0,0,0,0.0,0.0,0,LOW
XYZ20T101011,2026-07-29,4092.3,88.37,92.32,0.076,72.55,32.58,0,0,0,0.0,0.0,0,LOW
XYZ20T101013,2026-07-29,8796.7,85.6,89.29,0.254,75.25,40.03,0,0,0,0.0,0.0,0,LOW
XYZ20T101017,2026-07-29,15820.3,81.28,84.48,0.017,62.69,39.54,0,0,0,0.0,0.0,0,LOW
XYZ20T101030,2026-07-29,14518.1,81.87,87.77,-0.913,45.28,38.06,0,0,0,0.0,0.0,0,LOW
XYZ20T101041,2026-07-29,11186.0,90.22,95.49,-0.131,86.23,40.44,0,0,0,0.0,0.0,0,LOW
XYZ20T101067,2026-07-29,4474.0,80.53,86.26,-1.544,48.0,27.69,0,0,0,0.0,0.0,0,LOW
XYZ20T101069,2026-07-29,20735.8,86.81,93.32,0.143,43.14,40.27,0,0,0,0.0,0.0,0,LOW
XYZ20T101070,2026-07-29,893.7,89.73,96.46,-0.088,60.75,29.2,0,0,0,0.026,2.6,0,LOW
XYZ20T101080,2026-07-29,2829.7,82.29,86.95,0.654,69.42,32.25,0,0,0,0.0,0.0,0,LOW
XYZ20T101090,2026-07-29,995.1,86.37,93.31,0.11,46.12,32.96,0,0,0,0.0,0.0,0,LOW
XYZ20T101094,2026-07-29,13452.9,82.42,87.28,0.55,59.54,32.66,0,0,0,0.0033,0.3,0,LOW
XYZ20T101096,2026-07-29,2548.1,83.95,89.93,-0.043,77.17,33.77,0,0,0,0.0,0.0,0,LOW
XYZ20T101100,2026-07-29,5679.8,86.46,93.03,-0.064,57.73,27.43,0,0,0,0.0,0.0,0,LOW
XYZ20T101102,2026-07-29,24980.6,81.94,86.39,0.25,66.03,41.21,0,0,0,0.0,0.0,0,LOW
XYZ20T101107,2026-07-29,15919.4,81.06,85.64,0.156,74.88,30.31,0,0,0,0.0,0.0,0,LOW
XYZ20T101112,2026-07-29,5953.2,75.98,80.91,-0.85,47.72,29.73,0,0,0,0.0,0.0,0,LOW
XYZ20T101117,2026-07-29,3164.3,84.25,88.18,-0.081,31.74,42.55,0,0,0,0.0066,0.7,0,LOW
XYZ20T101120,2026-07-29,12982.6,84.48,88.43,-0.325,55.4,29.32,0,0,0,0.0033,0.3,0,LOW
XYZ20T101122,2026-07-29,10804.4,84.28,89.47,0.154,81.08,36.22,0,0,0,0.0,0.0,0,LOW
XYZ20T101132,2026-07-29,3718.7,80.77,84.01,0.032,53.29,30.61,0,0,0,0.0,0.0,0,LOW
XYZ20T101134,2026-07-29,21258.1,81.78,84.81,-1.801,42.88,29.15,0,0,0,0.0,0.0,0,LOW
XYZ20T101142,2026-07-29,5122.6,81.88,88.85,0.003,46.09,34.44,0,0,0,0.0,0.0,0,LOW
XYZ20T101147,2026-07-29,24527.2,81.0,84.77,-0.76,65.21,30.43,0,0,0,0.0,0.0,0,LOW
XYZ20T101149,2026-07-29,12536.1,78.86,84.94,0.582,49.8,33.03,0,0,0,0.0,0.0,0,LOW
XYZ20T101150,2026-07-29,16983.4,77.73,81.07,-0.083,65.01,32.56,0,0,0,0.0,0.0,0,LOW
XYZ20T101153,2026-07-29,4065.4,86.1,91.21,-0.142,54.93,34.63,0,0,0,0.0,0.0,0,LOW
XYZ20T101156,2026-07-29,10618.6,78.19,84.74,-0.206,29.95,30.36,0,0,0,0.0,0.0,0,LOW
XYZ20T101158,2026-07-29,5839.8,87.53,93.18,-0.152,74.81,34.56,0,0,0,0.0,0.0,0,LOW
XYZ20T101165,2026-07-29,18442.2,76.33,79.82,-0.568,64.14,32.47,0,0,0,0.0,0.0,0,LOW
XYZ20T101169,2026-07-29,11427.5,78.55,83.4,-0.254,70.89,37.26,0,0,0,0.0,0.0,0,LOW
XYZ20T101173,2026-07-29,398.6,83.76,89.59,0.007,84.35,28.32,0,0,0,0.0,0.0,0,LOW
XYZ20T101175,2026-07-29,5051.6,85.69,88.97,-0.272,62.9,24.85,0,0,0,0.0,0.0,0,LOW
XYZ20T101192,2026-07-29,5558.4,88.0,94.81,0.286,66.1,46.8,0,0,0,0.0,0.0,0,LOW
XYZ20T101205,2026-07-29,8729.8,81.04,84.5,0.297,63.38,37.95,0,0,0,0.0,0.0,0,LOW
XYZ20T101208,2026-07-29,10558.3,84.16,87.79,-0.012,47.49,20.0,0,0,0,0.0,0.0,0,LOW
XYZ20T101210,2026-07-29,7365.7,84.37,87.59,-0.472,66.59,34.0,0,0,0,0.0,0.0,0,LOW
XYZ20T101215,2026-07-29,13733.1,88.57,92.59,-2.029,66.53,25.97,0,0,0,0.0,0.0,0,LOW
XYZ20T101216,2026-07-29,1286.5,79.26,85.95,-0.05,54.78,27.4,0,0,0,0.0,0.0,0,LOW
XYZ20T101220,2026-07-29,17344.9,88.44,91.46,0.271,53.27,29.58,0,0,0,0.0,0.0,0,LOW
XYZ20T101222,2026-07-29,24813.9,82.01,86.8,0.437,62.33,37.16,0,0,0,0.0,0.0,0,LOW
XYZ20T101227,2026-07-29,743.4,84.99,89.94,-0.709,44.36,36.02,0,0,0,0.0,0.0,0,LOW
XYZ20T101233,2026-07-29,10789.2,84.56,90.51,-2.251,45.17,36.51,0,0,0,0.0,0.0,0,LOW
XYZ20T101236,2026-07-29,10290.9,87.38,90.75,-0.489,59.74,35.22,0,0,0,0.0,0.0,0,LOW
XYZ20T101237,2026-07-29,1109.9,82.82,88.75,0.134,59.2,32.02,0,0,0,0.0,0.0,0,LOW
XYZ20T101240,2026-07-29,2726.5,80.52,85.06,-0.045,84.11,32.73,0,0,0,0.0,0.0,0,LOW
XYZ20T101242,2026-07-29,13430.3,85.16,90.14,-0.18,76.98,32.83,0,0,0,0.0,0.0,0,LOW
XYZ20T101273,2026-07-29,14682.2,85.47,92.25,0.076,47.61,38.24,0,0,0,0.0,0.0,0,LOW
XYZ20T101274,2026-07-29,3302.2,81.47,85.36,0.015,73.23,31.31,0,0,0,0.0,0.0,0,LOW
XYZ20T101275,2026-07-29,6716.6,78.91,82.14,0.073,53.17,31.11,0,0,0,0.0,0.0,0,LOW
XYZ20T101277,2026-07-29,14972.7,80.94,86.67,-0.009,51.42,32.37,0,0,0,0.0,0.0,0,LOW
XYZ20T101280,2026-07-29,1151.4,84.32,89.24,0.406,55.31,34.47,0,0,0,0.0,0.0,0,LOW
XYZ20T101286,2026-07-29,2293.6,82.11,86.5,0.424,77.72,35.35,0,0,0,0.0,0.0,0,LOW
XYZ20T101290,2026-07-29,14109.1,78.1,81.26,-0.366,48.45,32.44,0,0,0,0.0,0.0,0,LOW
XYZ20T101298,2026-07-29,22060.7,88.25,92.79,0.035,63.81,34.83,0,0,0,0.0,0.0,0,LOW
XYZ20T101299,2026-07-29,6378.2,82.17,86.08,0.067,45.51,34.8,0,0,0,0.0,0.0,0,LOW
XYZ20T101301,2026-07-29,18623.6,78.74,82.6,0.228,61.61,38.62,0,0,0,0.0,0.0,0,LOW
XYZ20T101306,2026-07-29,1155.6,81.09,86.33,-0.188,60.43,26.4,0,0,0,0.0,0.0,0,LOW
XYZ20T101308,2026-07-29,8652.6,85.29,91.62,0.155,50.63,43.02,1,0,0,0.0,0.0,0,LOW
XYZ20T101317,2026-07-29,699.2,83.0,87.82,-0.167,37.09,32.42,0,0,0,0.0,0.0,0,LOW
XYZ20T101318,2026-07-29,7726.0,83.86,88.98,-0.117,55.21,41.46,0,0,0,0.0,0.0,0,LOW
XYZ20T101319,2026-07-29,20980.5,85.4,89.11,-0.206,66.08,31.99,0,0,0,0.0,0.0,0,LOW
XYZ20T101326,2026-07-29,4185.5,88.64,93.35,0.492,84.0,41.23,0,0,0,0.0066,0.7,0,LOW
XYZ20T101334,2026-07-29,6080.8,85.53,89.22,0.065,58.02,34.56,0,0,0,0.0,0.0,0,LOW
XYZ20T101349,2026-07-29,13255.8,77.22,80.66,0.325,45.33,37.75,0,0,0,0.0,0.0,0,LOW
XYZ20T101361,2026-07-29,2963.8,87.43,93.33,0.054,56.71,37.26,0,0,0,0.0099,1.0,0,LOW
XYZ20T101369,2026-07-29,10362.8,86.65,91.29,0.06,48.95,38.48,0,0,0,0.0,0.0,0,LOW
XYZ20T101374,2026-07-29,13373.9,79.91,84.33,0.2,57.9,29.1,0,0,0,0.0,0.0,0,LOW
XYZ20T101384,2026-07-29,14938.9,82.53,89.14,-0.249,53.52,35.67,0,0,0,0.0,0.0,0,LOW
XYZ20T101385,2026-07-29,13595.6,78.75,82.96,-2.251,58.61,27.92,0,0,0,0.0,0.0,0,LOW
XYZ20T101393,2026-07-29,17493.5,88.22,91.41,-0.071,72.02,37.42,0,0,0,0.0,0.0,0,LOW
XYZ20T101406,2026-07-29,16682.2,79.21,84.63,0.17,66.93,42.11,0,0,0,0.0,0.0,0,LOW
XYZ20T101413,2026-07-29,14123.2,85.92,89.56,-0.01,42.64,38.73,0,0,0,0.0,0.0,0,LOW
XYZ20T101419,2026-07-29,12455.5,83.11,89.33,-1.823,58.36,36.09,0,0,0,0.0,0.0,0,LOW
XYZ20T101423,2026-07-29,19095.6,88.82,92.08,0.146,67.18,38.19,0,0,0,0.0,0.0,0,LOW
XYZ20T101428,2026-07-29,6281.2,86.48,91.65,-0.088,49.64,38.06,0,0,0,0.0,0.0,0,LOW
XYZ20T101431,2026-07-29,24986.3,85.97,89.83,-0.409,64.59,30.5,0,0,0,0.0,0.0,0,LOW
XYZ20T101434,2026-07-29,11480.0,84.88,89.1,0.191,55.56,34.5,0,0,0,0.0,0.0,0,LOW
XYZ20T101435,2026-07-29,12965.7,81.52,84.6,0.081,74.52,32.73,0,0,0,0.0,0.0,0,LOW
XYZ20T101437,2026-07-29,3339.1,84.97,89.63,-0.186,59.72,24.56,0,0,0,0.0,0.0,0,LOW
XYZ20T101446,2026-07-29,9290.8,81.87,87.11,0.302,68.52,36.56,0,0,0,0.0,0.0,0,LOW
XYZ20T101468,2026-07-29,8370.0,85.22,88.84,-0.111,78.85,37.68,0,0,0,0.0,0.0,0,LOW
XYZ20T101479,2026-07-29,1451.8,78.69,84.95,-2.163,50.29,38.13,0,0,0,0.0,0.0,0,LOW
XYZ20T101484,2026-07-29,14458.1,80.5,85.09,0.426,55.87,37.64,0,0,0,0.0,0.0,0,LOW
XYZ20T101491,2026-07-29,13835.3,82.59,88.04,-0.182,59.38,33.12,0,0,0,0.0,0.0,0,LOW
XYZ20T101498,2026-07-29,13506.6,77.73,83.87,-0.362,59.29,30.64,0,0,0,0.0,0.0,0,LOW
XYZ20T101500,2026-07-29,4318.1,79.29,83.86,-0.146,52.39,31.13,0,0,0,0.0,0.0,0,LOW
XYZ20T101501,2026-07-29,16339.3,86.86,92.05,-0.329,59.5,34.37,0,0,0,0.0,0.0,0,LOW
XYZ20T101502,2026-07-29,10784.4,77.8,80.93,-0.36,60.42,34.56,0,0,0,0.0,0.0,0,LOW
XYZ20T101504,2026-07-29,7318.9,79.45,83.89,0.004,60.01,31.44,0,0,0,0.0,0.0,0,LOW
XYZ20T101511,2026-07-29,677.5,82.3,87.92,-0.128,48.27,44.4,0,0,0,0.0,0.0,0,LOW
XYZ20T101519,2026-07-29,13923.9,81.01,87.14,0.28,53.91,39.17,0,0,0,0.0,0.0,0,LOW
XYZ20T101525,2026-07-29,8305.1,84.29,87.58,-0.267,50.17,28.86,0,0,0,0.0,0.0,0,LOW
XYZ20T101526,2026-07-29,1270.9,79.43,83.13,0.184,61.63,34.65,0,0,0,0.0,0.0,0,LOW
XYZ20T101530,2026-07-29,20218.5,86.47,90.13,0.183,69.88,32.8,0,0,0,0.0,0.0,0,LOW
XYZ20T101534,2026-07-29,5924.2,78.43,83.59,-0.369,51.66,41.22,0,0,0,0.0,0.0,0,LOW
XYZ20T101549,2026-07-29,2051.3,78.44,83.39,-0.049,37.47,40.97,0,0,0,0.0,0.0,0,LOW
XYZ20T101550,2026-07-29,5106.2,80.2,86.74,0.717,71.16,43.96,0,0,0,0.0,0.0,0,LOW
XYZ20T101551,2026-07-29,631.1,80.19,83.92,-0.321,59.0,34.74,0,0,0,0.0,0.0,0,LOW
XYZ20T101555,2026-07-29,12575.5,85.25,88.69,-0.233,65.11,35.74,0,0,0,0.0,0.0,0,LOW
XYZ20T101558,2026-07-29,6166.2,81.28,87.1,0.25,76.11,33.03,0,0,0,0.0,0.0,0,LOW
XYZ20T101562,2026-07-29,14240.5,84.5,88.81,-0.03,72.22,42.44,0,0,0,0.0,0.0,0,LOW
XYZ20T101567,2026-07-29,17246.2,80.07,86.52,0.275,47.98,29.97,0,0,0,0.0,0.0,0,LOW
XYZ20T101573,2026-07-29,2004.8,85.47,90.24,0.475,52.57,32.81,0,0,0,0.0,0.0,0,LOW
XYZ20T101582,2026-07-29,15538.2,80.21,86.8,0.154,56.76,35.75,0,0,0,0.0,0.0,0,LOW
XYZ20T101586,2026-07-29,16447.2,84.07,88.96,0.072,39.23,41.26,0,0,0,0.0,0.0,0,LOW
XYZ20T101593,2026-07-29,412.7,78.71,83.81,-0.065,55.01,29.48,0,0,0,0.0,0.0,0,LOW
XYZ20T101594,2026-07-29,12800.6,81.52,85.89,0.607,47.66,39.83,0,0,0,0.0,0.0,0,LOW
XYZ20T101629,2026-07-29,5932.6,79.32,85.17,0.246,49.9,37.11,0,0,0,0.0,0.0,0,LOW
XYZ20T101633,2026-07-29,13139.0,81.71,85.69,0.009,63.02,29.74,0,0,0,0.0,0.0,0,LOW
XYZ20T101659,2026-07-29,6277.2,85.38,91.35,-0.129,80.36,33.32,0,0,0,0.0,0.0,0,LOW
XYZ20T101662,2026-07-29,11553.9,78.46,84.22,-0.265,71.32,28.27,0,0,0,0.0,0.0,0,LOW
XYZ20T101663,2026-07-29,20878.0,83.11,88.07,0.475,64.67,37.68,0,0,0,0.0,0.0,0,LOW
XYZ20T101669,2026-07-29,4413.2,84.46,90.05,0.047,65.87,38.12,0,0,0,0.0,0.0,0,LOW
XYZ20T101677,2026-07-29,4188.5,82.65,87.05,0.107,79.4,27.75,0,0,0,0.0,0.0,0,LOW
XYZ20T101678,2026-07-29,5548.1,77.03,83.19,-0.234,66.23,25.79,0,0,0,0.0,0.0,0,LOW
XYZ20T101685,2026-07-29,11682.9,80.37,83.4,0.258,27.2,37.84,0,0,0,0.0,0.0,0,LOW
XYZ20T101692,2026-07-29,475.5,80.45,87.32,-0.413,59.06,27.93,0,0,0,0.0,0.0,0,LOW
XYZ20T101693,2026-07-29,22617.5,81.36,84.65,-0.328,79.1,35.39,0,0,0,0.0,0.0,0,LOW
XYZ20T101696,2026-07-29,15681.5,83.02,88.96,-0.135,62.47,31.45,0,0,0,0.0,0.0,0,LOW
XYZ20T101698,2026-07-29,4820.7,81.57,88.41,-0.327,57.25,27.13,0,0,0,0.0,0.0,0,LOW
XYZ20T101699,2026-07-29,24996.2,77.9,82.71,-0.01,33.49,40.99,0,0,0,0.0,0.0,0,LOW
XYZ20T101702,2026-07-29,2324.2,83.2,88.02,0.484,76.04,35.86,0,0,0,0.0,0.0,0,LOW
XYZ20T101718,2026-07-29,2632.8,83.63,86.87,-0.601,53.83,31.74,0,0,0,0.0,0.0,0,LOW
XYZ20T101728,2026-07-29,610.0,85.78,90.84,0.076,36.49,42.15,0,0,0,0.0,0.0,0,LOW
XYZ20T101733,2026-07-29,9331.4,90.45,94.05,-0.035,84.68,38.23,0,0,0,0.0,0.0,0,LOW
XYZ20T101735,2026-07-29,12625.2,76.84,83.08,-0.116,53.27,33.94,0,0,0,0.0,0.0,0,LOW
XYZ20T101740,2026-07-29,16778.9,80.83,87.04,-0.138,68.55,33.02,0,0,0,0.0,0.0,0,LOW
XYZ20T101764,2026-07-29,6406.0,84.01,88.47,0.125,66.9,37.09,0,0,0,0.0,0.0,0,LOW
XYZ20T101767,2026-07-29,1784.5,83.74,87.09,0.277,46.44,30.15,0,0,0,0.0,0.0,0,LOW
XYZ20T101768,2026-07-29,3775.7,83.13,87.21,-0.169,73.0,33.06,0,0,0,0.0,0.0,0,LOW
XYZ20T101773,2026-07-29,11735.3,78.96,84.42,-0.318,64.15,31.19,0,0,0,0.0,0.0,0,LOW
XYZ20T101782,2026-07-29,4288.7,80.24,83.85,0.263,57.21,29.26,0,0,0,0.0,0.0,0,LOW
XYZ20T101789,2026-07-29,8770.7,75.78,79.01,-0.345,57.81,20.54,0,0,0,0.0,0.0,0,LOW
XYZ20T101790,2026-07-29,4302.1,84.96,90.62,-1.579,45.59,32.18,0,0,0,0.0,0.0,0,LOW
XYZ20T101791,2026-07-29,16838.2,83.79,88.34,-0.561,36.56,30.26,0,0,0,0.0,0.0,0,LOW
XYZ20T101792,2026-07-29,1522.4,87.54,94.4,0.299,59.0,35.34,0,0,0,0.0,0.0,0,LOW
XYZ20T101794,2026-07-29,10855.4,84.67,89.73,-0.317,35.87,34.23,0,0,0,0.0,0.0,0,LOW
XYZ20T101805,2026-07-29,13098.6,84.86,88.4,0.49,74.95,28.99,0,0,0,0.0,0.0,0,LOW
XYZ20T101807,2026-07-29,10027.2,88.96,95.32,0.453,53.16,33.89,0,0,0,0.0,0.0,0,LOW
XYZ20T101809,2026-07-29,11976.4,81.37,85.02,-0.388,39.09,34.3,0,0,0,0.0,0.0,0,LOW
XYZ20T101820,2026-07-29,8541.6,84.09,89.28,-0.219,75.99,36.96,0,0,0,0.0,0.0,0,LOW
XYZ20T101825,2026-07-29,10362.9,83.64,88.48,0.124,59.17,29.39,0,0,0,0.0,0.0,0,LOW
XYZ20T101832,2026-07-29,13339.1,83.51,87.69,0.057,60.91,38.35,0,0,0,0.0,0.0,0,LOW
XYZ20T101838,2026-07-29,12961.3,78.04,84.53,0.007,64.28,34.97,0,0,0,0.0,0.0,0,LOW
XYZ20T101842,2026-07-29,6960.1,77.36,81.82,-0.193,46.66,32.35,0,0,0,0.0,0.0,0,LOW
XYZ20T101848,2026-07-29,22217.1,80.39,83.7,-0.145,53.57,39.65,0,0,0,0.0,0.0,0,LOW
XYZ20T101861,2026-07-29,9862.4,76.54,81.01,-0.442,40.65,31.91,0,0,0,0.0,0.0,0,LOW
XYZ20T101862,2026-07-29,7676.7,88.26,93.22,0.011,73.04,31.43,0,0,0,0.0,0.0,0,LOW
XYZ20T101866,2026-07-29,5566.4,77.94,84.56,-0.342,72.83,31.59,0,0,0,0.0,0.0,0,LOW
XYZ20T101868,2026-07-29,6648.5,81.39,87.08,-0.483,78.46,33.32,0,0,0,0.0,0.0,0,LOW
XYZ20T101869,2026-07-29,4276.2,76.65,80.46,-0.286,34.84,31.4,0,0,0,0.0,0.0,0,LOW
XYZ20T101884,2026-07-29,24965.7,86.31,92.97,-0.213,67.67,42.63,0,0,0,0.0,0.0,0,LOW
XYZ20T101886,2026-07-29,2679.8,86.08,89.57,-0.24,75.94,24.87,0,0,0,0.0,0.0,0,LOW
XYZ20T101892,2026-07-29,8905.0,79.48,84.32,-0.368,49.1,32.57,0,0,0,0.0,0.0,0,LOW
XYZ20T101897,2026-07-29,20105.3,80.35,83.82,0.022,57.44,43.57,0,0,0,0.0,0.0,0,LOW
XYZ20T101898,2026-07-29,11980.2,88.11,92.59,0.555,40.77,36.72,0,0,0,0.0427,4.3,0,LOW
XYZ20T101900,2026-07-29,24990.2,83.64,86.79,0.165,37.99,33.58,1,0,0,0.0,0.0,0,LOW
XYZ20T101905,2026-07-29,18317.2,79.11,83.15,-0.251,33.32,30.36,0,0,0,0.0,0.0,0,LOW
XYZ20T101912,2026-07-29,6811.2,81.88,86.53,0.363,58.82,35.68,0,0,0,0.0,0.0,0,LOW
XYZ20T101915,2026-07-29,660.4,91.97,100.88,0.803,58.77,30.63,0,1,0,0.2425,24.3,0,LOW
XYZ20T101917,2026-07-29,13603.8,81.28,85.04,-0.381,64.25,30.83,0,0,0,0.0,0.0,0,LOW
XYZ20T101921,2026-07-29,15141.8,80.25,84.29,0.105,45.61,34.94,0,0,0,0.0,0.0,0,LOW
XYZ20T101922,2026-07-29,1325.8,81.58,85.12,-1.091,44.64,31.19,0,0,0,0.0,0.0,0,LOW
XYZ20T101924,2026-07-29,14716.6,79.41,85.53,0.18,47.5,31.08,0,0,0,0.0,0.0,0,LOW
XYZ20T101928,2026-07-29,14476.4,82.35,88.12,-0.233,58.49,26.72,0,0,0,0.0,0.0,0,LOW
XYZ20T101935,2026-07-29,3652.5,86.4,90.16,-0.036,48.06,29.72,0,0,0,0.0,0.0,0,LOW
XYZ20T101946,2026-07-29,9846.2,88.33,93.32,0.286,62.14,36.37,0,0,0,0.0,0.0,0,LOW
XYZ20T101957,2026-07-29,14731.4,79.78,83.31,-0.151,77.06,34.84,0,0,0,0.0,0.0,0,LOW
XYZ20T101958,2026-07-29,25004.5,84.62,89.26,0.022,35.12,36.26,0,0,0,0.0,0.0,0,LOW
XYZ20T101959,2026-07-29,12797.3,76.72,80.9,-0.268,41.49,41.26,0,0,0,0.0,0.0,0,LOW
XYZ20T101960,2026-07-29,11807.8,80.1,85.65,0.206,56.16,33.06,0,0,0,0.0,0.0,0,LOW
XYZ20T101964,2026-07-29,3428.1,89.97,94.95,0.262,70.57,35.42,0,0,0,0.0,0.0,0,LOW
XYZ20T101965,2026-07-29,6585.9,78.75,82.66,-0.148,31.36,26.68,0,0,0,0.0,0.0,0,LOW
XYZ20T101978,2026-07-29,18290.4,80.86,86.65,-0.516,47.49,31.01,0,0,0,0.0,0.0,0,LOW
XYZ20T101983,2026-07-29,529.7,85.92,90.73,0.039,48.6,35.66,0,0,0,0.0,0.0,0,LOW
XYZ20T101996,2026-07-29,11452.8,84.41,87.91,-0.533,56.38,34.23,0,0,0,0.0,0.0,0,LOW
XYZ20T102000,2026-07-29,688.2,84.25,88.7,0.228,52.54,35.35,0,0,0,0.0,0.0,0,LOW
XYZ20T102004,2026-07-29,793.5,82.19,86.88,0.266,71.23,28.81,0,0,0,0.0,0.0,0,LOW
XYZ20T102009,2026-07-29,23433.6,87.26,92.25,0.274,58.0,41.63,0,0,0,0.0,0.0,0,LOW
XYZ20T102012,2026-07-29,3717.5,80.4,84.24,0.268,71.09,36.34,0,0,0,0.0,0.0,0,LOW
XYZ20T102025,2026-07-29,14607.6,80.62,84.58,0.168,73.49,37.7,0,0,0,0.0,0.0,0,LOW
XYZ20T102026,2026-07-29,2793.3,84.42,88.82,-0.114,39.5,28.44,0,0,0,0.0,0.0,0,LOW
XYZ20T102029,2026-07-29,17120.0,83.07,86.61,-1.216,59.44,34.97,0,0,0,0.0,0.0,0,LOW
XYZ20T102030,2026-07-29,3122.1,87.08,90.57,-0.038,71.81,32.78,0,0,0,0.0,0.0,0,LOW
XYZ20T102031,2026-07-29,2887.5,82.81,87.03,-0.583,59.12,42.17,0,0,0,0.0,0.0,0,LOW
XYZ20T102038,2026-07-29,10785.2,75.38,80.28,-0.322,40.74,26.05,0,0,0,0.0,0.0,0,LOW
XYZ20T102041,2026-07-29,7914.8,79.58,84.17,-0.126,38.09,32.33,0,0,0,0.0,0.0,0,LOW
XYZ20T102046,2026-07-29,6044.1,78.08,84.63,-0.194,34.22,34.51,0,0,0,0.0,0.0,0,LOW
XYZ20T102048,2026-07-29,9354.2,81.95,86.78,-0.849,65.38,36.38,0,0,0,0.0,0.0,0,LOW
XYZ20T102053,2026-07-29,12604.1,79.48,84.06,0.127,50.52,27.56,0,0,0,0.0,0.0,0,LOW
XYZ20T102054,2026-07-29,14076.2,86.99,93.21,-0.616,54.45,28.97,0,0,0,0.0,0.0,0,LOW
XYZ20T102055,2026-07-29,4371.2,82.38,86.95,0.165,57.48,26.99,0,0,0,0.0,0.0,0,LOW
XYZ20T102060,2026-07-29,9997.8,82.81,88.03,-0.086,34.51,34.62,0,0,0,0.0,0.0,0,LOW
XYZ20T102065,2026-07-29,9035.6,81.84,87.86,-0.193,46.92,32.23,0,0,0,0.0,0.0,0,LOW
XYZ20T102073,2026-07-29,1968.1,85.84,89.26,0.186,58.68,34.01,0,0,0,0.0,0.0,0,LOW
XYZ20T102090,2026-07-29,10043.8,83.83,90.27,-0.014,60.85,34.44,0,0,0,0.0,0.0,0,LOW
XYZ20T102097,2026-07-29,657.8,89.04,95.53,0.284,52.49,34.44,0,0,0,0.0033,0.3,0,LOW
XYZ20T102102,2026-07-29,11921.3,81.36,87.79,-0.196,71.92,34.49,0,0,0,0.0,0.0,0,LOW
XYZ20T102103,2026-07-29,4854.2,83.23,88.52,0.018,60.19,41.9,0,0,0,0.0,0.0,0,LOW
XYZ20T102108,2026-07-29,18283.7,84.68,89.35,0.198,68.37,37.64,0,0,0,0.0,0.0,0,LOW
XYZ20T102121,2026-07-29,4078.1,76.28,80.26,0.128,52.65,32.18,0,0,0,0.0,0.0,0,LOW
XYZ20T102127,2026-07-29,5632.1,80.45,85.25,-0.256,67.53,27.69,0,0,0,0.0,0.0,0,LOW
XYZ20T102132,2026-07-29,5998.5,80.43,84.36,-1.231,64.42,40.05,0,0,0,0.0,0.0,0,LOW
XYZ20T102138,2026-07-29,2092.5,82.43,86.35,0.132,68.88,29.63,0,0,0,0.0,0.0,0,LOW
XYZ20T102169,2026-07-29,4410.4,80.34,83.53,0.135,64.2,26.44,0,0,0,0.0,0.0,0,LOW
XYZ20T102176,2026-07-29,1940.7,82.76,88.74,0.13,75.14,32.57,0,0,0,0.0,0.0,0,LOW
XYZ20T102178,2026-07-29,24989.4,78.68,85.05,-0.131,61.41,35.37,0,0,0,0.0,0.0,0,LOW
XYZ20T102182,2026-07-29,18807.6,86.0,91.37,-0.142,68.51,31.33,0,0,0,0.0,0.0,0,LOW
XYZ20T102191,2026-07-29,8545.0,79.13,83.76,-0.085,43.22,37.27,0,0,0,0.0,0.0,0,LOW
XYZ20T102196,2026-07-29,13904.3,80.91,86.95,0.309,52.88,35.44,0,0,0,0.0,0.0,0,LOW
XYZ20T102203,2026-07-29,12174.6,80.47,84.38,0.392,51.14,30.81,0,0,0,0.0,0.0,0,LOW
XYZ20T102212,2026-07-29,2755.6,83.35,89.43,-0.069,52.03,20.0,0,0,0,0.0,0.0,0,LOW
XYZ20T102214,2026-07-29,19772.3,86.89,93.35,0.266,45.22,45.64,0,0,0,0.0,0.0,0,LOW
XYZ20T102217,2026-07-29,5714.9,83.83,89.67,0.475,52.75,39.13,0,0,0,0.0,0.0,0,LOW
XYZ20T102223,2026-07-29,12051.4,82.79,86.18,-0.089,62.55,33.73,0,0,0,0.0,0.0,0,LOW
XYZ20T102226,2026-07-29,3129.8,87.17,91.82,0.482,63.89,37.25,0,0,0,0.0,0.0,0,LOW
XYZ20T102230,2026-07-29,11760.6,80.59,83.78,0.242,67.69,31.52,0,0,0,0.0,0.0,0,LOW
XYZ20T102240,2026-07-29,11332.6,87.51,91.03,-1.938,74.19,40.75,0,0,0,0.0,0.0,0,LOW
XYZ20T102251,2026-07-29,12574.8,84.74,89.71,0.219,66.87,31.86,0,0,0,0.0,0.0,0,LOW
XYZ20T102259,2026-07-29,17068.6,81.47,84.63,-0.282,66.24,36.21,0,0,0,0.0,0.0,0,LOW
XYZ20T102267,2026-07-29,11816.5,86.61,93.49,0.377,71.47,38.82,0,0,0,0.0,0.0,0,LOW
XYZ20T102268,2026-07-29,12559.8,81.49,86.13,-0.176,35.11,37.37,0,0,0,0.0,0.0,0,LOW
XYZ20T102285,2026-07-29,19934.1,87.37,91.36,-1.685,64.81,33.77,0,0,0,0.0,0.0,0,LOW
XYZ20T102287,2026-07-29,2859.4,83.29,88.19,0.008,53.4,30.78,0,0,0,0.0,0.0,0,LOW
XYZ20T102291,2026-07-29,14747.6,83.03,87.38,0.315,76.65,33.27,0,0,0,0.0,0.0,0,LOW
XYZ20T102294,2026-07-29,1609.2,81.53,85.35,-0.41,74.01,35.08,0,0,0,0.0,0.0,0,LOW
XYZ20T102325,2026-07-29,14061.0,82.6,86.86,0.03,71.56,33.64,0,0,0,0.0,0.0,0,LOW
XYZ20T102327,2026-07-29,12213.0,80.76,84.28,0.176,51.64,31.1,0,0,0,0.0,0.0,0,LOW
XYZ20T102330,2026-07-29,16427.9,80.35,86.16,-0.525,52.9,33.26,0,0,0,0.0,0.0,0,LOW
XYZ20T102345,2026-07-29,20257.2,88.36,92.07,0.434,69.26,30.58,0,0,0,0.0,0.0,0,LOW
XYZ20T102348,2026-07-29,15409.7,86.88,90.91,0.229,74.04,41.67,0,0,0,0.0,0.0,0,LOW
XYZ20T102358,2026-07-29,6646.1,80.43,87.31,-0.054,81.34,37.03,0,0,0,0.0,0.0,0,LOW
XYZ20T102367,2026-07-29,3323.5,85.42,91.56,0.31,49.17,39.26,0,0,0,0.0,0.0,0,LOW
XYZ20T102369,2026-07-29,7698.5,81.45,84.66,-2.308,55.64,30.19,0,0,0,0.0,0.0,0,LOW
XYZ20T102373,2026-07-29,4486.8,82.38,87.37,-0.071,53.7,33.74,0,0,0,0.0,0.0,0,LOW
XYZ20T102375,2026-07-29,6232.7,78.04,82.4,-0.172,53.15,36.22,0,0,0,0.0,0.0,0,LOW
XYZ20T102376,2026-07-29,19685.2,87.86,90.94,-0.195,75.35,38.44,0,0,0,0.0,0.0,0,LOW
XYZ20T102389,2026-07-29,7027.6,88.0,93.78,-0.955,70.07,39.55,0,0,0,0.0,0.0,0,LOW
XYZ20T102391,2026-07-29,1681.0,85.49,91.23,0.438,54.03,41.25,0,0,0,0.0,0.0,0,LOW
XYZ20T102392,2026-07-29,14520.2,81.18,86.33,0.304,67.01,30.23,0,0,0,0.0,0.0,0,LOW
XYZ20T102403,2026-07-29,13699.6,84.11,88.18,-0.07,57.28,44.8,0,0,0,0.0,0.0,0,LOW
XYZ20T102405,2026-07-29,8373.5,82.83,87.56,0.152,69.33,38.47,0,0,0,0.0,0.0,0,LOW
XYZ20T102413,2026-07-29,10636.7,81.01,85.04,0.261,56.67,37.37,0,0,0,0.0,0.0,0,LOW
XYZ20T102420,2026-07-29,9639.8,84.24,91.2,0.366,37.9,38.96,0,0,0,0.0,0.0,0,LOW
XYZ20T102424,2026-07-29,13322.3,79.23,83.69,-2.234,55.45,24.83,0,0,0,0.0,0.0,0,LOW
XYZ20T102428,2026-07-29,10448.8,77.89,83.38,-0.266,37.99,28.07,0,0,0,0.0,0.0,0,LOW
XYZ20T102429,2026-07-29,3021.1,85.96,91.18,0.162,50.48,29.91,0,0,0,0.0,0.0,0,LOW
XYZ20T102432,2026-07-29,24988.2,83.4,87.46,0.032,66.88,42.87,0,0,0,0.0,0.0,0,LOW
XYZ20T102436,2026-07-29,1216.3,78.82,85.52,-0.331,47.14,38.01,0,0,0,0.0,0.0,0,LOW
XYZ20T102450,2026-07-29,12142.7,80.45,86.07,0.05,69.85,40.51,0,0,0,0.0,0.0,0,LOW
XYZ20T102452,2026-07-29,17272.4,84.72,89.32,0.088,59.9,40.61,0,0,0,0.0,0.0,0,LOW
XYZ20T102453,2026-07-29,7041.6,86.42,91.9,-1.155,64.09,32.54,0,0,0,0.0,0.0,0,LOW
XYZ20T102454,2026-07-29,3291.8,79.85,83.99,-0.232,58.13,33.05,0,0,0,0.0,0.0,0,LOW
XYZ20T102457,2026-07-29,7626.7,84.73,90.84,0.15,53.68,34.04,0,0,0,0.0,0.0,0,LOW
XYZ20T102462,2026-07-29,5804.8,80.66,86.02,0.289,74.3,34.4,0,0,0,0.0,0.0,0,LOW
XYZ20T102463,2026-07-29,24948.8,86.6,93.26,-0.058,55.9,28.94,0,0,0,0.0,0.0,0,LOW
XYZ20T102471,2026-07-29,4092.4,77.91,81.62,-0.113,75.67,30.85,0,0,0,0.0,0.0,0,LOW
XYZ20T102479,2026-07-29,2784.2,79.35,84.13,-0.711,77.15,31.78,0,0,0,0.0,0.0,0,LOW
XYZ20T102482,2026-07-29,14669.7,85.71,90.63,0.111,85.2,31.27,0,0,0,0.0,0.0,0,LOW
XYZ20T102488,2026-07-29,12465.5,81.92,87.95,0.349,68.91,33.38,0,0,0,0.0,0.0,0,LOW
XYZ20T102491,2026-07-29,6129.6,86.86,92.43,-0.145,47.05,33.39,0,0,0,0.0,0.0,0,LOW
XYZ20T102501,2026-07-29,927.9,88.21,94.95,0.323,63.14,32.41,0,0,0,0.0,0.0,0,LOW
XYZ20T102510,2026-07-29,10651.2,87.89,94.06,0.109,76.1,34.9,0,0,0,0.0,0.0,0,LOW
XYZ20T102517,2026-07-29,11138.5,80.57,84.92,-0.264,43.87,39.33,0,0,0,0.0,0.0,0,LOW
XYZ20T102524,2026-07-29,1210.2,80.55,85.34,-0.184,69.37,37.06,0,0,0,0.0,0.0,0,LOW
XYZ20T102527,2026-07-29,20321.4,88.27,94.19,-0.36,72.18,36.16,0,0,0,0.0,0.0,0,LOW
XYZ20T102528,2026-07-29,14431.2,83.68,88.75,0.212,71.49,28.15,0,0,0,0.0,0.0,0,LOW
XYZ20T102545,2026-07-29,24265.7,79.87,86.76,-0.007,61.97,32.87,0,0,0,0.0,0.0,0,LOW
XYZ20T102555,2026-07-29,11246.1,85.45,89.42,-0.076,77.6,37.1,0,0,0,0.0,0.0,0,LOW
XYZ20T102557,2026-07-29,22313.9,82.82,88.56,0.417,65.68,33.97,0,0,0,0.0,0.0,0,LOW
XYZ20T102561,2026-07-29,4656.7,88.01,92.5,-0.066,65.26,28.3,0,0,0,0.0,0.0,0,LOW
XYZ20T102562,2026-07-29,389.5,79.98,83.01,-0.05,60.15,28.83,0,0,0,0.0,0.0,0,LOW
XYZ20T102568,2026-07-29,17688.4,82.25,85.61,-0.195,47.35,42.53,0,0,0,0.0,0.0,0,LOW
XYZ20T102572,2026-07-29,8623.9,81.23,88.19,0.183,87.09,35.34,0,0,0,0.0,0.0,0,LOW
XYZ20T102578,2026-07-29,3782.1,84.83,88.26,0.49,56.34,38.9,0,0,0,0.0,0.0,0,LOW
XYZ20T102582,2026-07-29,11962.2,78.13,82.92,0.174,54.63,37.94,0,0,0,0.0,0.0,0,LOW
XYZ20T102587,2026-07-29,1540.9,87.36,94.06,-0.153,34.78,41.09,0,0,0,0.0033,0.3,0,LOW
XYZ20T102591,2026-07-29,18009.7,87.0,90.84,0.283,58.72,40.94,0,0,0,0.0,0.0,0,LOW
XYZ20T102597,2026-07-29,6766.6,77.52,82.01,0.111,62.35,32.9,0,0,0,0.0,0.0,0,LOW
XYZ20T102600,2026-07-29,1153.9,80.34,84.55,-0.048,71.08,27.94,0,0,0,0.0,0.0,0,LOW
XYZ20T102605,2026-07-29,23293.9,77.56,81.58,-0.026,46.77,45.05,0,0,0,0.0,0.0,0,LOW
XYZ20T102622,2026-07-29,1200.5,81.44,85.54,0.031,62.4,27.56,0,0,0,0.0,0.0,0,LOW
XYZ20T102626,2026-07-29,15378.7,86.89,91.29,-0.152,54.82,34.15,0,0,0,0.0,0.0,0,LOW
XYZ20T102629,2026-07-29,11374.7,78.84,85.08,0.174,64.5,27.98,0,0,0,0.0,0.0,0,LOW
XYZ20T102634,2026-07-29,17867.9,85.36,89.0,0.4,53.04,33.64,0,0,0,0.0,0.0,0,LOW
XYZ20T102639,2026-07-29,17256.1,79.16,84.68,-0.208,60.25,34.83,0,0,0,0.0,0.0,0,LOW
XYZ20T102640,2026-07-29,5956.9,87.02,93.32,0.166,70.0,37.18,0,0,0,0.0,0.0,0,LOW
XYZ20T102642,2026-07-29,17182.2,78.8,85.67,0.186,67.59,28.39,0,0,0,0.0,0.0,0,LOW
XYZ20T102643,2026-07-29,13648.7,83.65,90.08,0.421,66.72,33.86,0,0,0,0.0,0.0,0,LOW
XYZ20T102649,2026-07-29,16239.6,85.05,89.11,-0.091,54.55,31.96,0,0,0,0.0,0.0,0,LOW
XYZ20T102652,2026-07-29,10999.5,78.94,84.51,0.397,65.61,33.32,0,0,0,0.0,0.0,0,LOW
XYZ20T102669,2026-07-29,9866.1,85.91,92.76,-0.918,58.69,31.51,0,0,0,0.0033,0.3,0,LOW
XYZ20T102674,2026-07-29,5755.1,85.47,88.86,0.488,79.5,32.67,0,0,0,0.0,0.0,0,LOW
XYZ20T102675,2026-07-29,4068.7,85.4,88.76,-0.325,36.78,28.34,0,0,0,0.0,0.0,0,LOW
XYZ20T102688,2026-07-29,23404.0,80.28,85.91,0.198,59.52,36.53,0,0,0,0.0,0.0,0,LOW
XYZ20T102691,2026-07-29,3546.9,76.74,81.28,-0.073,59.02,34.42,0,0,0,0.0,0.0,0,LOW
XYZ20T102694,2026-07-29,10285.9,81.2,86.39,-2.318,49.82,36.07,0,0,0,0.0,0.0,0,LOW
XYZ20T102695,2026-07-29,2927.1,83.32,87.13,0.388,47.91,38.71,0,0,0,0.0,0.0,0,LOW
XYZ20T102696,2026-07-29,10451.1,76.73,82.65,0.009,40.04,31.56,0,0,0,0.0,0.0,0,LOW
XYZ20T102701,2026-07-29,9327.1,87.94,94.68,-1.624,86.68,27.09,0,0,0,0.0,0.0,0,LOW
XYZ20T102703,2026-07-29,18695.6,81.46,86.87,-0.279,35.35,36.49,0,0,0,0.0,0.0,0,LOW
XYZ20T102704,2026-07-29,9353.7,85.26,91.59,0.256,50.39,36.61,0,0,0,0.0,0.0,0,LOW
XYZ20T102706,2026-07-29,13305.8,84.95,89.14,0.447,70.66,34.44,0,0,0,0.0,0.0,0,LOW
XYZ20T102709,2026-07-29,671.0,82.65,87.23,-0.244,50.88,35.81,0,0,0,0.0,0.0,0,LOW
XYZ20T102713,2026-07-29,22058.9,85.01,89.16,0.581,67.88,41.3,0,0,0,0.0,0.0,0,LOW
XYZ20T102714,2026-07-29,4534.4,80.41,85.88,-0.149,72.37,34.9,0,0,0,0.0,0.0,0,LOW
XYZ20T102716,2026-07-29,17684.1,82.31,86.79,-0.019,71.24,32.79,0,0,0,0.0,0.0,0,LOW
XYZ20T102719,2026-07-29,13434.4,87.34,93.92,0.116,74.23,23.36,1,0,0,0.0099,1.0,0,LOW
XYZ20T102730,2026-07-29,10430.6,81.8,87.88,-0.332,50.58,29.22,0,0,0,0.0,0.0,0,LOW
XYZ20T102734,2026-07-29,1039.5,82.06,88.18,-0.257,62.69,31.5,0,0,0,0.0,0.0,0,LOW
XYZ20T102735,2026-07-29,10580.7,86.98,91.16,-0.128,83.28,28.35,0,0,0,0.0,0.0,0,LOW
XYZ20T102745,2026-07-29,20212.3,86.35,91.55,0.511,71.72,36.89,0,0,0,0.0,0.0,0,LOW
XYZ20T102761,2026-07-29,18476.7,76.72,80.4,-0.186,64.1,35.8,0,0,0,0.0,0.0,0,LOW
XYZ20T102763,2026-07-29,16150.4,90.58,96.35,-0.485,42.02,27.79,0,0,0,0.0066,0.7,0,LOW
XYZ20T102764,2026-07-29,17087.8,88.28,92.62,0.228,73.49,41.68,0,0,0,0.0,0.0,0,LOW
XYZ20T102770,2026-07-29,11909.6,85.38,90.23,0.089,49.22,30.69,0,0,0,0.0,0.0,0,LOW
XYZ20T102772,2026-07-29,1820.0,83.71,88.88,0.301,53.12,34.44,0,0,0,0.0,0.0,0,LOW
XYZ20T102784,2026-07-29,11424.3,78.9,82.04,-0.331,67.96,29.77,0,0,0,0.0,0.0,0,LOW
XYZ20T102790,2026-07-29,23247.8,82.46,86.18,-0.094,58.38,33.79,0,0,0,0.0,0.0,0,LOW
XYZ20T102791,2026-07-29,6846.1,82.04,85.37,0.392,52.48,32.86,0,0,0,0.0,0.0,0,LOW
XYZ20T102798,2026-07-29,9876.9,93.36,97.13,0.725,83.4,29.08,0,0,0,0.242,24.2,0,LOW
XYZ20T102805,2026-07-29,8535.3,81.65,85.13,-0.297,65.35,40.24,0,0,0,0.0,0.0,0,LOW
XYZ20T102806,2026-07-29,16370.9,80.54,87.5,-0.266,59.68,35.49,0,0,0,0.0,0.0,0,LOW
XYZ20T102814,2026-07-29,3709.5,79.83,86.72,-0.34,57.59,26.99,0,0,0,0.0,0.0,0,LOW
XYZ20T102815,2026-07-29,16731.2,84.8,89.2,0.033,44.65,27.56,0,0,0,0.0,0.0,0,LOW
XYZ20T102820,2026-07-29,2943.2,86.32,90.84,0.295,52.95,38.34,0,0,0,0.0,0.0,0,LOW
XYZ20T102825,2026-07-29,14012.8,85.04,89.69,-0.998,61.71,42.01,0,0,0,0.0,0.0,0,LOW
XYZ20T102833,2026-07-29,14515.0,79.81,83.44,-0.367,55.52,36.98,0,0,0,0.0,0.0,0,LOW
XYZ20T102834,2026-07-29,578.5,88.61,93.66,-2.024,57.97,35.28,0,0,0,0.0,0.0,0,LOW
XYZ20T102841,2026-07-29,2239.9,84.61,90.19,-0.137,45.61,32.71,0,0,0,0.0,0.0,0,LOW
XYZ20T102845,2026-07-29,14291.8,82.58,87.21,-0.373,60.91,32.34,0,0,0,0.0,0.0,0,LOW
XYZ20T102855,2026-07-29,1769.0,86.64,91.47,0.085,70.37,31.44,0,0,0,0.0,0.0,0,LOW
XYZ20T102856,2026-07-29,2691.0,82.3,88.75,-0.004,67.7,32.31,0,0,0,0.0,0.0,0,LOW
XYZ20T102885,2026-07-29,8217.8,83.2,88.21,0.111,48.3,32.06,1,0,0,0.0033,0.3,0,LOW
XYZ20T102891,2026-07-29,7895.2,82.29,86.0,-0.065,53.06,37.83,0,0,0,0.0,0.0,0,LOW
XYZ20T102896,2026-07-29,993.9,84.34,87.42,-0.214,58.24,35.73,0,0,0,0.0,0.0,0,LOW
XYZ20T102903,2026-07-29,1625.9,85.29,90.76,0.035,48.36,38.67,0,0,0,0.0,0.0,0,LOW
XYZ20T102904,2026-07-29,4197.2,80.31,84.99,-0.084,73.37,34.78,0,0,0,0.0,0.0,0,LOW
XYZ20T102907,2026-07-29,4233.8,88.38,95.2,0.031,78.21,32.99,0,0,0,0.0033,0.3,0,LOW
XYZ20T102910,2026-07-29,5701.4,85.17,91.51,-0.253,60.19,32.52,0,0,0,0.0,0.0,0,LOW
XYZ20T102912,2026-07-29,3939.6,86.47,92.68,-2.055,57.18,26.63,0,0,0,0.0,0.0,0,LOW
XYZ20T102919,2026-07-29,10962.0,81.44,87.76,-0.001,67.78,27.83,0,0,0,0.0,0.0,0,LOW
XYZ20T102924,2026-07-29,13304.3,91.91,95.57,0.436,86.01,37.35,0,0,0,0.0,0.0,0,LOW
XYZ20T102929,2026-07-29,7981.4,78.04,81.34,0.042,44.68,35.13,0,0,0,0.0,0.0,0,LOW
XYZ20T102933,2026-07-29,8081.4,79.68,85.41,-0.649,52.15,29.05,0,0,0,0.0,0.0,0,LOW
XYZ20T102934,2026-07-29,5406.9,85.77,90.2,0.474,72.08,36.86,0,0,0,0.0,0.0,0,LOW
XYZ20T102941,2026-07-29,2533.1,81.67,88.49,-0.519,61.37,30.73,0,0,0,0.0,0.0,0,LOW
XYZ20T102944,2026-07-29,6014.9,81.23,87.57,-0.04,53.54,40.35,0,0,0,0.0,0.0,0,LOW
XYZ20T102950,2026-07-29,12140.6,81.43,87.03,0.119,49.54,38.79,0,0,0,0.0,0.0,0,LOW
XYZ20T102956,2026-07-29,12985.0,85.65,90.89,0.114,66.48,34.89,0,0,0,0.0,0.0,0,LOW
XYZ20T102960,2026-07-29,4068.3,84.07,89.61,0.633,55.45,32.64,0,0,0,0.0397,4.0,0,LOW
XYZ20T102963,2026-07-29,15826.2,82.38,89.19,0.367,63.11,33.1,1,0,0,0.0,0.0,0,LOW
XYZ20T102974,2026-07-29,16433.9,84.35,90.64,-0.285,45.91,33.73,0,0,0,0.0,0.0,0,LOW
XYZ20T102998,2026-07-29,1932.8,78.15,82.99,-0.113,56.93,33.05,0,0,0,0.0,0.0,0,LOW
XYZ20T102999,2026-07-29,6704.3,83.24,87.88,-0.512,70.3,30.11,0,0,0,0.0,0.0,0,LOW
XYZ20T103000,2026-07-29,1296.6,86.39,90.53,0.095,65.62,34.97,0,0,0,0.0,0.0,0,LOW
XYZ20T103005,2026-07-29,1970.4,87.17,91.32,-0.018,55.4,41.37,0,0,0,0.0,0.0,0,LOW
XYZ20T103006,2026-07-29,2637.5,84.65,89.45,0.322,71.38,43.79,0,0,0,0.0,0.0,0,LOW
XYZ20T103009,2026-07-29,1640.7,87.61,92.96,-1.925,74.49,31.65,0,0,0,0.0,0.0,0,LOW
XYZ20T103011,2026-07-29,3805.1,81.55,88.36,0.303,52.77,39.27,0,0,0,0.0,0.0,0,LOW
XYZ20T103017,2026-07-29,8226.2,86.82,92.55,0.203,54.93,30.66,0,0,0,0.0,0.0,0,LOW
XYZ20T103019,2026-07-29,19461.5,80.53,84.16,-0.044,70.19,33.4,0,0,0,0.0,0.0,0,LOW
XYZ20T103021,2026-07-29,11471.4,83.85,87.59,0.04,48.98,25.29,0,0,0,0.0,0.0,0,LOW
XYZ20T103031,2026-07-29,6527.8,81.8,88.38,-0.091,47.68,36.7,0,0,0,0.0,0.0,0,LOW
XYZ20T103039,2026-07-29,19222.8,87.3,90.45,0.402,73.91,26.47,0,0,0,0.0,0.0,0,LOW
XYZ20T103046,2026-07-29,7232.9,77.91,84.43,0.257,47.01,31.13,0,0,0,0.0,0.0,0,LOW
XYZ20T103050,2026-07-29,1540.7,84.57,90.09,-0.035,52.25,31.05,0,0,0,0.0,0.0,0,LOW
XYZ20T103052,2026-07-29,14855.8,84.72,89.99,0.566,43.06,29.52,0,1,0,0.033,3.3,0,LOW
XYZ20T103056,2026-07-29,3869.9,85.24,91.05,0.419,56.18,27.6,1,0,0,0.0132,1.3,0,LOW
XYZ20T103059,2026-07-29,15416.2,87.98,92.58,0.049,66.95,37.15,0,0,0,0.0,0.0,0,LOW
XYZ20T103061,2026-07-29,7256.6,79.96,86.73,-0.022,64.47,37.54,0,0,0,0.0,0.0,0,LOW
XYZ20T103065,2026-07-29,11480.9,88.09,94.04,-0.444,64.63,32.93,0,0,0,0.0,0.0,0,LOW
XYZ20T103073,2026-07-29,6942.1,79.77,86.37,0.562,56.05,37.63,0,0,0,0.0,0.0,0,LOW
XYZ20T103077,2026-07-29,13440.5,80.21,85.35,0.176,36.13,38.58,0,0,0,0.0,0.0,0,LOW
XYZ20T103080,2026-07-29,4646.9,80.8,85.66,0.173,62.53,33.47,1,0,0,0.0,0.0,0,LOW
XYZ20T103081,2026-07-29,14420.8,88.87,97.93,0.59,67.57,37.76,0,1,0,0.0393,3.9,0,LOW
XYZ20T103084,2026-07-29,25010.2,82.63,85.85,-0.271,66.28,37.33,0,0,0,0.0,0.0,0,LOW
XYZ20T103090,2026-07-29,5007.3,87.27,90.96,-0.13,67.96,30.8,0,0,0,0.0,0.0,0,LOW
XYZ20T103091,2026-07-29,11110.1,79.4,85.39,-0.258,42.74,35.21,0,0,0,0.0,0.0,0,LOW
XYZ20T103092,2026-07-29,13298.4,80.58,87.4,-0.223,63.42,34.22,0,0,0,0.0,0.0,0,LOW
XYZ20T103101,2026-07-29,22701.1,82.09,86.19,-0.62,50.24,27.89,0,0,0,0.0,0.0,0,LOW
XYZ20T103103,2026-07-29,1041.7,81.03,84.68,-0.151,73.67,28.82,0,0,0,0.0,0.0,0,LOW
XYZ20T103112,2026-07-29,12619.0,83.36,88.78,0.339,58.01,33.48,0,0,0,0.0,0.0,0,LOW
XYZ20T103115,2026-07-29,5222.4,78.65,83.3,-1.57,37.05,38.6,0,0,0,0.0,0.0,0,LOW
XYZ20T103116,2026-07-29,17336.0,82.82,87.15,-0.051,75.34,28.7,0,0,0,0.0,0.0,0,LOW
XYZ20T103122,2026-07-29,3162.6,84.25,90.14,0.036,70.32,29.57,0,0,0,0.0,0.0,0,LOW
XYZ20T103123,2026-07-29,6077.3,83.27,89.76,0.161,55.01,26.79,0,0,0,0.0,0.0,0,LOW
XYZ20T103140,2026-07-29,12686.6,80.42,85.84,0.069,43.67,27.0,0,0,0,0.0,0.0,0,LOW
XYZ20T103159,2026-07-29,3392.1,78.97,84.96,-0.494,54.92,26.98,0,0,0,0.0,0.0,0,LOW
XYZ20T103161,2026-07-29,5103.0,86.44,89.87,0.034,70.03,34.23,0,0,0,0.0,0.0,0,LOW
XYZ20T103165,2026-07-29,13177.0,82.58,87.76,-0.036,69.91,32.48,0,0,0,0.0,0.0,0,LOW
XYZ20T103166,2026-07-29,4792.4,85.73,91.21,0.525,48.17,30.39,0,0,0,0.0,0.0,0,LOW
XYZ20T103168,2026-07-29,13308.9,84.5,89.24,-0.222,82.29,36.41,0,0,0,0.0,0.0,0,LOW
XYZ20T103169,2026-07-29,4704.6,82.25,87.36,0.15,69.07,28.61,0,0,0,0.0,0.0,0,LOW
XYZ20T103189,2026-07-29,13841.8,85.48,92.15,0.556,75.23,31.4,0,0,0,0.0164,1.6,0,LOW
XYZ20T103192,2026-07-29,14271.6,85.9,92.52,0.33,52.82,41.86,0,0,0,0.0,0.0,0,LOW
XYZ20T103197,2026-07-29,12504.6,80.36,86.37,0.087,69.42,25.34,0,0,0,0.0,0.0,0,LOW
XYZ20T100001,2026-07-30,15415.2,86.8,93.56,-0.302,60.39,31.67,0,0,0,0.0,0.0,0,LOW
XYZ20T100015,2026-07-30,9087.8,80.96,84.26,-0.11,68.14,33.79,0,0,0,0.0,0.0,0,LOW
XYZ20T100025,2026-07-30,2898.2,76.82,80.96,0.206,48.58,28.77,0,0,0,0.0,0.0,0,LOW
XYZ20T100032,2026-07-30,11128.2,82.56,85.65,-0.493,54.93,24.89,0,0,0,0.0,0.0,0,LOW
XYZ20T100034,2026-07-30,7154.2,82.98,88.94,0.022,50.12,36.06,0,0,0,0.0,0.0,0,LOW
XYZ20T100046,2026-07-30,4872.5,88.66,94.28,0.086,72.7,29.08,0,0,0,0.0,0.0,0,LOW
XYZ20T100047,2026-07-30,2934.3,84.54,90.82,0.285,47.45,33.14,0,0,0,0.0,0.0,0,LOW
XYZ20T100053,2026-07-30,13046.4,81.29,87.72,0.414,71.71,35.49,0,0,0,0.0,0.0,0,LOW
XYZ20T100054,2026-07-30,13781.3,80.88,84.08,-0.337,81.4,35.66,0,0,0,0.0,0.0,0,LOW
XYZ20T100056,2026-07-30,15464.6,80.83,85.48,-0.145,63.45,31.18,0,0,0,0.0,0.0,0,LOW
XYZ20T100066,2026-07-30,10082.1,77.13,84.11,-0.127,51.36,26.13,0,0,0,0.0,0.0,0,LOW
XYZ20T100070,2026-07-30,12516.9,78.23,83.48,0.133,48.47,33.19,0,0,0,0.0,0.0,0,LOW
XYZ20T100076,2026-07-30,4687.2,79.33,83.43,-0.151,49.8,36.89,0,0,0,0.0,0.0,0,LOW
XYZ20T100083,2026-07-30,8369.8,82.18,88.89,0.279,54.04,34.17,0,0,0,0.0,0.0,0,LOW
XYZ20T100091,2026-07-30,12989.3,82.31,86.79,0.238,84.34,32.35,0,0,0,0.0,0.0,0,LOW
XYZ20T100096,2026-07-30,2083.4,79.2,85.91,-0.456,61.24,30.99,0,0,0,0.0,0.0,0,LOW
XYZ20T100105,2026-07-30,8071.4,81.2,84.33,-0.6,53.68,30.84,0,0,0,0.0,0.0,0,LOW
XYZ20T100110,2026-07-30,7782.2,81.71,88.16,-2.124,61.35,40.86,0,0,0,0.0,0.0,0,LOW
XYZ20T100112,2026-07-30,14548.1,82.88,87.02,-0.034,69.11,31.71,0,0,0,0.0,0.0,0,LOW
XYZ20T100128,2026-07-30,13731.4,77.74,81.67,-0.145,43.49,29.34,1,0,0,0.0033,0.3,0,LOW
XYZ20T100138,2026-07-30,9738.6,84.32,89.71,0.029,78.96,23.37,0,0,0,0.0,0.0,0,LOW
XYZ20T100143,2026-07-30,3806.9,85.93,91.98,0.0,56.83,39.97,0,0,0,0.0,0.0,0,LOW
XYZ20T100145,2026-07-30,9380.3,81.56,88.21,-0.023,59.18,34.87,0,0,0,0.0,0.0,0,LOW
XYZ20T100148,2026-07-30,3788.7,85.86,89.29,-0.262,58.0,28.82,0,0,0,0.0,0.0,0,LOW
XYZ20T100153,2026-07-30,14672.3,77.21,82.93,0.113,50.25,35.54,0,0,0,0.0,0.0,0,LOW
XYZ20T100156,2026-07-30,4834.2,87.77,92.64,0.258,53.11,36.71,0,0,0,0.0,0.0,0,LOW
XYZ20T100166,2026-07-30,3012.1,76.06,80.45,-0.495,44.03,31.75,0,0,0,0.0,0.0,0,LOW
XYZ20T100174,2026-07-30,23609.2,82.74,89.22,0.061,68.83,29.92,0,0,0,0.0,0.0,0,LOW
XYZ20T100177,2026-07-30,1267.5,83.41,89.42,0.085,60.64,29.91,0,0,0,0.0,0.0,0,LOW
XYZ20T100178,2026-07-30,20743.7,83.12,89.92,0.189,50.6,31.7,0,0,0,0.0,0.0,0,LOW
XYZ20T100179,2026-07-30,1431.3,86.93,93.65,-0.069,63.51,33.66,0,0,0,0.0,0.0,0,LOW
XYZ20T100181,2026-07-30,19400.6,84.52,89.52,-0.513,78.39,33.85,0,0,0,0.0,0.0,0,LOW
XYZ20T100182,2026-07-30,18733.8,82.37,86.39,0.006,61.95,28.56,0,0,0,0.0,0.0,0,LOW
XYZ20T100187,2026-07-30,15088.1,81.99,88.24,0.027,65.36,34.72,0,0,0,0.0,0.0,0,LOW
XYZ20T100188,2026-07-30,16513.1,87.13,90.4,0.294,82.65,32.31,1,0,0,0.0,0.0,0,LOW
XYZ20T100192,2026-07-30,21568.2,86.89,90.09,-0.055,65.12,35.68,0,0,0,0.0,0.0,0,LOW
XYZ20T100196,2026-07-30,3896.0,81.5,86.87,0.115,67.15,37.23,0,0,0,0.0,0.0,0,LOW
XYZ20T100198,2026-07-30,1975.3,80.08,83.78,-0.429,72.85,26.59,0,0,0,0.0,0.0,0,LOW
XYZ20T100200,2026-07-30,4219.1,84.07,90.56,0.149,42.83,28.95,0,0,0,0.0,0.0,0,LOW
XYZ20T100207,2026-07-30,6963.2,79.8,85.46,-0.046,53.68,34.54,0,0,0,0.0,0.0,0,LOW
XYZ20T100215,2026-07-30,7415.5,80.0,83.83,-0.386,49.99,29.18,0,0,0,0.0,0.0,0,LOW
XYZ20T100243,2026-07-30,8674.5,77.76,82.35,-0.259,52.23,36.5,0,0,0,0.0,0.0,0,LOW
XYZ20T100244,2026-07-30,3454.2,80.8,85.41,-0.411,62.46,38.48,0,0,0,0.0,0.0,0,LOW
XYZ20T100250,2026-07-30,7250.7,81.25,84.69,0.25,72.47,36.94,0,0,0,0.0,0.0,0,LOW
XYZ20T100255,2026-07-30,4865.3,82.38,87.81,0.361,65.48,32.01,0,0,0,0.0,0.0,0,LOW
XYZ20T100258,2026-07-30,9581.9,80.92,87.1,-0.255,80.87,32.2,0,0,0,0.0,0.0,0,LOW
XYZ20T100260,2026-07-30,15919.6,85.18,90.13,-0.243,66.58,37.74,0,0,0,0.0,0.0,0,LOW
XYZ20T100261,2026-07-30,16429.0,83.33,87.05,-0.314,63.02,25.66,0,0,0,0.0,0.0,0,LOW
XYZ20T100270,2026-07-30,6154.1,83.24,87.51,0.295,64.28,37.66,0,0,0,0.0,0.0,0,LOW
XYZ20T100274,2026-07-30,7560.8,79.52,86.36,-0.216,58.99,30.8,0,0,0,0.0,0.0,0,LOW
XYZ20T100293,2026-07-30,4576.6,78.99,84.11,0.06,53.31,29.13,0,0,0,0.0,0.0,0,LOW
XYZ20T100295,2026-07-30,884.6,82.0,87.84,-0.27,69.16,35.02,0,0,0,0.0,0.0,0,LOW
XYZ20T100299,2026-07-30,19968.2,86.65,91.0,-0.074,73.3,35.08,0,0,0,0.0,0.0,0,LOW
XYZ20T100301,2026-07-30,18866.4,79.92,86.66,0.246,56.23,36.62,0,0,0,0.0,0.0,0,LOW
XYZ20T100303,2026-07-30,24986.3,78.57,83.78,-0.116,51.72,35.64,0,0,0,0.0,0.0,0,LOW
XYZ20T100304,2026-07-30,11103.0,84.51,89.47,-0.06,58.37,44.54,0,0,0,0.0,0.0,0,LOW
XYZ20T100306,2026-07-30,12559.2,87.63,94.05,0.241,75.48,41.1,0,0,0,0.0,0.0,0,LOW
XYZ20T100320,2026-07-30,892.8,81.25,86.51,0.148,57.35,36.01,0,0,0,0.0,0.0,0,LOW
XYZ20T100324,2026-07-30,13088.2,85.47,91.38,0.053,61.77,43.87,0,0,0,0.0,0.0,0,LOW
XYZ20T100327,2026-07-30,1812.3,77.71,82.96,-0.596,48.62,32.31,0,0,0,0.0,0.0,0,LOW
XYZ20T100328,2026-07-30,17340.1,87.7,90.9,0.347,66.86,36.63,0,0,0,0.0,0.0,0,LOW
XYZ20T100329,2026-07-30,3434.8,84.1,89.82,0.372,76.97,22.93,0,0,0,0.0,0.0,0,LOW
XYZ20T100331,2026-07-30,24995.4,81.64,85.97,-0.114,50.92,29.06,0,0,0,0.0,0.0,0,LOW
XYZ20T100332,2026-07-30,24994.4,82.84,89.77,0.041,44.43,43.34,0,0,0,0.0,0.0,0,LOW
XYZ20T100338,2026-07-30,6584.0,76.24,79.71,-0.615,38.74,30.09,0,0,0,0.0,0.0,0,LOW
XYZ20T100339,2026-07-30,3022.6,87.69,94.03,0.015,60.36,34.55,0,0,0,0.0,0.0,0,LOW
XYZ20T100350,2026-07-30,10964.7,84.17,89.24,-0.428,72.51,33.12,0,0,0,0.0,0.0,0,LOW
XYZ20T100361,2026-07-30,17516.8,80.41,86.97,-0.12,57.3,29.85,0,0,0,0.0,0.0,0,LOW
XYZ20T100371,2026-07-30,10255.0,83.81,89.08,0.788,53.4,39.72,0,0,0,0.0099,1.0,0,LOW
XYZ20T100373,2026-07-30,13835.9,79.47,84.55,-1.689,59.5,30.69,0,0,0,0.0,0.0,0,LOW
XYZ20T100377,2026-07-30,12370.3,84.75,88.41,-0.232,62.29,30.4,0,0,0,0.0,0.0,0,LOW
XYZ20T100379,2026-07-30,8554.2,87.94,93.52,0.337,73.86,31.9,0,0,0,0.0,0.0,0,LOW
XYZ20T100380,2026-07-30,7667.2,79.49,84.58,0.194,49.51,33.25,0,0,0,0.0,0.0,0,LOW
XYZ20T100382,2026-07-30,12327.1,82.94,86.23,-0.392,73.4,20.0,0,0,0,0.0,0.0,0,LOW
XYZ20T100392,2026-07-30,15150.1,77.78,83.21,-0.733,54.61,25.09,0,0,0,0.0,0.0,0,LOW
XYZ20T100399,2026-07-30,4786.6,81.21,87.04,-0.149,82.53,35.59,0,0,0,0.0,0.0,0,LOW
XYZ20T100401,2026-07-30,10823.3,89.1,94.48,0.229,77.9,33.15,0,0,0,0.0,0.0,0,LOW
XYZ20T100412,2026-07-30,2093.3,80.88,87.22,-2.196,50.53,38.55,0,0,0,0.0,0.0,0,LOW
XYZ20T100416,2026-07-30,3015.3,78.48,83.57,0.37,51.31,35.97,0,0,0,0.0,0.0,0,LOW
XYZ20T100418,2026-07-30,7552.7,83.98,88.08,-0.068,67.18,26.58,0,0,0,0.0,0.0,0,LOW
XYZ20T100419,2026-07-30,7598.0,88.06,93.8,-0.59,63.59,30.76,0,0,0,0.0,0.0,0,LOW
XYZ20T100424,2026-07-30,16407.4,78.92,82.26,-0.201,61.05,34.56,0,0,0,0.0,0.0,0,LOW
XYZ20T100427,2026-07-30,1766.0,86.44,91.84,-0.169,58.88,23.22,0,0,0,0.0,0.0,0,LOW
XYZ20T100430,2026-07-30,13662.5,80.85,85.38,0.036,60.02,34.95,0,0,0,0.0,0.0,0,LOW
XYZ20T100432,2026-07-30,768.3,86.08,92.0,0.262,47.57,33.36,0,0,0,0.0,0.0,0,LOW
XYZ20T100436,2026-07-30,3947.1,83.58,88.45,-0.671,49.92,32.58,0,0,0,0.0,0.0,0,LOW
XYZ20T100440,2026-07-30,15491.9,79.85,83.61,0.223,46.59,33.03,0,0,0,0.0,0.0,0,LOW
XYZ20T100447,2026-07-30,7086.1,88.44,95.41,0.09,76.08,32.03,0,0,0,0.0066,0.7,0,LOW
XYZ20T100449,2026-07-30,12593.9,79.59,83.29,-0.182,54.29,28.14,0,0,0,0.0,0.0,0,LOW
XYZ20T100450,2026-07-30,6687.7,84.78,88.05,-0.291,39.9,33.27,0,0,0,0.0,0.0,0,LOW
XYZ20T100452,2026-07-30,10062.8,81.53,87.51,-0.923,31.54,34.31,0,0,0,0.0,0.0,0,LOW
XYZ20T100457,2026-07-30,5051.6,78.41,82.34,-0.18,67.13,31.55,0,0,0,0.0,0.0,0,LOW
XYZ20T100458,2026-07-30,4178.5,82.71,89.53,-0.139,65.52,27.6,0,0,0,0.0,0.0,0,LOW
XYZ20T100462,2026-07-30,4335.2,87.64,90.77,0.044,54.18,38.34,0,0,0,0.0,0.0,0,LOW
XYZ20T100468,2026-07-30,7091.7,85.42,89.04,-0.254,38.44,34.32,0,0,0,0.0,0.0,0,LOW
XYZ20T100469,2026-07-30,8383.0,81.1,84.81,-0.286,64.68,27.29,0,0,0,0.0,0.0,0,LOW
XYZ20T100475,2026-07-30,14656.9,88.45,92.29,-1.72,60.39,39.04,0,0,0,0.0,0.0,0,LOW
XYZ20T100477,2026-07-30,5671.8,79.94,86.69,-0.068,40.27,40.34,0,0,0,0.0,0.0,0,LOW
XYZ20T100483,2026-07-30,22582.9,85.88,92.79,0.62,47.29,36.85,0,0,0,0.0295,2.9,0,LOW
XYZ20T100491,2026-07-30,8977.1,81.49,86.13,0.743,53.89,36.73,0,0,0,0.0,0.0,0,LOW
XYZ20T100498,2026-07-30,24989.0,87.41,93.66,0.38,45.35,34.57,0,0,0,0.0,0.0,0,LOW
XYZ20T100499,2026-07-30,15868.9,78.1,82.23,-0.323,44.48,42.09,0,0,0,0.0,0.0,0,LOW
XYZ20T100500,2026-07-30,1555.9,84.95,88.24,0.402,48.1,27.87,0,0,0,0.0,0.0,0,LOW
XYZ20T100503,2026-07-30,11236.0,78.08,84.02,-0.166,55.19,26.77,0,0,0,0.0,0.0,0,LOW
XYZ20T100507,2026-07-30,5656.4,79.28,84.3,-0.397,59.85,25.67,0,0,0,0.0,0.0,0,LOW
XYZ20T100517,2026-07-30,8033.7,83.06,86.35,0.223,67.87,28.97,0,0,0,0.0,0.0,0,LOW
XYZ20T100528,2026-07-30,15148.6,80.18,85.86,-0.55,54.62,33.98,0,0,0,0.0,0.0,0,LOW
XYZ20T100529,2026-07-30,16366.4,84.16,88.51,0.238,70.5,43.94,0,0,0,0.0,0.0,0,LOW
XYZ20T100533,2026-07-30,2041.4,87.93,94.06,0.505,79.66,38.35,0,0,0,0.0131,1.3,0,LOW
XYZ20T100537,2026-07-30,23306.0,78.51,82.42,-1.665,60.06,39.47,0,0,0,0.0,0.0,0,LOW
XYZ20T100541,2026-07-30,13153.0,84.88,92.0,-0.263,73.85,31.47,0,0,0,0.0,0.0,0,LOW
XYZ20T100551,2026-07-30,13065.9,78.46,85.19,-0.082,59.99,36.4,0,0,0,0.0,0.0,0,LOW
XYZ20T100552,2026-07-30,3553.0,80.24,86.86,0.193,43.8,30.42,0,0,0,0.0,0.0,0,LOW
XYZ20T100556,2026-07-30,11145.6,78.88,83.93,-0.251,61.58,32.77,0,0,0,0.0,0.0,0,LOW
XYZ20T100557,2026-07-30,8963.2,86.17,91.33,-0.401,61.35,41.67,0,0,0,0.0,0.0,0,LOW
XYZ20T100560,2026-07-30,889.4,78.15,84.56,0.136,60.44,29.9,0,0,0,0.0,0.0,0,LOW
XYZ20T100569,2026-07-30,9713.2,80.16,83.63,0.009,75.22,35.67,0,0,0,0.0,0.0,0,LOW
XYZ20T100573,2026-07-30,2687.9,81.58,86.69,0.012,77.22,26.06,0,0,0,0.0,0.0,0,LOW
XYZ20T100580,2026-07-30,7043.1,87.01,93.16,0.563,83.64,39.87,0,0,0,0.0096,1.0,0,LOW
XYZ20T100581,2026-07-30,11384.3,82.25,89.0,-0.329,55.19,28.78,0,0,0,0.0,0.0,0,LOW
XYZ20T100583,2026-07-30,14417.1,87.83,94.15,-0.198,67.19,36.09,0,0,0,0.0,0.0,0,LOW
XYZ20T100586,2026-07-30,11294.6,81.69,85.48,-0.109,54.94,32.64,0,0,0,0.0,0.0,0,LOW
XYZ20T100591,2026-07-30,14103.5,87.62,92.05,-0.401,50.04,34.22,0,0,0,0.0,0.0,0,LOW
XYZ20T100592,2026-07-30,24225.7,87.81,91.91,-0.29,74.24,28.4,0,0,0,0.0,0.0,0,LOW
XYZ20T100594,2026-07-30,12501.7,82.21,87.88,-0.66,56.91,29.81,0,0,0,0.0,0.0,0,LOW
XYZ20T100595,2026-07-30,8069.1,83.56,86.68,0.336,65.28,27.75,0,0,0,0.0,0.0,0,LOW
XYZ20T100597,2026-07-30,2562.5,80.65,85.93,-1.595,62.81,32.14,0,0,0,0.0,0.0,0,LOW
XYZ20T100600,2026-07-30,19920.5,78.6,82.58,-0.269,63.83,34.8,0,0,0,0.0,0.0,0,LOW
XYZ20T100604,2026-07-30,4332.6,77.55,81.48,-1.356,43.07,32.16,0,0,0,0.0,0.0,0,LOW
XYZ20T100610,2026-07-30,18914.4,80.4,86.57,0.162,62.56,38.2,0,0,0,0.0,0.0,0,LOW
XYZ20T100621,2026-07-30,8509.1,87.61,92.39,-0.185,52.1,33.93,0,0,0,0.0,0.0,0,LOW
XYZ20T100624,2026-07-30,5386.3,80.31,84.71,-0.288,44.83,42.01,0,0,0,0.0,0.0,0,LOW
XYZ20T100625,2026-07-30,7063.5,83.87,88.1,-0.765,46.89,30.79,0,0,0,0.0,0.0,0,LOW
XYZ20T100630,2026-07-30,6285.9,84.07,87.08,0.241,75.17,35.79,0,0,0,0.0,0.0,0,LOW
XYZ20T100633,2026-07-30,2828.4,80.44,86.44,-0.001,55.39,39.42,0,0,0,0.0,0.0,0,LOW
XYZ20T100636,2026-07-30,13123.0,79.53,84.57,0.337,68.45,32.83,0,0,0,0.0,0.0,0,LOW
XYZ20T100641,2026-07-30,14918.3,88.97,92.28,0.546,74.48,25.23,0,0,0,0.0331,3.3,0,LOW
XYZ20T100643,2026-07-30,4298.6,82.52,86.72,-0.014,64.11,31.91,0,0,0,0.0,0.0,0,LOW
XYZ20T100652,2026-07-30,675.9,88.33,93.25,-0.105,81.67,36.46,0,0,0,0.0,0.0,0,LOW
XYZ20T100656,2026-07-30,15951.2,84.47,90.28,-0.106,63.94,36.83,0,0,0,0.0,0.0,0,LOW
XYZ20T100662,2026-07-30,17230.3,87.28,92.44,0.125,58.83,36.71,0,0,0,0.0,0.0,0,LOW
XYZ20T100675,2026-07-30,10121.1,82.41,85.45,0.219,51.21,36.58,0,0,0,0.0,0.0,0,LOW
XYZ20T100676,2026-07-30,18356.0,85.18,91.95,-0.282,58.86,37.72,0,0,0,0.0,0.0,0,LOW
XYZ20T100684,2026-07-30,5741.0,79.04,83.04,0.09,53.2,31.19,0,0,0,0.0,0.0,0,LOW
XYZ20T100685,2026-07-30,1660.5,81.7,88.07,-0.272,41.45,36.1,0,0,0,0.0,0.0,0,LOW
XYZ20T100704,2026-07-30,8876.5,78.17,82.64,-0.242,53.28,33.54,0,0,0,0.0,0.0,0,LOW
XYZ20T100712,2026-07-30,541.0,84.25,89.31,-0.057,40.21,37.48,0,0,0,0.0,0.0,0,LOW
XYZ20T100714,2026-07-30,19125.1,82.84,89.84,-0.296,47.61,29.01,0,0,0,0.0,0.0,0,LOW
XYZ20T100716,2026-07-30,6122.5,78.09,82.88,-0.061,55.22,31.68,0,0,0,0.0,0.0,0,LOW
XYZ20T100724,2026-07-30,4647.5,78.79,83.72,0.489,58.76,32.43,0,0,0,0.0,0.0,0,LOW
XYZ20T100726,2026-07-30,6439.8,82.47,86.42,-0.057,55.26,33.77,0,0,0,0.0,0.0,0,LOW
XYZ20T100730,2026-07-30,5810.6,87.12,90.2,0.225,69.73,35.9,0,0,0,0.0,0.0,0,LOW
XYZ20T100740,2026-07-30,12454.3,85.12,90.41,0.424,51.87,33.25,0,0,0,0.0,0.0,0,LOW
XYZ20T100747,2026-07-30,1680.3,82.01,86.02,0.011,76.23,27.21,0,0,0,0.0,0.0,0,LOW
XYZ20T100759,2026-07-30,11498.0,89.51,96.8,-0.372,50.33,43.22,0,0,0,0.0131,1.3,0,LOW
XYZ20T100764,2026-07-30,19281.9,81.68,86.19,-0.287,49.97,29.9,0,0,0,0.0,0.0,0,LOW
XYZ20T100766,2026-07-30,19805.7,80.64,85.38,-0.255,47.37,31.38,0,0,0,0.0,0.0,0,LOW
XYZ20T100773,2026-07-30,16978.0,80.36,85.97,-0.302,53.97,36.16,0,0,0,0.0,0.0,0,LOW
XYZ20T100778,2026-07-30,931.0,80.5,84.2,-0.145,66.14,30.42,0,0,0,0.0,0.0,0,LOW
XYZ20T100781,2026-07-30,15900.8,80.49,83.7,0.352,48.95,32.36,0,0,0,0.0,0.0,0,LOW
XYZ20T100793,2026-07-30,24942.9,74.91,80.95,-0.414,41.84,31.31,0,0,0,0.0,0.0,0,LOW
XYZ20T100796,2026-07-30,9776.5,85.39,91.17,0.025,49.76,29.32,0,0,0,0.0,0.0,0,LOW
XYZ20T100809,2026-07-30,6319.7,82.1,88.19,0.121,71.8,37.38,0,0,0,0.0,0.0,0,LOW
XYZ20T100826,2026-07-30,17687.0,82.58,88.45,0.368,96.95,36.24,0,0,0,0.0,0.0,0,LOW
XYZ20T100827,2026-07-30,10024.2,84.79,89.79,0.161,60.53,32.47,0,0,0,0.0,0.0,0,LOW
XYZ20T100829,2026-07-30,15139.0,87.17,93.27,0.514,62.96,29.46,0,0,0,0.0328,3.3,0,LOW
XYZ20T100832,2026-07-30,16839.6,85.08,91.67,0.418,59.78,26.87,0,0,0,0.0,0.0,0,LOW
XYZ20T100833,2026-07-30,3880.3,85.01,89.05,-2.065,62.17,32.85,0,0,0,0.0,0.0,0,LOW
XYZ20T100840,2026-07-30,11069.1,87.25,91.91,0.107,75.32,35.31,0,0,0,0.0,0.0,0,LOW
XYZ20T100844,2026-07-30,3049.3,83.0,89.42,-0.169,50.1,34.82,0,0,0,0.0,0.0,0,LOW
XYZ20T100848,2026-07-30,13004.0,78.29,84.14,0.409,41.67,31.61,0,0,0,0.0,0.0,0,LOW
XYZ20T100849,2026-07-30,10680.5,80.69,87.01,-0.241,65.6,40.0,1,0,0,0.0,0.0,0,LOW
XYZ20T100851,2026-07-30,22442.7,77.94,81.59,-0.134,72.18,29.02,0,0,0,0.0,0.0,0,LOW
XYZ20T100856,2026-07-30,20224.8,80.67,85.02,-0.244,74.48,31.23,0,0,0,0.0,0.0,0,LOW
XYZ20T100858,2026-07-30,3015.7,87.44,93.82,0.227,75.77,21.85,0,0,0,0.0,0.0,0,LOW
XYZ20T100868,2026-07-30,21294.4,79.54,83.05,-1.997,57.52,22.67,0,0,0,0.0,0.0,0,LOW
XYZ20T100869,2026-07-30,4348.4,86.47,91.43,-0.443,73.4,36.08,0,0,0,0.0,0.0,0,LOW
XYZ20T100871,2026-07-30,8908.1,78.74,81.9,0.043,52.14,32.56,0,0,0,0.0,0.0,0,LOW
XYZ20T100877,2026-07-30,17913.9,86.34,93.2,0.421,71.11,41.91,0,0,0,0.0,0.0,0,LOW
XYZ20T100879,2026-07-30,9902.1,79.74,83.6,-1.569,48.92,36.23,0,0,0,0.0,0.0,0,LOW
XYZ20T100881,2026-07-30,11904.2,85.42,89.76,-0.161,62.23,35.91,0,0,0,0.0,0.0,0,LOW
XYZ20T100884,2026-07-30,5772.0,86.14,90.45,0.0,52.9,23.03,0,0,0,0.0,0.0,0,LOW
XYZ20T100899,2026-07-30,10330.1,78.16,83.69,-0.055,34.94,33.16,0,0,0,0.0,0.0,0,LOW
XYZ20T100901,2026-07-30,6547.0,80.78,86.87,-0.033,84.4,41.93,0,0,0,0.0,0.0,0,LOW
XYZ20T100902,2026-07-30,22493.5,80.25,84.71,0.369,56.34,35.79,0,0,0,0.0,0.0,0,LOW
XYZ20T100907,2026-07-30,14919.1,81.65,85.53,0.049,63.73,37.69,0,0,0,0.0,0.0,0,LOW
XYZ20T100908,2026-07-30,1971.1,82.59,86.99,-0.911,72.46,39.83,0,0,0,0.0,0.0,0,LOW
XYZ20T100911,2026-07-30,2980.0,87.05,93.11,-0.258,54.6,29.22,0,0,0,0.0,0.0,0,LOW
XYZ20T100915,2026-07-30,7707.9,79.36,84.68,0.151,49.81,23.89,0,0,0,0.0,0.0,0,LOW
XYZ20T100919,2026-07-30,9573.9,82.99,87.0,0.119,76.3,34.55,0,0,0,0.0,0.0,0,LOW
XYZ20T100924,2026-07-30,13836.2,84.43,91.35,-0.115,56.91,27.82,0,0,0,0.0,0.0,0,LOW
XYZ20T100926,2026-07-30,18356.2,83.49,89.03,0.347,72.01,32.16,0,0,0,0.0,0.0,0,LOW
XYZ20T100934,2026-07-30,4708.0,78.76,85.56,0.194,45.66,35.57,0,0,0,0.0,0.0,0,LOW
XYZ20T100947,2026-07-30,3974.5,83.12,90.11,-0.222,59.9,29.58,0,0,0,0.0,0.0,0,LOW
XYZ20T100976,2026-07-30,2165.1,79.81,86.57,0.221,69.41,37.63,0,0,0,0.0,0.0,0,LOW
XYZ20T100978,2026-07-30,17618.2,84.7,90.11,0.112,73.61,29.39,0,0,0,0.0,0.0,0,LOW
XYZ20T100986,2026-07-30,5260.8,84.79,91.69,0.176,82.31,28.78,0,0,0,0.0,0.0,0,LOW
XYZ20T100988,2026-07-30,13007.6,81.6,85.75,-0.297,67.94,30.28,0,0,0,0.0,0.0,0,LOW
XYZ20T100989,2026-07-30,4886.4,85.68,91.19,-0.075,56.83,38.87,0,0,0,0.0,0.0,0,LOW
XYZ20T100991,2026-07-30,4758.2,87.77,93.38,0.416,54.12,38.78,0,0,0,0.0,0.0,0,LOW
XYZ20T100992,2026-07-30,3539.0,80.02,84.04,0.074,53.26,31.77,0,0,0,0.0,0.0,0,LOW
XYZ20T100993,2026-07-30,3072.5,82.21,86.71,-0.411,67.39,38.56,0,0,0,0.0,0.0,0,LOW
XYZ20T100999,2026-07-30,5827.4,78.44,85.23,-0.412,50.7,41.99,0,0,0,0.0,0.0,0,LOW
XYZ20T101011,2026-07-30,4102.2,86.23,91.15,-0.273,65.88,31.78,0,0,0,0.0,0.0,0,LOW
XYZ20T101013,2026-07-30,8806.2,83.94,90.17,0.234,57.11,42.77,0,0,0,0.0,0.0,0,LOW
XYZ20T101017,2026-07-30,15826.8,80.64,86.63,-0.178,71.88,25.71,0,0,0,0.0,0.0,0,LOW
XYZ20T101030,2026-07-30,14528.3,78.49,85.22,-1.105,39.32,33.76,0,0,0,0.0,0.0,0,LOW
XYZ20T101041,2026-07-30,11199.0,88.02,92.38,-0.224,84.42,32.58,0,0,0,0.0,0.0,0,LOW
XYZ20T101067,2026-07-30,4486.0,77.71,84.2,-2.362,51.42,33.45,0,0,0,0.0,0.0,0,LOW
XYZ20T101069,2026-07-30,20743.8,83.53,90.37,-0.057,50.14,32.66,0,0,0,0.0,0.0,0,LOW
XYZ20T101070,2026-07-30,904.2,89.22,94.52,-1.077,67.55,31.75,0,0,0,0.0,0.0,0,LOW
XYZ20T101080,2026-07-30,2835.2,80.67,86.77,0.251,81.0,32.01,0,0,0,0.0,0.0,0,LOW
XYZ20T101090,2026-07-30,1004.3,85.12,89.02,0.022,50.61,33.94,0,0,0,0.0,0.0,0,LOW
XYZ20T101094,2026-07-30,13460.9,81.03,87.55,0.342,65.19,34.69,0,0,0,0.0,0.0,0,LOW
XYZ20T101096,2026-07-30,2557.0,87.08,90.47,0.081,77.64,32.57,0,0,0,0.0,0.0,0,LOW
XYZ20T101100,2026-07-30,5686.2,87.73,93.9,0.125,55.71,37.61,0,0,0,0.0,0.0,0,LOW
XYZ20T101102,2026-07-30,24990.8,85.4,89.82,0.521,80.43,37.93,0,0,0,0.0,0.0,0,LOW
XYZ20T101107,2026-07-30,15926.0,76.18,81.05,-0.386,55.89,31.26,0,0,0,0.0,0.0,0,LOW
XYZ20T101112,2026-07-30,5962.3,78.77,84.08,-0.146,44.73,38.35,0,0,0,0.0,0.0,0,LOW
XYZ20T101117,2026-07-30,3175.2,82.47,86.63,-0.339,44.56,32.02,0,0,0,0.0,0.0,0,LOW
XYZ20T101120,2026-07-30,12989.7,86.26,91.97,0.022,56.8,26.26,0,0,0,0.0,0.0,0,LOW
XYZ20T101122,2026-07-30,10810.7,78.67,85.2,-0.109,68.57,31.83,0,0,0,0.0,0.0,0,LOW
XYZ20T101132,2026-07-30,3729.9,81.99,88.96,-0.173,47.37,37.14,0,0,0,0.0,0.0,0,LOW
XYZ20T101134,2026-07-30,21264.9,84.92,91.63,-2.015,52.42,28.68,0,0,0,0.0,0.0,0,LOW
XYZ20T101142,2026-07-30,5131.3,80.14,85.94,-0.042,56.01,37.27,0,0,0,0.0,0.0,0,LOW
XYZ20T101147,2026-07-30,24537.7,83.04,88.69,-0.159,62.52,27.66,0,0,0,0.0,0.0,0,LOW
XYZ20T101149,2026-07-30,12540.5,79.72,83.91,0.299,51.34,37.63,0,0,0,0.0,0.0,0,LOW
XYZ20T101150,2026-07-30,16991.5,80.18,83.82,0.093,63.72,37.95,0,0,0,0.0,0.0,0,LOW
XYZ20T101153,2026-07-30,4070.8,86.52,91.2,-0.044,52.76,39.22,0,0,0,0.0,0.0,0,LOW
XYZ20T101156,2026-07-30,10626.4,80.42,87.26,-0.154,49.09,37.16,0,0,0,0.0,0.0,0,LOW
XYZ20T101158,2026-07-30,5845.3,89.66,94.81,0.13,90.08,29.83,0,0,0,0.0,0.0,0,LOW
XYZ20T101165,2026-07-30,18447.8,78.98,82.71,-0.267,69.58,33.84,0,0,0,0.0,0.0,0,LOW
XYZ20T101169,2026-07-30,11439.2,80.51,86.31,-0.226,66.17,33.12,0,0,0,0.0,0.0,0,LOW
XYZ20T101173,2026-07-30,404.3,81.15,84.59,-0.344,60.52,34.68,0,0,0,0.0,0.0,0,LOW
XYZ20T101175,2026-07-30,5063.5,86.68,91.51,-0.015,65.92,28.51,0,0,0,0.0,0.0,0,LOW
XYZ20T101192,2026-07-30,5563.7,87.25,93.84,0.347,50.66,40.03,0,0,0,0.0,0.0,0,LOW
XYZ20T101205,2026-07-30,8738.4,77.84,84.37,0.051,61.6,27.1,0,0,0,0.0,0.0,0,LOW
XYZ20T101208,2026-07-30,10571.5,86.57,91.08,0.179,64.98,33.04,0,0,0,0.0,0.0,0,LOW
XYZ20T101210,2026-07-30,7376.1,84.21,88.16,-0.719,58.05,34.13,0,0,0,0.0,0.0,0,LOW
XYZ20T101215,2026-07-30,13740.6,86.67,90.98,-1.047,48.99,40.37,0,0,0,0.0,0.0,0,LOW
XYZ20T101216,2026-07-30,1293.3,79.78,85.45,0.003,39.63,32.38,0,0,0,0.0,0.0,0,LOW
XYZ20T101220,2026-07-30,17354.1,87.32,91.26,0.533,69.65,32.3,0,0,0,0.0098,1.0,0,LOW
XYZ20T101222,2026-07-30,24824.7,80.49,86.94,0.099,68.52,32.78,0,0,0,0.0,0.0,0,LOW
XYZ20T101227,2026-07-30,750.2,87.88,94.15,0.117,56.77,31.15,0,0,0,0.0,0.0,0,LOW
XYZ20T101233,2026-07-30,10799.3,87.0,93.22,-2.337,61.86,35.96,0,0,0,0.0,0.0,0,LOW
XYZ20T101236,2026-07-30,10302.8,89.42,94.64,-0.025,76.61,37.38,0,0,0,0.0,0.0,0,LOW
XYZ20T101237,2026-07-30,1117.4,85.21,89.11,-0.143,53.53,34.99,0,0,0,0.0,0.0,0,LOW
XYZ20T101240,2026-07-30,2736.2,80.27,85.36,-0.091,74.61,28.76,0,0,0,0.0,0.0,0,LOW
XYZ20T101242,2026-07-30,13436.1,83.55,89.85,-0.138,65.8,34.0,0,0,0,0.0,0.0,0,LOW
XYZ20T101273,2026-07-30,14691.4,85.41,90.74,0.206,57.44,27.57,0,0,0,0.0,0.0,0,LOW
XYZ20T101274,2026-07-30,3304.2,82.57,86.26,0.067,67.36,31.46,0,0,0,0.0,0.0,0,LOW
XYZ20T101275,2026-07-30,6726.8,78.16,81.2,-0.126,61.3,37.59,0,0,0,0.0,0.0,0,LOW
XYZ20T101277,2026-07-30,14985.5,81.3,86.37,-0.124,63.75,32.89,0,0,0,0.0,0.0,0,LOW
XYZ20T101280,2026-07-30,1160.8,83.42,89.19,-0.097,58.28,41.52,0,0,0,0.0,0.0,0,LOW
XYZ20T101286,2026-07-30,2302.2,83.1,86.9,0.555,75.34,34.37,0,0,0,0.0066,0.7,0,LOW
XYZ20T101290,2026-07-30,14121.8,81.5,85.94,-0.004,39.56,34.62,0,0,0,0.0,0.0,0,LOW
XYZ20T101298,2026-07-30,22068.7,87.2,92.01,0.105,58.85,40.38,0,0,0,0.0,0.0,0,LOW
XYZ20T101299,2026-07-30,6389.3,84.09,89.6,0.242,45.57,37.3,0,0,0,0.0,0.0,0,LOW
XYZ20T101301,2026-07-30,18632.7,80.33,84.46,0.46,65.6,31.23,0,0,0,0.0,0.0,0,LOW
XYZ20T101306,2026-07-30,1164.2,83.51,89.56,-0.35,53.02,31.91,0,0,0,0.0,0.0,0,LOW
XYZ20T101308,2026-07-30,8663.8,86.8,91.98,0.582,57.14,35.55,0,0,0,0.0661,6.6,0,LOW
XYZ20T101317,2026-07-30,710.4,86.69,92.88,0.053,72.82,23.55,0,0,0,0.0,0.0,0,LOW
XYZ20T101318,2026-07-30,7733.7,85.4,90.73,-0.294,54.15,31.66,0,0,0,0.0,0.0,0,LOW
XYZ20T101319,2026-07-30,20987.1,85.12,88.14,-0.224,61.39,34.63,0,0,0,0.0,0.0,0,LOW
XYZ20T101326,2026-07-30,4196.9,85.64,90.95,0.288,71.18,40.3,0,0,0,0.0,0.0,0,LOW
XYZ20T101334,2026-07-30,6087.6,83.84,87.86,-0.264,49.54,31.45,0,0,0,0.0,0.0,0,LOW
XYZ20T101349,2026-07-30,13262.8,76.36,83.06,0.229,52.39,31.71,0,0,0,0.0,0.0,0,LOW
XYZ20T101361,2026-07-30,2970.4,86.31,90.17,-0.105,69.74,35.79,0,0,0,0.0,0.0,0,LOW
XYZ20T101369,2026-07-30,10367.8,85.61,91.89,-0.156,47.23,38.15,0,0,0,0.0,0.0,0,LOW
XYZ20T101374,2026-07-30,13385.9,82.46,85.52,0.259,50.53,39.05,0,0,0,0.0,0.0,0,LOW
XYZ20T101384,2026-07-30,14945.6,81.73,85.19,-0.035,45.97,32.06,0,0,0,0.0,0.0,0,LOW
XYZ20T101385,2026-07-30,13603.4,80.81,86.69,-1.412,70.06,40.05,0,0,0,0.0,0.0,0,LOW
XYZ20T101393,2026-07-30,17502.8,88.23,92.57,-0.16,65.25,33.0,0,0,0,0.0,0.0,0,LOW
XYZ20T101406,2026-07-30,16692.3,79.3,82.58,-0.005,58.49,32.94,0,0,0,0.0,0.0,0,LOW
XYZ20T101413,2026-07-30,14129.4,87.35,90.59,0.442,56.25,31.8,0,0,0,0.0,0.0,0,LOW
XYZ20T101419,2026-07-30,12465.3,81.58,84.86,-2.319,75.94,30.84,0,0,0,0.0,0.0,0,LOW
XYZ20T101423,2026-07-30,19102.8,87.85,93.28,0.396,62.06,40.63,0,0,0,0.0,0.0,0,LOW
XYZ20T101428,2026-07-30,6288.6,84.61,89.41,-0.2,50.46,33.06,0,0,0,0.0,0.0,0,LOW
XYZ20T101431,2026-07-30,24993.2,87.73,92.22,-0.259,71.1,27.79,0,0,0,0.0,0.0,0,LOW
XYZ20T101434,2026-07-30,11487.8,88.52,95.16,0.747,62.87,34.28,0,0,0,0.0454,4.5,0,LOW
XYZ20T101435,2026-07-30,12972.9,80.4,84.28,0.025,65.08,29.57,0,0,0,0.0,0.0,0,LOW
XYZ20T101437,2026-07-30,3345.6,86.82,90.08,-0.143,60.11,31.42,0,0,0,0.0,0.0,0,LOW
XYZ20T101446,2026-07-30,9299.2,81.48,86.78,0.276,53.27,33.95,0,0,0,0.0,0.0,0,LOW
XYZ20T101468,2026-07-30,8379.0,86.44,93.25,0.169,74.38,40.59,0,0,0,0.0,0.0,0,LOW
XYZ20T101479,2026-07-30,1460.8,78.26,81.67,-1.347,40.43,33.72,0,0,0,0.0,0.0,0,LOW
XYZ20T101484,2026-07-30,14468.5,78.1,83.69,0.243,47.09,32.04,0,0,0,0.0,0.0,0,LOW
XYZ20T101491,2026-07-30,13839.9,83.53,89.76,-0.214,73.79,33.65,0,0,0,0.0,0.0,0,LOW
XYZ20T101498,2026-07-30,13513.7,78.76,84.99,-0.109,43.55,30.07,0,0,0,0.0,0.0,0,LOW
XYZ20T101500,2026-07-30,4324.5,81.11,87.38,0.028,56.76,38.12,0,0,0,0.0,0.0,0,LOW
XYZ20T101501,2026-07-30,16350.3,88.29,94.81,-0.153,62.68,31.33,0,0,0,0.0,0.0,0,LOW
XYZ20T101502,2026-07-30,10796.8,79.69,84.65,-0.139,56.61,36.82,0,0,0,0.0,0.0,0,LOW
XYZ20T101504,2026-07-30,7330.5,79.88,86.08,0.589,65.32,35.83,0,0,0,0.0,0.0,0,LOW
XYZ20T101511,2026-07-30,689.7,83.91,89.94,-0.168,68.06,39.83,0,0,0,0.0,0.0,0,LOW
XYZ20T101519,2026-07-30,13934.5,77.9,83.81,-0.076,51.05,30.2,0,0,0,0.0,0.0,0,LOW
XYZ20T101525,2026-07-30,8317.4,86.08,92.43,0.11,43.02,26.57,0,0,0,0.0033,0.3,0,LOW
XYZ20T101526,2026-07-30,1278.3,78.16,83.99,0.199,64.3,32.84,0,0,0,0.0,0.0,0,LOW
XYZ20T101530,2026-07-30,20224.1,83.6,90.46,0.027,61.53,27.81,0,0,0,0.0,0.0,0,LOW
XYZ20T101534,2026-07-30,5933.7,78.95,83.22,-0.343,55.82,33.48,0,0,0,0.0,0.0,0,LOW
XYZ20T101549,2026-07-30,2056.2,77.19,83.88,0.068,58.81,31.15,0,0,0,0.0,0.0,0,LOW
XYZ20T101550,2026-07-30,5118.3,80.64,85.87,0.421,85.6,38.47,0,0,0,0.0,0.0,0,LOW
XYZ20T101551,2026-07-30,637.5,81.08,86.45,-0.403,54.68,29.22,0,0,0,0.0,0.0,0,LOW
XYZ20T101555,2026-07-30,12584.5,87.18,90.25,0.242,63.5,40.59,0,0,0,0.0,0.0,0,LOW
XYZ20T101558,2026-07-30,6173.6,81.73,85.09,0.334,79.41,32.01,0,0,0,0.0,0.0,0,LOW
XYZ20T101562,2026-07-30,14247.6,84.66,89.48,0.564,79.38,35.86,0,0,0,0.0032,0.3,0,LOW
XYZ20T101567,2026-07-30,17254.4,82.16,87.72,-0.171,47.86,32.21,0,0,0,0.0,0.0,0,LOW
XYZ20T101573,2026-07-30,2019.8,87.3,93.63,0.539,67.16,32.63,0,0,0,0.0033,0.3,0,LOW
XYZ20T101582,2026-07-30,15547.1,76.2,80.84,-0.117,41.02,21.82,0,0,0,0.0,0.0,0,LOW
XYZ20T101586,2026-07-30,16456.9,85.98,90.93,0.268,57.96,36.35,0,0,0,0.0,0.0,0,LOW
XYZ20T101593,2026-07-30,419.7,79.1,82.93,0.052,61.59,33.67,0,0,0,0.0,0.0,0,LOW
XYZ20T101594,2026-07-30,12811.6,79.04,84.66,0.193,48.69,30.47,0,0,0,0.0,0.0,0,LOW
XYZ20T101629,2026-07-30,5940.7,81.43,85.1,0.064,59.81,35.02,0,0,0,0.0,0.0,0,LOW
XYZ20T101633,2026-07-30,13144.3,79.45,85.73,0.036,48.47,27.27,0,0,0,0.0,0.0,0,LOW
XYZ20T101659,2026-07-30,6286.3,87.8,93.04,0.089,71.08,38.94,0,0,0,0.0,0.0,0,LOW
XYZ20T101662,2026-07-30,11560.3,80.42,85.03,0.243,70.35,35.6,0,0,0,0.0,0.0,0,LOW
XYZ20T101663,2026-07-30,20885.3,79.3,82.86,-0.028,63.0,32.31,0,0,0,0.0,0.0,0,LOW
XYZ20T101669,2026-07-30,4424.3,84.01,87.14,0.073,70.34,37.8,0,0,0,0.0,0.0,0,LOW
XYZ20T101677,2026-07-30,4201.1,80.89,85.28,-0.125,70.87,27.07,0,0,0,0.0,0.0,0,LOW
XYZ20T101678,2026-07-30,5561.7,78.46,83.49,0.104,51.67,38.18,0,0,0,0.0,0.0,0,LOW
XYZ20T101685,2026-07-30,11687.8,77.96,84.37,0.038,53.81,37.78,0,0,0,0.0,0.0,0,LOW
XYZ20T101692,2026-07-30,481.6,82.11,87.27,0.031,83.05,24.22,0,0,0,0.0,0.0,0,LOW
XYZ20T101693,2026-07-30,22625.9,81.31,86.11,-0.324,68.3,30.81,0,0,0,0.0,0.0,0,LOW
XYZ20T101696,2026-07-30,15692.1,84.88,89.2,-0.329,54.56,28.68,0,0,0,0.0,0.0,0,LOW
XYZ20T101698,2026-07-30,4829.6,83.35,88.22,0.083,71.07,41.75,0,0,0,0.0,0.0,0,LOW
XYZ20T101699,2026-07-30,25007.0,82.07,87.9,0.473,47.03,32.94,0,0,0,0.0,0.0,0,LOW
XYZ20T101702,2026-07-30,2332.2,81.04,85.74,0.654,88.41,36.31,0,0,0,0.0,0.0,0,LOW
XYZ20T101718,2026-07-30,2640.8,83.59,88.49,-0.497,47.75,37.19,0,0,0,0.0,0.0,0,LOW
XYZ20T101728,2026-07-30,618.5,87.17,90.88,-0.041,48.13,37.8,0,0,0,0.0,0.0,0,LOW
XYZ20T101733,2026-07-30,9336.4,89.56,94.69,0.044,75.84,34.19,0,0,0,0.0,0.0,0,LOW
XYZ20T101735,2026-07-30,12634.3,79.18,83.16,-0.34,50.31,37.86,0,0,0,0.0,0.0,0,LOW
XYZ20T101740,2026-07-30,16785.3,81.48,85.45,0.19,56.72,46.15,0,0,0,0.0,0.0,0,LOW
XYZ20T101764,2026-07-30,6414.6,80.9,85.85,0.123,63.41,36.86,0,0,0,0.0,0.0,0,LOW
XYZ20T101767,2026-07-30,1791.3,83.17,89.55,0.227,42.79,29.62,0,0,0,0.0,0.0,0,LOW
XYZ20T101768,2026-07-30,3784.8,87.0,92.16,0.399,90.16,38.65,0,0,0,0.0,0.0,0,LOW
XYZ20T101773,2026-07-30,11744.2,82.57,86.26,-0.023,67.92,35.67,0,0,0,0.0,0.0,0,LOW
XYZ20T101782,2026-07-30,4300.3,83.25,88.7,0.633,64.97,45.74,0,0,0,0.0,0.0,0,LOW
XYZ20T101789,2026-07-30,8780.4,81.23,85.58,0.002,87.43,26.62,0,0,0,0.0,0.0,0,LOW
XYZ20T101790,2026-07-30,4311.3,82.13,88.77,-2.437,43.31,38.41,0,0,0,0.0,0.0,0,LOW
XYZ20T101791,2026-07-30,16848.7,86.76,91.57,-0.029,55.36,37.03,0,0,0,0.0,0.0,0,LOW
XYZ20T101792,2026-07-30,1535.1,84.91,89.12,0.163,52.15,36.74,0,0,0,0.0,0.0,0,LOW
XYZ20T101794,2026-07-30,10867.5,84.65,88.25,-0.519,36.17,35.37,0,0,0,0.0,0.0,0,LOW
XYZ20T101805,2026-07-30,13109.3,83.7,86.9,0.121,73.39,31.85,0,0,0,0.0,0.0,0,LOW
XYZ20T101807,2026-07-30,10036.5,86.45,89.74,0.397,52.94,37.7,0,0,0,0.0,0.0,0,LOW
XYZ20T101809,2026-07-30,11984.3,85.22,90.5,0.02,63.48,34.57,0,0,0,0.0,0.0,0,LOW
XYZ20T101820,2026-07-30,8548.5,84.49,90.33,0.043,67.38,31.57,0,0,0,0.0,0.0,0,LOW
XYZ20T101825,2026-07-30,10370.1,85.71,91.26,-0.045,55.04,40.77,0,0,0,0.0,0.0,0,LOW
XYZ20T101832,2026-07-30,13345.4,81.01,86.54,-0.022,59.74,39.16,0,0,0,0.0,0.0,0,LOW
XYZ20T101838,2026-07-30,12967.0,80.66,86.53,0.022,71.38,31.54,0,0,0,0.0,0.0,0,LOW
XYZ20T101842,2026-07-30,6971.4,77.84,82.33,-0.28,45.64,35.49,0,0,0,0.0,0.0,0,LOW
XYZ20T101848,2026-07-30,22223.1,81.67,87.7,0.239,73.82,28.89,0,0,0,0.0,0.0,0,LOW
XYZ20T101861,2026-07-30,9874.8,76.45,82.48,-0.385,38.13,31.29,0,0,0,0.0,0.0,0,LOW
XYZ20T101862,2026-07-30,7687.9,87.67,93.1,0.387,57.06,36.14,0,0,0,0.0033,0.3,0,LOW
XYZ20T101866,2026-07-30,5573.8,78.23,84.24,-0.327,55.96,32.69,0,0,0,0.0,0.0,0,LOW
XYZ20T101868,2026-07-30,6656.7,80.76,86.45,-0.434,60.65,35.12,0,0,0,0.0,0.0,0,LOW
XYZ20T101869,2026-07-30,4288.5,79.42,83.49,-0.088,59.82,34.35,0,0,0,0.0,0.0,0,LOW
XYZ20T101884,2026-07-30,24976.5,86.07,91.01,0.091,74.84,28.35,0,0,0,0.0,0.0,0,LOW
XYZ20T101886,2026-07-30,2685.2,87.09,93.97,0.148,75.73,33.93,0,0,0,0.0,0.0,0,LOW
XYZ20T101892,2026-07-30,8911.4,79.97,85.45,-0.498,46.6,27.82,0,0,0,0.0,0.0,0,LOW
XYZ20T101897,2026-07-30,20113.0,79.4,84.62,-0.363,57.61,40.45,0,0,0,0.0,0.0,0,LOW
XYZ20T101898,2026-07-30,11988.3,86.72,91.42,0.154,55.95,33.85,0,0,0,0.0,0.0,0,LOW
XYZ20T101900,2026-07-30,25001.0,86.97,93.36,0.597,54.45,36.81,0,0,0,0.0328,3.3,0,LOW
XYZ20T101905,2026-07-30,18321.9,80.62,87.19,-0.166,59.35,31.13,0,0,0,0.0,0.0,0,LOW
XYZ20T101912,2026-07-30,6818.0,79.92,85.53,0.445,55.41,36.19,0,0,0,0.0,0.0,0,LOW
XYZ20T101915,2026-07-30,668.0,92.38,100.08,-0.115,51.67,36.23,0,0,0,0.0395,4.0,0,LOW
XYZ20T101917,2026-07-30,13613.4,82.46,88.2,-0.218,70.52,27.54,0,0,0,0.0,0.0,0,LOW
XYZ20T101921,2026-07-30,15154.2,78.23,83.42,-0.278,59.24,29.17,0,0,0,0.0,0.0,0,LOW
XYZ20T101922,2026-07-30,1338.2,83.14,87.28,-0.82,49.66,30.46,0,0,0,0.0,0.0,0,LOW
XYZ20T101924,2026-07-30,14724.6,78.83,82.57,-0.189,59.96,28.86,0,0,0,0.0,0.0,0,LOW
XYZ20T101928,2026-07-30,14486.7,82.97,88.76,-0.034,62.74,43.04,0,0,0,0.0,0.0,0,LOW
XYZ20T101935,2026-07-30,3659.3,85.79,89.51,0.107,41.97,35.54,0,0,0,0.0,0.0,0,LOW
XYZ20T101946,2026-07-30,9857.2,86.95,93.15,0.164,58.03,30.9,0,0,0,0.0,0.0,0,LOW
XYZ20T101957,2026-07-30,14737.1,77.85,82.87,-0.088,54.75,38.96,0,0,0,0.0,0.0,0,LOW
XYZ20T101958,2026-07-30,25010.8,84.35,87.44,-0.171,45.87,34.05,0,0,0,0.0,0.0,0,LOW
XYZ20T101959,2026-07-30,12804.7,78.16,84.96,-0.068,48.9,36.27,0,0,0,0.0,0.0,0,LOW
XYZ20T101960,2026-07-30,11818.1,78.42,83.4,-0.198,59.77,29.44,0,0,0,0.0,0.0,0,LOW
XYZ20T101964,2026-07-30,3432.7,86.63,91.29,0.007,54.56,39.59,0,0,0,0.0,0.0,0,LOW
XYZ20T101965,2026-07-30,6594.1,80.56,85.02,-0.483,44.65,31.94,0,0,0,0.0,0.0,0,LOW
XYZ20T101978,2026-07-30,18298.6,80.18,86.98,-0.596,53.52,36.48,0,0,0,0.0,0.0,0,LOW
XYZ20T101983,2026-07-30,539.0,81.84,87.97,-0.27,50.13,30.83,0,0,0,0.0,0.0,0,LOW
XYZ20T101996,2026-07-30,11462.9,83.86,87.44,-0.47,61.8,27.56,0,0,0,0.0,0.0,0,LOW
XYZ20T102000,2026-07-30,700.3,85.26,91.29,0.203,67.02,35.82,0,0,0,0.0,0.0,0,LOW
XYZ20T102004,2026-07-30,803.2,81.57,87.24,-0.028,50.99,39.32,0,0,0,0.0,0.0,0,LOW
XYZ20T102009,2026-07-30,23439.5,87.39,93.54,0.01,66.33,39.18,0,0,0,0.0,0.0,0,LOW
XYZ20T102012,2026-07-30,3725.1,81.7,87.5,0.521,59.55,38.25,0,0,0,0.0,0.0,0,LOW
XYZ20T102025,2026-07-30,14614.4,79.97,83.42,0.051,51.36,33.03,0,0,0,0.0,0.0,0,LOW
XYZ20T102026,2026-07-30,2805.4,85.87,91.55,-0.415,68.53,23.36,0,0,0,0.0,0.0,0,LOW
XYZ20T102029,2026-07-30,17131.4,82.75,89.45,-1.135,52.15,36.82,0,0,0,0.0,0.0,0,LOW
XYZ20T102030,2026-07-30,3130.1,87.39,91.17,-0.305,83.68,38.39,0,0,0,0.0,0.0,0,LOW
XYZ20T102031,2026-07-30,2897.7,80.85,85.98,-0.418,50.12,31.74,0,0,0,0.0,0.0,0,LOW
XYZ20T102038,2026-07-30,10789.0,77.6,80.83,-0.285,49.76,25.88,0,0,0,0.0,0.0,0,LOW
XYZ20T102041,2026-07-30,7920.4,81.78,87.59,-0.138,64.34,35.72,0,0,0,0.0,0.0,0,LOW
XYZ20T102046,2026-07-30,6052.0,79.37,82.38,-0.165,30.73,33.23,0,0,0,0.0,0.0,0,LOW
XYZ20T102048,2026-07-30,9365.8,81.28,86.59,-0.647,44.26,31.74,0,0,0,0.0,0.0,0,LOW
XYZ20T102053,2026-07-30,12610.8,81.58,85.49,-0.01,62.47,43.68,0,0,0,0.0,0.0,0,LOW
XYZ20T102054,2026-07-30,14080.0,86.56,90.53,-0.546,64.92,39.92,0,0,0,0.0,0.0,0,LOW
XYZ20T102055,2026-07-30,4375.7,79.74,84.64,0.257,55.54,32.25,0,0,0,0.0,0.0,0,LOW
XYZ20T102060,2026-07-30,10007.9,82.21,88.52,-0.338,33.13,31.63,0,0,0,0.0,0.0,0,LOW
XYZ20T102065,2026-07-30,9046.0,83.42,86.6,-0.141,49.0,37.01,0,0,0,0.0,0.0,0,LOW
XYZ20T102073,2026-07-30,1975.2,85.41,91.56,-0.005,54.83,31.62,0,0,0,0.0,0.0,0,LOW
XYZ20T102090,2026-07-30,10053.7,81.97,88.53,0.018,50.21,25.47,0,0,0,0.0,0.0,0,LOW
XYZ20T102097,2026-07-30,668.5,86.67,93.28,0.136,68.3,31.7,0,0,0,0.0,0.0,0,LOW
XYZ20T102102,2026-07-30,11932.0,82.0,87.31,-0.336,62.09,38.84,0,0,0,0.0,0.0,0,LOW
XYZ20T102103,2026-07-30,4859.0,85.47,91.58,0.312,63.4,40.93,0,0,0,0.0,0.0,0,LOW
XYZ20T102108,2026-07-30,18286.6,87.53,93.01,0.127,62.31,45.24,0,0,0,0.0,0.0,0,LOW
XYZ20T102121,2026-07-30,4081.1,77.84,83.97,0.007,54.11,26.15,0,0,0,0.0,0.0,0,LOW
XYZ20T102127,2026-07-30,5638.9,82.24,88.03,0.072,72.06,31.45,0,0,0,0.0,0.0,0,LOW
XYZ20T102132,2026-07-30,6007.2,78.7,84.84,-1.993,63.48,35.42,0,0,0,0.0,0.0,0,LOW
XYZ20T102138,2026-07-30,2102.5,81.1,85.0,-0.05,76.77,24.44,0,0,0,0.0,0.0,0,LOW
XYZ20T102169,2026-07-30,4422.5,78.53,84.6,0.165,53.58,28.25,0,0,0,0.0,0.0,0,LOW
XYZ20T102176,2026-07-30,1950.4,79.91,84.8,0.014,68.55,36.19,0,0,0,0.0,0.0,0,LOW
XYZ20T102178,2026-07-30,24998.0,80.07,83.31,-0.114,67.4,34.64,0,0,0,0.0,0.0,0,LOW
XYZ20T102182,2026-07-30,18815.6,84.17,89.57,0.179,52.32,31.23,0,0,0,0.0,0.0,0,LOW
XYZ20T102191,2026-07-30,8557.0,79.66,83.45,0.024,30.43,45.29,0,0,0,0.0,0.0,0,LOW
XYZ20T102196,2026-07-30,13913.4,79.43,83.92,-0.049,69.07,22.06,0,0,0,0.0,0.0,0,LOW
XYZ20T102203,2026-07-30,12180.3,79.51,82.58,0.445,53.34,39.82,0,0,0,0.0,0.0,0,LOW
XYZ20T102212,2026-07-30,2763.2,86.3,92.26,0.087,44.2,39.59,0,0,0,0.0,0.0,0,LOW
XYZ20T102214,2026-07-30,19780.2,86.14,92.68,0.071,62.66,24.21,0,0,0,0.0,0.0,0,LOW
XYZ20T102217,2026-07-30,5723.8,80.28,85.78,-0.043,28.63,32.92,0,0,0,0.0,0.0,0,LOW
XYZ20T102223,2026-07-30,12061.1,85.46,91.72,0.236,73.96,30.67,0,0,0,0.0,0.0,0,LOW
XYZ20T102226,2026-07-30,3134.5,84.77,89.72,0.427,58.43,38.98,0,0,0,0.0,0.0,0,LOW
XYZ20T102230,2026-07-30,11767.8,79.85,86.31,-0.117,63.54,34.04,0,0,0,0.0,0.0,0,LOW
XYZ20T102240,2026-07-30,11344.5,87.03,93.51,-2.453,58.51,30.98,0,0,0,0.0,0.0,0,LOW
XYZ20T102251,2026-07-30,12581.3,84.79,87.95,0.589,57.6,43.21,0,0,0,0.0,0.0,0,LOW
XYZ20T102259,2026-07-30,17075.4,81.1,87.23,-0.29,69.23,33.81,0,0,0,0.0,0.0,0,LOW
XYZ20T102267,2026-07-30,11820.5,80.77,84.99,-0.151,58.75,29.58,0,0,0,0.0,0.0,0,LOW
XYZ20T102268,2026-07-30,12566.8,81.12,87.19,0.002,37.43,37.27,0,0,0,0.0,0.0,0,LOW
XYZ20T102285,2026-07-30,19941.2,86.39,91.81,-1.743,64.05,25.42,0,0,0,0.0,0.0,0,LOW
XYZ20T102287,2026-07-30,2870.8,84.66,90.53,-0.37,43.29,32.17,0,0,0,0.0,0.0,0,LOW
XYZ20T102291,2026-07-30,14757.7,82.05,85.35,0.227,75.32,38.02,0,0,0,0.0,0.0,0,LOW
XYZ20T102294,2026-07-30,1620.7,81.97,86.86,0.221,48.96,33.52,0,0,0,0.0,0.0,0,LOW
XYZ20T102325,2026-07-30,14072.1,81.96,86.52,0.088,62.69,31.4,0,0,0,0.0,0.0,0,LOW
XYZ20T102327,2026-07-30,12222.6,83.53,89.5,0.157,48.5,31.65,0,0,0,0.0,0.0,0,LOW
XYZ20T102330,2026-07-30,16434.6,83.69,87.5,-0.082,63.73,40.22,0,0,0,0.0,0.0,0,LOW
XYZ20T102345,2026-07-30,20262.3,86.13,89.2,0.243,56.52,28.14,0,0,0,0.0,0.0,0,LOW
XYZ20T102348,2026-07-30,15416.1,83.85,89.02,0.174,67.89,41.26,0,0,0,0.0033,0.3,0,LOW
XYZ20T102358,2026-07-30,6651.0,78.02,82.34,-0.36,76.88,37.62,0,0,0,0.0,0.0,0,LOW
XYZ20T102367,2026-07-30,3330.5,82.4,86.53,0.123,51.72,35.02,0,0,0,0.0,0.0,0,LOW
XYZ20T102369,2026-07-30,7708.2,81.96,88.3,-2.242,55.61,24.97,0,0,0,0.0,0.0,0,LOW
XYZ20T102373,2026-07-30,4497.5,81.97,86.03,0.088,71.14,27.22,0,0,0,0.0,0.0,0,LOW
XYZ20T102375,2026-07-30,6242.7,79.95,83.21,0.082,72.82,31.6,0,0,0,0.0,0.0,0,LOW
XYZ20T102376,2026-07-30,19695.9,89.52,93.52,0.181,76.52,34.72,0,0,0,0.0,0.0,0,LOW
XYZ20T102389,2026-07-30,7034.5,83.37,87.61,-0.547,44.76,34.41,0,0,0,0.0,0.0,0,LOW
XYZ20T102391,2026-07-30,1685.4,82.51,87.23,0.002,53.59,29.35,0,0,0,0.0,0.0,0,LOW
XYZ20T102392,2026-07-30,14531.2,80.21,85.11,0.013,64.82,26.18,0,0,0,0.0,0.0,0,LOW
XYZ20T102403,2026-07-30,13707.9,84.01,88.43,0.047,57.64,41.33,0,0,0,0.0,0.0,0,LOW
XYZ20T102405,2026-07-30,8379.7,80.71,83.76,0.06,72.43,34.33,0,0,0,0.0,0.0,0,LOW
XYZ20T102413,2026-07-30,10646.4,79.02,85.12,0.077,35.46,32.16,0,0,0,0.0,0.0,0,LOW
XYZ20T102420,2026-07-30,9649.4,85.07,90.43,0.507,44.87,36.69,0,0,0,0.0033,0.3,0,LOW
XYZ20T102424,2026-07-30,13326.1,81.51,87.38,-1.469,56.66,31.61,0,0,0,0.0,0.0,0,LOW
XYZ20T102428,2026-07-30,10457.9,82.73,86.86,-0.065,58.88,35.75,0,0,0,0.0,0.0,0,LOW
XYZ20T102429,2026-07-30,3025.1,88.19,93.41,0.078,54.98,32.56,0,0,0,0.0,0.0,0,LOW
XYZ20T102432,2026-07-30,24995.6,84.47,87.67,0.315,78.88,38.28,0,0,0,0.0,0.0,0,LOW
XYZ20T102436,2026-07-30,1222.3,78.52,83.22,-0.196,54.8,32.77,0,0,0,0.0,0.0,0,LOW
XYZ20T102450,2026-07-30,12152.9,77.6,83.18,0.161,58.44,32.52,0,0,0,0.0,0.0,0,LOW
XYZ20T102452,2026-07-30,17282.4,87.02,91.67,-0.046,53.59,41.42,0,0,0,0.0,0.0,0,LOW
XYZ20T102453,2026-07-30,7050.5,88.0,92.26,-0.774,78.25,34.43,0,0,0,0.0,0.0,0,LOW
XYZ20T102454,2026-07-30,3299.5,79.34,83.6,-0.1,56.85,33.3,0,0,0,0.0,0.0,0,LOW
XYZ20T102457,2026-07-30,7635.9,80.45,84.77,-0.002,63.01,31.06,0,0,0,0.0,0.0,0,LOW
XYZ20T102462,2026-07-30,5813.7,78.04,82.75,-0.019,78.64,27.67,0,0,0,0.0,0.0,0,LOW
XYZ20T102463,2026-07-30,24960.7,82.76,86.51,-0.988,49.21,26.37,0,0,0,0.0,0.0,0,LOW
XYZ20T102471,2026-07-30,4099.6,78.24,83.2,-0.207,71.67,31.11,0,0,0,0.0,0.0,0,LOW
XYZ20T102479,2026-07-30,2796.1,78.42,82.13,-0.448,69.75,30.97,0,0,0,0.0,0.0,0,LOW
XYZ20T102482,2026-07-30,14678.1,83.47,88.77,0.178,77.38,29.97,0,0,0,0.0,0.0,0,LOW
XYZ20T102488,2026-07-30,12474.5,83.22,88.46,0.456,68.25,34.54,0,0,0,0.0,0.0,0,LOW
XYZ20T102491,2026-07-30,6140.1,87.24,92.1,-0.074,38.08,38.21,0,0,0,0.0,0.0,0,LOW
XYZ20T102501,2026-07-30,938.6,86.5,91.14,0.316,58.57,40.42,0,0,0,0.0,0.0,0,LOW
XYZ20T102510,2026-07-30,10661.7,85.66,90.67,0.032,76.15,31.06,0,0,0,0.0,0.0,0,LOW
XYZ20T102517,2026-07-30,11149.8,77.78,81.05,-0.159,55.02,29.48,0,0,0,0.0,0.0,0,LOW
XYZ20T102524,2026-07-30,1213.9,81.84,86.55,-0.255,74.13,46.74,0,0,0,0.0,0.0,0,LOW
XYZ20T102527,2026-07-30,20327.2,88.85,92.44,0.07,75.81,38.24,0,0,0,0.0,0.0,0,LOW
XYZ20T102528,2026-07-30,14440.3,85.42,89.57,0.134,66.54,40.85,0,0,0,0.0,0.0,0,LOW
XYZ20T102545,2026-07-30,24273.3,79.1,83.32,-0.046,71.36,36.56,0,0,0,0.0,0.0,0,LOW
XYZ20T102555,2026-07-30,11248.1,87.14,93.86,-0.167,83.13,36.82,0,0,0,0.0,0.0,0,LOW
XYZ20T102557,2026-07-30,22322.5,81.28,86.76,0.316,46.45,38.52,0,0,0,0.0,0.0,0,LOW
XYZ20T102561,2026-07-30,4666.2,86.89,90.58,0.293,52.66,36.07,0,0,0,0.0,0.0,0,LOW
XYZ20T102562,2026-07-30,394.0,78.74,82.25,0.364,47.43,34.73,0,0,0,0.0,0.0,0,LOW
XYZ20T102568,2026-07-30,17699.6,82.18,85.45,0.024,58.27,37.36,0,0,0,0.0,0.0,0,LOW
XYZ20T102572,2026-07-30,8630.8,76.86,81.7,-0.058,53.79,38.01,0,0,0,0.0,0.0,0,LOW
XYZ20T102578,2026-07-30,3794.7,79.7,85.68,0.01,46.46,32.73,0,0,0,0.0,0.0,0,LOW
XYZ20T102582,2026-07-30,11969.3,74.42,80.78,-0.355,41.46,20.25,0,0,0,0.0,0.0,0,LOW
XYZ20T102587,2026-07-30,1553.2,85.5,89.0,-0.476,58.97,38.61,0,0,0,0.0,0.0,0,LOW
XYZ20T102591,2026-07-30,18019.2,87.16,93.89,0.555,46.28,36.74,0,0,0,0.0424,4.2,0,LOW
XYZ20T102597,2026-07-30,6773.3,80.31,86.95,-0.056,60.58,36.99,0,0,0,0.0,0.0,0,LOW
XYZ20T102600,2026-07-30,1163.3,79.0,82.15,0.135,66.19,36.02,0,0,0,0.0,0.0,0,LOW
XYZ20T102605,2026-07-30,23303.6,77.62,84.12,-0.236,59.79,35.57,0,0,0,0.0,0.0,0,LOW
XYZ20T102622,2026-07-30,1206.0,79.76,85.05,-0.059,63.83,27.16,0,0,0,0.0,0.0,0,LOW
XYZ20T102626,2026-07-30,15385.0,86.89,92.31,-0.065,50.3,38.89,0,0,0,0.0,0.0,0,LOW
XYZ20T102629,2026-07-30,11379.9,80.1,83.53,-0.012,67.67,39.82,0,0,0,0.0,0.0,0,LOW
XYZ20T102634,2026-07-30,17878.7,85.91,92.71,0.089,62.06,34.79,0,0,0,0.0,0.0,0,LOW
XYZ20T102639,2026-07-30,17266.0,79.25,84.67,-0.069,54.2,38.88,0,0,0,0.0,0.0,0,LOW
XYZ20T102640,2026-07-30,5967.3,83.14,86.96,-0.131,51.9,26.82,0,0,0,0.0,0.0,0,LOW
XYZ20T102642,2026-07-30,17193.3,79.07,85.91,0.046,44.59,35.45,0,0,0,0.0,0.0,0,LOW
XYZ20T102643,2026-07-30,13656.9,82.28,85.42,0.152,66.97,38.09,0,0,0,0.0,0.0,0,LOW
XYZ20T102649,2026-07-30,16249.8,86.16,90.24,0.491,51.6,43.62,0,0,0,0.0,0.0,0,LOW
XYZ20T102652,2026-07-30,11006.1,78.99,83.6,0.273,67.53,29.17,0,0,0,0.0,0.0,0,LOW
XYZ20T102669,2026-07-30,9875.5,83.2,87.27,-1.408,43.41,32.79,0,0,0,0.0,0.0,0,LOW
XYZ20T102674,2026-07-30,5762.0,80.9,86.39,0.062,59.3,29.58,0,0,0,0.0,0.0,0,LOW
XYZ20T102675,2026-07-30,4077.2,89.51,95.78,0.306,65.6,42.32,0,0,0,0.0,0.0,0,LOW
XYZ20T102688,2026-07-30,23408.2,79.88,83.19,0.121,77.66,25.71,0,0,0,0.0,0.0,0,LOW
XYZ20T102691,2026-07-30,3556.0,77.88,83.28,0.289,57.27,39.15,0,0,0,0.0,0.0,0,LOW
XYZ20T102694,2026-07-30,10292.7,84.25,90.51,-1.385,56.65,28.8,0,0,0,0.0,0.0,0,LOW
XYZ20T102695,2026-07-30,2935.4,84.03,88.71,0.496,56.64,33.57,0,0,0,0.0,0.0,0,LOW
XYZ20T102696,2026-07-30,10460.6,80.73,84.98,0.451,57.58,44.23,0,0,0,0.0,0.0,0,LOW
XYZ20T102701,2026-07-30,9335.5,86.33,89.79,-2.093,66.33,34.83,0,0,0,0.0,0.0,0,LOW
XYZ20T102703,2026-07-30,18705.2,83.77,89.07,-0.435,45.91,30.82,0,0,0,0.0,0.0,0,LOW
XYZ20T102704,2026-07-30,9364.9,82.36,86.53,-0.044,44.4,33.58,0,0,0,0.0,0.0,0,LOW
XYZ20T102706,2026-07-30,13316.3,82.46,85.92,0.246,67.91,22.76,0,0,0,0.0,0.0,0,LOW
XYZ20T102709,2026-07-30,679.3,83.89,90.59,-0.202,62.56,34.49,0,0,0,0.0,0.0,0,LOW
XYZ20T102713,2026-07-30,22068.1,84.44,87.71,0.727,67.37,36.78,0,0,0,0.0,0.0,0,LOW
XYZ20T102714,2026-07-30,4543.1,81.28,88.07,-0.044,69.13,30.79,0,0,0,0.0,0.0,0,LOW
XYZ20T102716,2026-07-30,17694.0,80.96,84.93,-0.187,67.37,23.02,0,0,0,0.0,0.0,0,LOW
XYZ20T102719,2026-07-30,13441.0,85.3,89.58,-0.18,59.88,33.35,0,0,0,0.0,0.0,0,LOW
XYZ20T102730,2026-07-30,10433.1,81.66,87.47,-0.209,43.01,22.8,0,0,0,0.0,0.0,0,LOW
XYZ20T102734,2026-07-30,1045.7,85.54,89.06,-0.311,69.05,42.02,0,0,0,0.0,0.0,0,LOW
XYZ20T102735,2026-07-30,10587.1,88.02,93.37,0.062,76.11,35.85,0,0,0,0.0,0.0,0,LOW
XYZ20T102745,2026-07-30,20217.3,82.17,86.44,0.55,74.1,38.01,0,0,0,0.0,0.0,0,LOW
XYZ20T102761,2026-07-30,18484.1,79.51,85.79,0.189,66.46,33.23,0,0,0,0.0,0.0,0,LOW
XYZ20T102763,2026-07-30,16157.6,89.09,95.18,-0.698,51.52,31.93,0,0,0,0.0066,0.7,0,LOW
XYZ20T102764,2026-07-30,17095.9,86.21,93.04,-0.086,60.38,34.88,0,0,0,0.0,0.0,0,LOW
XYZ20T102770,2026-07-30,11915.5,84.83,88.8,-0.285,51.68,37.45,0,0,0,0.0,0.0,0,LOW
XYZ20T102772,2026-07-30,1831.0,80.23,85.18,0.037,63.33,33.53,0,0,0,0.0,0.0,0,LOW
XYZ20T102784,2026-07-30,11432.4,82.29,87.12,0.071,80.47,26.94,0,0,0,0.0,0.0,0,LOW
XYZ20T102790,2026-07-30,23259.3,84.3,90.73,-0.373,76.41,27.53,0,0,0,0.0,0.0,0,LOW
XYZ20T102791,2026-07-30,6859.7,81.24,85.3,0.429,48.67,35.33,0,0,0,0.0,0.0,0,LOW
XYZ20T102798,2026-07-30,9887.7,90.43,94.59,0.591,73.23,27.74,0,0,0,0.0,0.0,0,LOW
XYZ20T102805,2026-07-30,8544.7,83.09,88.88,0.013,69.46,42.05,0,0,0,0.0,0.0,0,LOW
XYZ20T102806,2026-07-30,16377.3,81.3,88.27,-0.783,70.88,38.51,0,0,0,0.0,0.0,0,LOW
XYZ20T102814,2026-07-30,3717.7,82.31,87.18,-0.034,71.71,29.83,0,0,0,0.0,0.0,0,LOW
XYZ20T102815,2026-07-30,16737.0,87.27,90.74,0.134,59.8,28.64,0,0,0,0.0,0.0,0,LOW
XYZ20T102820,2026-07-30,2954.4,83.04,89.7,-0.021,46.31,34.62,0,0,0,0.0,0.0,0,LOW
XYZ20T102825,2026-07-30,14020.2,83.19,86.69,-0.581,58.77,24.7,0,0,0,0.0,0.0,0,LOW
XYZ20T102833,2026-07-30,14519.1,78.0,82.62,-0.629,48.52,31.85,0,0,0,0.0,0.0,0,LOW
XYZ20T102834,2026-07-30,586.7,86.26,92.2,-1.292,61.72,30.72,0,0,0,0.0,0.0,0,LOW
XYZ20T102841,2026-07-30,2249.7,89.77,93.66,0.313,65.34,39.7,0,0,0,0.0,0.0,0,LOW
XYZ20T102845,2026-07-30,14298.6,84.42,87.8,-0.47,53.58,30.84,0,0,0,0.0,0.0,0,LOW
XYZ20T102855,2026-07-30,1777.2,85.94,91.37,-0.018,74.2,32.45,0,0,0,0.0,0.0,0,LOW
XYZ20T102856,2026-07-30,2699.2,79.79,83.72,-0.521,37.2,33.9,0,0,0,0.0,0.0,0,LOW
XYZ20T102885,2026-07-30,8227.8,85.52,88.65,0.14,60.92,34.2,0,0,0,0.0,0.0,0,LOW
XYZ20T102891,2026-07-30,7905.6,82.63,88.68,0.243,43.33,42.83,0,0,0,0.0,0.0,0,LOW
XYZ20T102896,2026-07-30,1000.0,85.25,91.0,0.245,53.15,47.92,0,0,0,0.0,0.0,0,LOW
XYZ20T102903,2026-07-30,1637.4,86.41,91.98,0.483,69.5,35.04,0,0,0,0.0,0.0,0,LOW
XYZ20T102904,2026-07-30,4206.1,80.29,83.75,-0.358,76.13,32.33,0,0,0,0.0,0.0,0,LOW
XYZ20T102907,2026-07-30,4244.4,90.83,95.46,0.374,81.58,38.25,0,0,0,0.0,0.0,0,LOW
XYZ20T102910,2026-07-30,5705.9,87.33,92.41,0.42,64.12,35.38,0,0,0,0.0,0.0,0,LOW
XYZ20T102912,2026-07-30,3949.7,85.29,90.65,-2.291,38.93,27.0,0,0,0,0.0,0.0,0,LOW
XYZ20T102919,2026-07-30,10974.8,80.38,86.28,-0.177,66.57,31.58,0,0,0,0.0,0.0,0,LOW
XYZ20T102924,2026-07-30,13314.1,87.05,92.25,0.068,58.12,28.33,0,0,0,0.0,0.0,0,LOW
XYZ20T102929,2026-07-30,7994.0,76.12,79.32,-0.236,33.34,34.01,0,0,0,0.0,0.0,0,LOW
XYZ20T102933,2026-07-30,8094.2,83.67,89.99,-0.084,53.6,33.6,0,0,0,0.0,0.0,0,LOW
XYZ20T102934,2026-07-30,5418.6,82.25,88.14,0.168,60.52,33.21,0,0,0,0.0,0.0,0,LOW
XYZ20T102941,2026-07-30,2539.2,80.5,83.85,-0.687,59.91,31.45,0,0,0,0.0,0.0,0,LOW
XYZ20T102944,2026-07-30,6022.1,84.08,89.27,0.539,46.02,33.74,0,0,0,0.0033,0.3,0,LOW
XYZ20T102950,2026-07-30,12144.7,78.39,85.11,-0.603,42.7,33.4,0,0,0,0.0,0.0,0,LOW
XYZ20T102956,2026-07-30,12991.9,84.67,88.14,0.019,69.71,31.6,0,0,0,0.0,0.0,0,LOW
XYZ20T102960,2026-07-30,4073.1,82.63,88.87,0.368,41.12,31.32,0,0,0,0.0,0.0,0,LOW
XYZ20T102963,2026-07-30,15834.8,81.16,86.45,0.2,54.85,31.4,0,0,0,0.0,0.0,0,LOW
XYZ20T102974,2026-07-30,16444.1,86.55,93.45,0.039,44.78,36.8,0,0,0,0.0,0.0,0,LOW
XYZ20T102998,2026-07-30,1938.0,79.38,84.59,-0.023,63.32,33.14,0,0,0,0.0,0.0,0,LOW
XYZ20T102999,2026-07-30,6716.9,80.69,84.34,-0.782,58.15,34.08,0,0,0,0.0,0.0,0,LOW
XYZ20T103000,2026-07-30,1302.2,87.04,92.69,0.324,55.88,30.53,0,0,0,0.0,0.0,0,LOW
XYZ20T103005,2026-07-30,1979.0,88.82,92.21,0.183,76.24,38.85,0,0,0,0.0,0.0,0,LOW
XYZ20T103006,2026-07-30,2650.6,83.12,86.52,0.139,64.33,40.57,0,0,0,0.0,0.0,0,LOW
XYZ20T103009,2026-07-30,1651.5,88.26,94.29,-1.677,61.82,46.35,0,0,0,0.0,0.0,0,LOW
XYZ20T103011,2026-07-30,3808.4,80.58,85.14,0.058,31.45,34.28,0,0,0,0.0,0.0,0,LOW
XYZ20T103017,2026-07-30,8238.2,88.23,93.98,0.398,52.49,39.97,0,0,0,0.0,0.0,0,LOW
XYZ20T103019,2026-07-30,19473.5,79.65,85.52,-0.239,68.83,29.01,0,0,0,0.0,0.0,0,LOW
XYZ20T103021,2026-07-30,11482.0,81.52,84.58,0.015,37.58,32.56,0,0,0,0.0,0.0,0,LOW
XYZ20T103031,2026-07-30,6539.9,81.51,87.17,-0.046,51.81,35.0,0,0,0,0.0,0.0,0,LOW
XYZ20T103039,2026-07-30,19232.7,87.31,94.25,0.471,72.48,40.09,0,0,0,0.0,0.0,0,LOW
XYZ20T103046,2026-07-30,7243.4,77.34,80.58,-0.08,49.41,38.22,0,0,0,0.0,0.0,0,LOW
XYZ20T103050,2026-07-30,1548.6,82.24,86.58,-0.076,59.26,35.14,0,0,0,0.0,0.0,0,LOW
XYZ20T103052,2026-07-30,14866.0,83.92,92.48,0.061,57.88,28.7,0,0,0,0.0199,2.0,0,LOW
XYZ20T103056,2026-07-30,3877.3,84.05,87.58,0.313,59.73,40.58,0,0,0,0.0,0.0,0,LOW
XYZ20T103059,2026-07-30,15426.8,86.61,91.7,0.072,52.55,39.69,0,0,0,0.0,0.0,0,LOW
XYZ20T103061,2026-07-30,7262.8,79.82,84.41,0.096,81.95,29.51,0,0,0,0.0,0.0,0,LOW
XYZ20T103065,2026-07-30,11487.1,89.59,93.07,0.028,78.06,40.72,0,0,0,0.0,0.0,0,LOW
XYZ20T103073,2026-07-30,6948.0,75.97,81.11,0.287,65.52,29.04,0,0,0,0.0,0.0,0,LOW
XYZ20T103077,2026-07-30,13447.4,79.29,85.63,0.089,44.14,22.1,0,0,0,0.0,0.0,0,LOW
XYZ20T103080,2026-07-30,4655.3,81.14,84.86,0.127,54.95,42.0,0,0,0,0.0,0.0,0,LOW
XYZ20T103081,2026-07-30,14431.7,89.76,97.68,0.459,77.56,26.73,0,0,0,0.0033,0.3,0,LOW
XYZ20T103084,2026-07-30,25018.4,82.24,87.59,-0.05,63.31,28.07,0,0,0,0.0,0.0,0,LOW
XYZ20T103090,2026-07-30,5018.3,86.74,90.07,0.081,63.41,31.34,0,0,0,0.0,0.0,0,LOW
XYZ20T103091,2026-07-30,11118.0,80.09,83.5,-0.017,58.32,30.33,0,0,0,0.0,0.0,0,LOW
XYZ20T103092,2026-07-30,13307.2,80.71,84.83,-0.309,60.68,39.41,0,0,0,0.0,0.0,0,LOW
XYZ20T103101,2026-07-30,22705.5,78.52,84.43,-0.4,36.74,35.4,0,0,0,0.0,0.0,0,LOW
XYZ20T103103,2026-07-30,1050.0,81.74,88.47,-0.103,66.03,29.8,0,0,0,0.0,0.0,0,LOW
XYZ20T103112,2026-07-30,12626.6,81.43,85.4,-0.066,74.04,28.02,0,0,0,0.0,0.0,0,LOW
XYZ20T103115,2026-07-30,5233.8,79.05,82.93,-1.242,68.95,25.66,0,0,0,0.0,0.0,0,LOW
XYZ20T103116,2026-07-30,17345.3,80.52,84.52,-0.458,62.81,31.7,0,0,0,0.0,0.0,0,LOW
XYZ20T103122,2026-07-30,3174.2,83.87,86.95,0.142,71.54,30.0,0,0,0,0.0,0.0,0,LOW
XYZ20T103123,2026-07-30,6086.2,82.6,89.11,0.356,51.27,33.43,0,0,0,0.0,0.0,0,LOW
XYZ20T103140,2026-07-30,12694.8,80.6,87.47,0.014,53.43,33.89,0,0,0,0.0,0.0,0,LOW
XYZ20T103159,2026-07-30,3400.8,80.54,83.9,-0.202,48.1,37.92,0,0,0,0.0,0.0,0,LOW
XYZ20T103161,2026-07-30,5106.5,86.1,93.0,-0.264,62.79,28.5,0,0,0,0.0,0.0,0,LOW
XYZ20T103165,2026-07-30,13189.4,82.5,86.34,-0.058,61.93,37.65,0,0,0,0.0,0.0,0,LOW
XYZ20T103166,2026-07-30,4804.9,81.55,86.32,0.17,42.85,30.97,0,0,0,0.0,0.0,0,LOW
XYZ20T103168,2026-07-30,13320.4,84.02,88.89,0.215,68.85,36.11,0,0,0,0.0,0.0,0,LOW
XYZ20T103169,2026-07-30,4710.0,78.79,84.88,0.082,43.7,26.49,0,0,0,0.0,0.0,0,LOW
XYZ20T103189,2026-07-30,13849.9,85.33,90.36,0.638,74.14,35.97,0,0,0,0.0032,0.3,0,LOW
XYZ20T103192,2026-07-30,14283.6,85.16,91.07,0.03,57.4,42.75,0,0,0,0.0,0.0,0,LOW
XYZ20T103197,2026-07-30,12512.3,82.17,87.69,-0.032,70.37,33.36,0,0,0,0.0,0.0,0,LOW
